{
  "baseline_auc": 0.8058823529411765,
  "max_contribution": 0.01601307189542489,
  "mean_contribution": 0.0022222222222222365,
  "size_contribution_correlation": -0.3770385070516686
}