{
  "baseline_auc": 0.8042483660130719,
  "max_contribution": 0.018954248366013116,
  "mean_contribution": 0.003660130718954302,
  "size_contribution_correlation": -0.4527790279990217
}