Seed,ClientCount,Alpha,Epsilon,Method,AUC
42,3,10.0,0.5,FedAvg,0.6979166666666667
42,3,10.0,0.5,FedProx,0.7083333333333334
43,3,10.0,0.5,FedAvg,0.6496212121212122
43,3,10.0,0.5,FedProx,0.6543560606060607
44,3,10.0,0.5,FedAvg,0.4981060606060606
44,3,10.0,0.5,FedProx,0.49715909090909094
45,3,10.0,0.5,FedAvg,0.5473484848484849
45,3,10.0,0.5,FedProx,0.543560606060606
46,3,10.0,0.5,FedAvg,0.6505681818181819
46,3,10.0,0.5,FedProx,0.646780303030303
47,3,10.0,0.5,FedAvg,0.6344696969696969
47,3,10.0,0.5,FedProx,0.6373106060606061
48,3,10.0,0.5,FedAvg,0.6448863636363636
48,3,10.0,0.5,FedProx,0.6420454545454545
49,3,10.0,0.5,FedAvg,0.5899621212121211
49,3,10.0,0.5,FedProx,0.5871212121212122
50,3,10.0,0.5,FedAvg,0.553030303030303
50,3,10.0,0.5,FedProx,0.5511363636363636
51,3,10.0,0.5,FedAvg,0.6268939393939394
51,3,10.0,0.5,FedProx,0.6297348484848485
52,3,10.0,0.5,FedAvg,0.6875
52,3,10.0,0.5,FedProx,0.6884469696969697
53,3,10.0,0.5,FedAvg,0.6638257575757576
53,3,10.0,0.5,FedProx,0.6590909090909092
54,3,10.0,0.5,FedAvg,0.45170454545454547
54,3,10.0,0.5,FedProx,0.4412878787878788
55,3,10.0,0.5,FedAvg,0.5104166666666666
55,3,10.0,0.5,FedProx,0.5028409090909092
56,3,10.0,0.5,FedAvg,0.6079545454545454
56,3,10.0,0.5,FedProx,0.6060606060606061
57,3,10.0,0.5,FedAvg,0.6164772727272727
57,3,10.0,0.5,FedProx,0.615530303030303
58,3,10.0,0.5,FedAvg,0.6770833333333333
58,3,10.0,0.5,FedProx,0.6761363636363635
59,3,10.0,0.5,FedAvg,0.606060606060606
59,3,10.0,0.5,FedProx,0.6089015151515151
60,3,10.0,0.5,FedAvg,0.6003787878787878
60,3,10.0,0.5,FedProx,0.6013257575757576
61,3,10.0,0.5,FedAvg,0.5814393939393939
61,3,10.0,0.5,FedProx,0.5975378787878788
42,3,10.0,1.0,FedAvg,0.7462121212121213
42,3,10.0,1.0,FedProx,0.7518939393939394
43,3,10.0,1.0,FedAvg,0.706439393939394
43,3,10.0,1.0,FedProx,0.7111742424242424
44,3,10.0,1.0,FedAvg,0.6089015151515151
44,3,10.0,1.0,FedProx,0.6164772727272727
45,3,10.0,1.0,FedAvg,0.6619318181818182
45,3,10.0,1.0,FedProx,0.6619318181818182
46,3,10.0,1.0,FedAvg,0.7225378787878788
46,3,10.0,1.0,FedProx,0.725378787878788
47,3,10.0,1.0,FedAvg,0.6619318181818182
47,3,10.0,1.0,FedProx,0.665719696969697
48,3,10.0,1.0,FedAvg,0.6714015151515151
48,3,10.0,1.0,FedProx,0.6761363636363636
49,3,10.0,1.0,FedAvg,0.6477272727272727
49,3,10.0,1.0,FedProx,0.6524621212121212
50,3,10.0,1.0,FedAvg,0.6628787878787878
50,3,10.0,1.0,FedProx,0.6600378787878788
51,3,10.0,1.0,FedAvg,0.6818181818181819
51,3,10.0,1.0,FedProx,0.6893939393939394
52,3,10.0,1.0,FedAvg,0.7424242424242424
52,3,10.0,1.0,FedProx,0.7424242424242424
53,3,10.0,1.0,FedAvg,0.7178030303030303
53,3,10.0,1.0,FedProx,0.7178030303030303
54,3,10.0,1.0,FedAvg,0.5757575757575757
54,3,10.0,1.0,FedProx,0.5729166666666667
55,3,10.0,1.0,FedAvg,0.6354166666666666
55,3,10.0,1.0,FedProx,0.6287878787878788
56,3,10.0,1.0,FedAvg,0.6808712121212122
56,3,10.0,1.0,FedProx,0.678030303030303
57,3,10.0,1.0,FedAvg,0.6534090909090909
57,3,10.0,1.0,FedProx,0.6543560606060606
58,3,10.0,1.0,FedAvg,0.6979166666666667
58,3,10.0,1.0,FedProx,0.6998106060606062
59,3,10.0,1.0,FedAvg,0.6571969696969697
59,3,10.0,1.0,FedProx,0.6628787878787878
60,3,10.0,1.0,FedAvg,0.6837121212121211
60,3,10.0,1.0,FedProx,0.6893939393939394
61,3,10.0,1.0,FedAvg,0.6543560606060606
61,3,10.0,1.0,FedProx,0.6609848484848485
42,3,10.0,2.0,FedAvg,0.7623106060606062
42,3,10.0,2.0,FedProx,0.7651515151515151
43,3,10.0,2.0,FedAvg,0.7528409090909092
43,3,10.0,2.0,FedProx,0.7556818181818181
44,3,10.0,2.0,FedAvg,0.7206439393939394
44,3,10.0,2.0,FedProx,0.7206439393939394
45,3,10.0,2.0,FedAvg,0.7244318181818182
45,3,10.0,2.0,FedProx,0.7272727272727272
46,3,10.0,2.0,FedAvg,0.743371212121212
46,3,10.0,2.0,FedProx,0.7443181818181818
47,3,10.0,2.0,FedAvg,0.7159090909090909
47,3,10.0,2.0,FedProx,0.7178030303030303
48,3,10.0,2.0,FedAvg,0.7196969696969696
48,3,10.0,2.0,FedProx,0.7244318181818182
49,3,10.0,2.0,FedAvg,0.6998106060606061
49,3,10.0,2.0,FedProx,0.7045454545454546
50,3,10.0,2.0,FedAvg,0.7244318181818181
50,3,10.0,2.0,FedProx,0.7263257575757576
51,3,10.0,2.0,FedAvg,0.7443181818181819
51,3,10.0,2.0,FedProx,0.7452651515151516
52,3,10.0,2.0,FedAvg,0.7708333333333334
52,3,10.0,2.0,FedProx,0.7708333333333333
53,3,10.0,2.0,FedAvg,0.759469696969697
53,3,10.0,2.0,FedProx,0.7575757575757576
54,3,10.0,2.0,FedAvg,0.6903409090909092
54,3,10.0,2.0,FedProx,0.6931818181818181
55,3,10.0,2.0,FedAvg,0.71875
55,3,10.0,2.0,FedProx,0.7178030303030304
56,3,10.0,2.0,FedAvg,0.7253787878787877
56,3,10.0,2.0,FedProx,0.7263257575757575
57,3,10.0,2.0,FedAvg,0.7054924242424243
57,3,10.0,2.0,FedProx,0.7073863636363635
58,3,10.0,2.0,FedAvg,0.7282196969696969
58,3,10.0,2.0,FedProx,0.7329545454545455
59,3,10.0,2.0,FedAvg,0.7045454545454546
59,3,10.0,2.0,FedProx,0.709280303030303
60,3,10.0,2.0,FedAvg,0.7196969696969697
60,3,10.0,2.0,FedProx,0.71875
61,3,10.0,2.0,FedAvg,0.71875
61,3,10.0,2.0,FedProx,0.7234848484848485
42,3,10.0,5.0,FedAvg,0.7651515151515151
42,3,10.0,5.0,FedProx,0.7604166666666667
43,3,10.0,5.0,FedAvg,0.7575757575757576
43,3,10.0,5.0,FedProx,0.7537878787878789
44,3,10.0,5.0,FedAvg,0.7585227272727273
44,3,10.0,5.0,FedProx,0.7604166666666667
45,3,10.0,5.0,FedAvg,0.7509469696969697
45,3,10.0,5.0,FedProx,0.7509469696969697
46,3,10.0,5.0,FedAvg,0.7566287878787878
46,3,10.0,5.0,FedProx,0.7575757575757576
47,3,10.0,5.0,FedAvg,0.7443181818181818
47,3,10.0,5.0,FedProx,0.7443181818181818
48,3,10.0,5.0,FedAvg,0.7509469696969696
48,3,10.0,5.0,FedProx,0.7528409090909091
49,3,10.0,5.0,FedAvg,0.7310606060606061
49,3,10.0,5.0,FedProx,0.7329545454545455
50,3,10.0,5.0,FedAvg,0.7395833333333333
50,3,10.0,5.0,FedProx,0.740530303030303
51,3,10.0,5.0,FedAvg,0.7566287878787878
51,3,10.0,5.0,FedProx,0.759469696969697
52,3,10.0,5.0,FedAvg,0.7623106060606062
52,3,10.0,5.0,FedProx,0.7632575757575758
53,3,10.0,5.0,FedAvg,0.7670454545454546
53,3,10.0,5.0,FedProx,0.768939393939394
54,3,10.0,5.0,FedAvg,0.7424242424242424
54,3,10.0,5.0,FedProx,0.7424242424242424
55,3,10.0,5.0,FedAvg,0.7452651515151516
55,3,10.0,5.0,FedProx,0.7452651515151516
56,3,10.0,5.0,FedAvg,0.7329545454545454
56,3,10.0,5.0,FedProx,0.7329545454545454
57,3,10.0,5.0,FedAvg,0.7414772727272727
57,3,10.0,5.0,FedProx,0.7424242424242424
58,3,10.0,5.0,FedAvg,0.7509469696969696
58,3,10.0,5.0,FedProx,0.7518939393939394
59,3,10.0,5.0,FedAvg,0.7414772727272727
59,3,10.0,5.0,FedProx,0.7433712121212122
60,3,10.0,5.0,FedAvg,0.7357954545454546
60,3,10.0,5.0,FedProx,0.7386363636363638
61,3,10.0,5.0,FedAvg,0.740530303030303
61,3,10.0,5.0,FedProx,0.7414772727272727
42,3,10.0,10.0,FedAvg,0.7585227272727273
42,3,10.0,10.0,FedProx,0.7585227272727273
43,3,10.0,10.0,FedAvg,0.7537878787878789
43,3,10.0,10.0,FedProx,0.7528409090909092
44,3,10.0,10.0,FedAvg,0.7604166666666666
44,3,10.0,10.0,FedProx,0.7613636363636364
45,3,10.0,10.0,FedAvg,0.7490530303030303
45,3,10.0,10.0,FedProx,0.7452651515151515
46,3,10.0,10.0,FedAvg,0.7585227272727273
46,3,10.0,10.0,FedProx,0.7585227272727273
47,3,10.0,10.0,FedAvg,0.7547348484848485
47,3,10.0,10.0,FedProx,0.7537878787878788
48,3,10.0,10.0,FedAvg,0.7490530303030304
48,3,10.0,10.0,FedProx,0.7462121212121212
49,3,10.0,10.0,FedAvg,0.7357954545454546
49,3,10.0,10.0,FedProx,0.7367424242424243
50,3,10.0,10.0,FedAvg,0.7443181818181817
50,3,10.0,10.0,FedProx,0.7452651515151514
51,3,10.0,10.0,FedAvg,0.7490530303030303
51,3,10.0,10.0,FedProx,0.75
52,3,10.0,10.0,FedAvg,0.7604166666666667
52,3,10.0,10.0,FedProx,0.7613636363636365
53,3,10.0,10.0,FedAvg,0.7623106060606061
53,3,10.0,10.0,FedProx,0.7613636363636365
54,3,10.0,10.0,FedAvg,0.7462121212121213
54,3,10.0,10.0,FedProx,0.7481060606060608
55,3,10.0,10.0,FedAvg,0.7490530303030303
55,3,10.0,10.0,FedProx,0.7509469696969697
56,3,10.0,10.0,FedAvg,0.7414772727272727
56,3,10.0,10.0,FedProx,0.7405303030303031
57,3,10.0,10.0,FedAvg,0.7528409090909091
57,3,10.0,10.0,FedProx,0.7528409090909091
58,3,10.0,10.0,FedAvg,0.7604166666666667
58,3,10.0,10.0,FedProx,0.7613636363636365
59,3,10.0,10.0,FedAvg,0.75
59,3,10.0,10.0,FedProx,0.7500000000000002
60,3,10.0,10.0,FedAvg,0.7433712121212122
60,3,10.0,10.0,FedProx,0.7443181818181818
61,3,10.0,10.0,FedAvg,0.7490530303030304
61,3,10.0,10.0,FedProx,0.7481060606060607
42,3,1.0,0.5,FedAvg,0.7007575757575758
42,3,1.0,0.5,FedProx,0.706439393939394
43,3,1.0,0.5,FedAvg,0.6515151515151516
43,3,1.0,0.5,FedProx,0.6524621212121212
44,3,1.0,0.5,FedAvg,0.4990530303030303
44,3,1.0,0.5,FedProx,0.49810606060606055
45,3,1.0,0.5,FedAvg,0.5473484848484849
45,3,1.0,0.5,FedProx,0.5454545454545454
46,3,1.0,0.5,FedAvg,0.6515151515151515
46,3,1.0,0.5,FedProx,0.6496212121212122
47,3,1.0,0.5,FedAvg,0.6354166666666666
47,3,1.0,0.5,FedProx,0.6363636363636364
48,3,1.0,0.5,FedAvg,0.6458333333333333
48,3,1.0,0.5,FedProx,0.6420454545454545
49,3,1.0,0.5,FedAvg,0.5975378787878787
49,3,1.0,0.5,FedProx,0.5909090909090908
50,3,1.0,0.5,FedAvg,0.5511363636363636
50,3,1.0,0.5,FedProx,0.5473484848484848
51,3,1.0,0.5,FedAvg,0.6268939393939394
51,3,1.0,0.5,FedProx,0.6287878787878788
52,3,1.0,0.5,FedAvg,0.6865530303030303
52,3,1.0,0.5,FedProx,0.6893939393939394
53,3,1.0,0.5,FedAvg,0.6638257575757576
53,3,1.0,0.5,FedProx,0.6600378787878788
54,3,1.0,0.5,FedAvg,0.45170454545454547
54,3,1.0,0.5,FedProx,0.4403409090909091
55,3,1.0,0.5,FedAvg,0.509469696969697
55,3,1.0,0.5,FedProx,0.5037878787878787
56,3,1.0,0.5,FedAvg,0.6079545454545454
56,3,1.0,0.5,FedProx,0.6089015151515151
57,3,1.0,0.5,FedAvg,0.6164772727272727
57,3,1.0,0.5,FedProx,0.6136363636363635
58,3,1.0,0.5,FedAvg,0.6761363636363638
58,3,1.0,0.5,FedProx,0.6732954545454546
59,3,1.0,0.5,FedAvg,0.606060606060606
59,3,1.0,0.5,FedProx,0.6070075757575758
60,3,1.0,0.5,FedAvg,0.6032196969696969
60,3,1.0,0.5,FedProx,0.6051136363636364
61,3,1.0,0.5,FedAvg,0.5852272727272727
61,3,1.0,0.5,FedProx,0.5994318181818182
42,3,1.0,1.0,FedAvg,0.7471590909090908
42,3,1.0,1.0,FedProx,0.7528409090909092
43,3,1.0,1.0,FedAvg,0.7054924242424243
43,3,1.0,1.0,FedProx,0.7102272727272727
44,3,1.0,1.0,FedAvg,0.6117424242424242
44,3,1.0,1.0,FedProx,0.6164772727272727
45,3,1.0,1.0,FedAvg,0.6609848484848485
45,3,1.0,1.0,FedProx,0.662878787878788
46,3,1.0,1.0,FedAvg,0.7225378787878788
46,3,1.0,1.0,FedProx,0.7244318181818182
47,3,1.0,1.0,FedAvg,0.6619318181818181
47,3,1.0,1.0,FedProx,0.6685606060606061
48,3,1.0,1.0,FedAvg,0.6723484848484849
48,3,1.0,1.0,FedProx,0.6770833333333334
49,3,1.0,1.0,FedAvg,0.6486742424242424
49,3,1.0,1.0,FedProx,0.6543560606060606
50,3,1.0,1.0,FedAvg,0.6638257575757576
50,3,1.0,1.0,FedProx,0.6609848484848484
51,3,1.0,1.0,FedAvg,0.684659090909091
51,3,1.0,1.0,FedProx,0.6903409090909092
52,3,1.0,1.0,FedAvg,0.7424242424242424
52,3,1.0,1.0,FedProx,0.7443181818181819
53,3,1.0,1.0,FedAvg,0.71875
53,3,1.0,1.0,FedProx,0.7168560606060607
54,3,1.0,1.0,FedAvg,0.5729166666666667
54,3,1.0,1.0,FedProx,0.5710227272727273
55,3,1.0,1.0,FedAvg,0.6354166666666666
55,3,1.0,1.0,FedProx,0.6287878787878788
56,3,1.0,1.0,FedAvg,0.6837121212121213
56,3,1.0,1.0,FedProx,0.6789772727272727
57,3,1.0,1.0,FedAvg,0.6534090909090909
57,3,1.0,1.0,FedProx,0.6534090909090908
58,3,1.0,1.0,FedAvg,0.699810606060606
58,3,1.0,1.0,FedProx,0.7017045454545454
59,3,1.0,1.0,FedAvg,0.6571969696969697
59,3,1.0,1.0,FedProx,0.6590909090909092
60,3,1.0,1.0,FedAvg,0.6818181818181818
60,3,1.0,1.0,FedProx,0.6884469696969697
61,3,1.0,1.0,FedAvg,0.6543560606060606
61,3,1.0,1.0,FedProx,0.6609848484848484
42,3,1.0,2.0,FedAvg,0.7632575757575757
42,3,1.0,2.0,FedProx,0.7660984848484849
43,3,1.0,2.0,FedAvg,0.7528409090909092
43,3,1.0,2.0,FedProx,0.7547348484848485
44,3,1.0,2.0,FedAvg,0.7225378787878789
44,3,1.0,2.0,FedProx,0.7206439393939394
45,3,1.0,2.0,FedAvg,0.7244318181818181
45,3,1.0,2.0,FedProx,0.7291666666666666
46,3,1.0,2.0,FedAvg,0.7452651515151515
46,3,1.0,2.0,FedProx,0.7452651515151515
47,3,1.0,2.0,FedAvg,0.7159090909090909
47,3,1.0,2.0,FedProx,0.7178030303030304
48,3,1.0,2.0,FedAvg,0.7215909090909091
48,3,1.0,2.0,FedProx,0.725378787878788
49,3,1.0,2.0,FedAvg,0.7017045454545454
49,3,1.0,2.0,FedProx,0.7035984848484849
50,3,1.0,2.0,FedAvg,0.7244318181818181
50,3,1.0,2.0,FedProx,0.7263257575757576
51,3,1.0,2.0,FedAvg,0.7443181818181819
51,3,1.0,2.0,FedProx,0.7452651515151516
52,3,1.0,2.0,FedAvg,0.7679924242424243
52,3,1.0,2.0,FedProx,0.768939393939394
53,3,1.0,2.0,FedAvg,0.759469696969697
53,3,1.0,2.0,FedProx,0.7566287878787881
54,3,1.0,2.0,FedAvg,0.6922348484848484
54,3,1.0,2.0,FedProx,0.6922348484848485
55,3,1.0,2.0,FedAvg,0.7206439393939394
55,3,1.0,2.0,FedProx,0.7178030303030304
56,3,1.0,2.0,FedAvg,0.7234848484848485
56,3,1.0,2.0,FedProx,0.725378787878788
57,3,1.0,2.0,FedAvg,0.7054924242424243
57,3,1.0,2.0,FedProx,0.7073863636363635
58,3,1.0,2.0,FedAvg,0.7272727272727273
58,3,1.0,2.0,FedProx,0.7357954545454546
59,3,1.0,2.0,FedAvg,0.7007575757575757
59,3,1.0,2.0,FedProx,0.7073863636363635
60,3,1.0,2.0,FedAvg,0.71875
60,3,1.0,2.0,FedProx,0.7196969696969697
61,3,1.0,2.0,FedAvg,0.71875
61,3,1.0,2.0,FedProx,0.7225378787878788
42,3,1.0,5.0,FedAvg,0.7642045454545454
42,3,1.0,5.0,FedProx,0.762310606060606
43,3,1.0,5.0,FedAvg,0.7575757575757576
43,3,1.0,5.0,FedProx,0.7547348484848486
44,3,1.0,5.0,FedAvg,0.7585227272727273
44,3,1.0,5.0,FedProx,0.7604166666666667
45,3,1.0,5.0,FedAvg,0.7518939393939394
45,3,1.0,5.0,FedProx,0.7509469696969697
46,3,1.0,5.0,FedAvg,0.7575757575757576
46,3,1.0,5.0,FedProx,0.759469696969697
47,3,1.0,5.0,FedAvg,0.7452651515151515
47,3,1.0,5.0,FedProx,0.7443181818181818
48,3,1.0,5.0,FedAvg,0.7518939393939393
48,3,1.0,5.0,FedProx,0.7528409090909091
49,3,1.0,5.0,FedAvg,0.7310606060606061
49,3,1.0,5.0,FedProx,0.7329545454545455
50,3,1.0,5.0,FedAvg,0.7395833333333333
50,3,1.0,5.0,FedProx,0.740530303030303
51,3,1.0,5.0,FedAvg,0.7566287878787878
51,3,1.0,5.0,FedProx,0.759469696969697
52,3,1.0,5.0,FedAvg,0.7632575757575758
52,3,1.0,5.0,FedProx,0.7632575757575758
53,3,1.0,5.0,FedAvg,0.7670454545454546
53,3,1.0,5.0,FedProx,0.768939393939394
54,3,1.0,5.0,FedAvg,0.7424242424242424
54,3,1.0,5.0,FedProx,0.7424242424242424
55,3,1.0,5.0,FedAvg,0.7452651515151516
55,3,1.0,5.0,FedProx,0.7452651515151516
56,3,1.0,5.0,FedAvg,0.7329545454545454
56,3,1.0,5.0,FedProx,0.7329545454545454
57,3,1.0,5.0,FedAvg,0.7414772727272727
57,3,1.0,5.0,FedProx,0.7424242424242424
58,3,1.0,5.0,FedAvg,0.7518939393939393
58,3,1.0,5.0,FedProx,0.7528409090909091
59,3,1.0,5.0,FedAvg,0.7414772727272727
59,3,1.0,5.0,FedProx,0.7433712121212122
60,3,1.0,5.0,FedAvg,0.737689393939394
60,3,1.0,5.0,FedProx,0.7386363636363638
61,3,1.0,5.0,FedAvg,0.7414772727272727
61,3,1.0,5.0,FedProx,0.740530303030303
42,3,1.0,10.0,FedAvg,0.7585227272727273
42,3,1.0,10.0,FedProx,0.7585227272727273
43,3,1.0,10.0,FedAvg,0.7528409090909092
43,3,1.0,10.0,FedProx,0.7518939393939394
44,3,1.0,10.0,FedAvg,0.762310606060606
44,3,1.0,10.0,FedProx,0.7613636363636364
45,3,1.0,10.0,FedAvg,0.7490530303030303
45,3,1.0,10.0,FedProx,0.7452651515151515
46,3,1.0,10.0,FedAvg,0.759469696969697
46,3,1.0,10.0,FedProx,0.7585227272727273
47,3,1.0,10.0,FedAvg,0.7537878787878788
47,3,1.0,10.0,FedProx,0.7537878787878788
48,3,1.0,10.0,FedAvg,0.7490530303030304
48,3,1.0,10.0,FedProx,0.7462121212121212
49,3,1.0,10.0,FedAvg,0.7348484848484849
49,3,1.0,10.0,FedProx,0.7367424242424243
50,3,1.0,10.0,FedAvg,0.7443181818181817
50,3,1.0,10.0,FedProx,0.7443181818181818
51,3,1.0,10.0,FedAvg,0.7490530303030303
51,3,1.0,10.0,FedProx,0.75
52,3,1.0,10.0,FedAvg,0.7604166666666667
52,3,1.0,10.0,FedProx,0.7613636363636365
53,3,1.0,10.0,FedAvg,0.7623106060606061
53,3,1.0,10.0,FedProx,0.7604166666666666
54,3,1.0,10.0,FedAvg,0.7452651515151516
54,3,1.0,10.0,FedProx,0.7490530303030303
55,3,1.0,10.0,FedAvg,0.75
55,3,1.0,10.0,FedProx,0.7509469696969697
56,3,1.0,10.0,FedAvg,0.7414772727272727
56,3,1.0,10.0,FedProx,0.7405303030303031
57,3,1.0,10.0,FedAvg,0.7528409090909091
57,3,1.0,10.0,FedProx,0.7537878787878788
58,3,1.0,10.0,FedAvg,0.7604166666666667
58,3,1.0,10.0,FedProx,0.7613636363636365
59,3,1.0,10.0,FedAvg,0.7490530303030305
59,3,1.0,10.0,FedProx,0.7509469696969697
60,3,1.0,10.0,FedAvg,0.7443181818181819
60,3,1.0,10.0,FedProx,0.743371212121212
61,3,1.0,10.0,FedAvg,0.7490530303030304
61,3,1.0,10.0,FedProx,0.7481060606060607
42,3,0.5,0.5,FedAvg,0.6998106060606061
42,3,0.5,0.5,FedProx,0.7073863636363638
43,3,0.5,0.5,FedAvg,0.6496212121212122
43,3,0.5,0.5,FedProx,0.6534090909090909
44,3,0.5,0.5,FedAvg,0.5009469696969697
44,3,0.5,0.5,FedProx,0.5028409090909091
45,3,0.5,0.5,FedAvg,0.5473484848484849
45,3,0.5,0.5,FedProx,0.5473484848484849
46,3,0.5,0.5,FedAvg,0.6515151515151516
46,3,0.5,0.5,FedProx,0.6496212121212122
47,3,0.5,0.5,FedAvg,0.6335227272727273
47,3,0.5,0.5,FedProx,0.6363636363636364
48,3,0.5,0.5,FedAvg,0.6429924242424242
48,3,0.5,0.5,FedProx,0.6410984848484848
49,3,0.5,0.5,FedAvg,0.5918560606060606
49,3,0.5,0.5,FedProx,0.5880681818181819
50,3,0.5,0.5,FedAvg,0.5492424242424243
50,3,0.5,0.5,FedProx,0.5454545454545454
51,3,0.5,0.5,FedAvg,0.6259469696969697
51,3,0.5,0.5,FedProx,0.6297348484848485
52,3,0.5,0.5,FedAvg,0.6884469696969697
52,3,0.5,0.5,FedProx,0.6912878787878787
53,3,0.5,0.5,FedAvg,0.6628787878787878
53,3,0.5,0.5,FedProx,0.6609848484848485
54,3,0.5,0.5,FedAvg,0.4498106060606061
54,3,0.5,0.5,FedProx,0.4393939393939394
55,3,0.5,0.5,FedAvg,0.5075757575757576
55,3,0.5,0.5,FedProx,0.5018939393939394
56,3,0.5,0.5,FedAvg,0.6079545454545454
56,3,0.5,0.5,FedProx,0.6041666666666666
57,3,0.5,0.5,FedAvg,0.6174242424242424
57,3,0.5,0.5,FedProx,0.6164772727272727
58,3,0.5,0.5,FedAvg,0.6789772727272727
58,3,0.5,0.5,FedProx,0.6761363636363638
59,3,0.5,0.5,FedAvg,0.6051136363636365
59,3,0.5,0.5,FedProx,0.6060606060606061
60,3,0.5,0.5,FedAvg,0.6013257575757576
60,3,0.5,0.5,FedProx,0.6013257575757576
61,3,0.5,0.5,FedAvg,0.5814393939393939
61,3,0.5,0.5,FedProx,0.5965909090909091
42,3,0.5,1.0,FedAvg,0.7481060606060608
42,3,0.5,1.0,FedProx,0.7537878787878787
43,3,0.5,1.0,FedAvg,0.7045454545454546
43,3,0.5,1.0,FedProx,0.7111742424242424
44,3,0.5,1.0,FedAvg,0.6126893939393939
44,3,0.5,1.0,FedProx,0.6145833333333334
45,3,0.5,1.0,FedAvg,0.6609848484848485
45,3,0.5,1.0,FedProx,0.6647727272727273
46,3,0.5,1.0,FedAvg,0.7225378787878788
46,3,0.5,1.0,FedProx,0.7244318181818182
47,3,0.5,1.0,FedAvg,0.6619318181818182
47,3,0.5,1.0,FedProx,0.6666666666666667
48,3,0.5,1.0,FedAvg,0.6732954545454546
48,3,0.5,1.0,FedProx,0.6770833333333334
49,3,0.5,1.0,FedAvg,0.6496212121212122
49,3,0.5,1.0,FedProx,0.6553030303030303
50,3,0.5,1.0,FedAvg,0.6600378787878788
50,3,0.5,1.0,FedProx,0.6553030303030303
51,3,0.5,1.0,FedAvg,0.6837121212121213
51,3,0.5,1.0,FedProx,0.6903409090909092
52,3,0.5,1.0,FedAvg,0.7414772727272727
52,3,0.5,1.0,FedProx,0.7414772727272728
53,3,0.5,1.0,FedAvg,0.7178030303030303
53,3,0.5,1.0,FedProx,0.7196969696969697
54,3,0.5,1.0,FedAvg,0.5738636363636364
54,3,0.5,1.0,FedProx,0.5710227272727273
55,3,0.5,1.0,FedAvg,0.634469696969697
55,3,0.5,1.0,FedProx,0.6268939393939393
56,3,0.5,1.0,FedAvg,0.6780303030303031
56,3,0.5,1.0,FedProx,0.6761363636363636
57,3,0.5,1.0,FedAvg,0.6515151515151516
57,3,0.5,1.0,FedProx,0.6534090909090908
58,3,0.5,1.0,FedAvg,0.6988636363636362
58,3,0.5,1.0,FedProx,0.7007575757575759
59,3,0.5,1.0,FedAvg,0.6571969696969697
59,3,0.5,1.0,FedProx,0.6619318181818181
60,3,0.5,1.0,FedAvg,0.6827651515151515
60,3,0.5,1.0,FedProx,0.6865530303030303
61,3,0.5,1.0,FedAvg,0.6553030303030303
61,3,0.5,1.0,FedProx,0.6600378787878787
42,3,0.5,2.0,FedAvg,0.7642045454545454
42,3,0.5,2.0,FedProx,0.7651515151515151
43,3,0.5,2.0,FedAvg,0.7528409090909092
43,3,0.5,2.0,FedProx,0.7556818181818181
44,3,0.5,2.0,FedAvg,0.7215909090909091
44,3,0.5,2.0,FedProx,0.7234848484848486
45,3,0.5,2.0,FedAvg,0.7225378787878788
45,3,0.5,2.0,FedProx,0.7291666666666666
46,3,0.5,2.0,FedAvg,0.743371212121212
46,3,0.5,2.0,FedProx,0.7443181818181818
47,3,0.5,2.0,FedAvg,0.7149621212121212
47,3,0.5,2.0,FedProx,0.7168560606060607
48,3,0.5,2.0,FedAvg,0.7215909090909091
48,3,0.5,2.0,FedProx,0.7244318181818182
49,3,0.5,2.0,FedAvg,0.6998106060606061
49,3,0.5,2.0,FedProx,0.7035984848484849
50,3,0.5,2.0,FedAvg,0.7244318181818181
50,3,0.5,2.0,FedProx,0.7234848484848484
51,3,0.5,2.0,FedAvg,0.7443181818181819
51,3,0.5,2.0,FedProx,0.7452651515151516
52,3,0.5,2.0,FedAvg,0.7698863636363636
52,3,0.5,2.0,FedProx,0.7698863636363635
53,3,0.5,2.0,FedAvg,0.7585227272727273
53,3,0.5,2.0,FedProx,0.7585227272727273
54,3,0.5,2.0,FedAvg,0.6922348484848484
54,3,0.5,2.0,FedProx,0.6922348484848485
55,3,0.5,2.0,FedAvg,0.7187500000000001
55,3,0.5,2.0,FedProx,0.7168560606060607
56,3,0.5,2.0,FedAvg,0.7244318181818182
56,3,0.5,2.0,FedProx,0.7272727272727272
57,3,0.5,2.0,FedAvg,0.7054924242424243
57,3,0.5,2.0,FedProx,0.7064393939393939
58,3,0.5,2.0,FedAvg,0.7282196969696969
58,3,0.5,2.0,FedProx,0.7329545454545455
59,3,0.5,2.0,FedAvg,0.7026515151515151
59,3,0.5,2.0,FedProx,0.7083333333333333
60,3,0.5,2.0,FedAvg,0.7178030303030303
60,3,0.5,2.0,FedProx,0.7178030303030303
61,3,0.5,2.0,FedAvg,0.7196969696969696
61,3,0.5,2.0,FedProx,0.7215909090909092
42,3,0.5,5.0,FedAvg,0.7632575757575757
42,3,0.5,5.0,FedProx,0.7613636363636365
43,3,0.5,5.0,FedAvg,0.7575757575757576
43,3,0.5,5.0,FedProx,0.7528409090909092
44,3,0.5,5.0,FedAvg,0.7585227272727273
44,3,0.5,5.0,FedProx,0.7604166666666667
45,3,0.5,5.0,FedAvg,0.7509469696969697
45,3,0.5,5.0,FedProx,0.7509469696969697
46,3,0.5,5.0,FedAvg,0.7566287878787878
46,3,0.5,5.0,FedProx,0.7566287878787878
47,3,0.5,5.0,FedAvg,0.7443181818181818
47,3,0.5,5.0,FedProx,0.7452651515151515
48,3,0.5,5.0,FedAvg,0.7518939393939393
48,3,0.5,5.0,FedProx,0.7528409090909091
49,3,0.5,5.0,FedAvg,0.7301136363636364
49,3,0.5,5.0,FedProx,0.7320075757575757
50,3,0.5,5.0,FedAvg,0.7395833333333333
50,3,0.5,5.0,FedProx,0.740530303030303
51,3,0.5,5.0,FedAvg,0.7566287878787878
51,3,0.5,5.0,FedProx,0.759469696969697
52,3,0.5,5.0,FedAvg,0.7632575757575757
52,3,0.5,5.0,FedProx,0.7623106060606062
53,3,0.5,5.0,FedAvg,0.7670454545454546
53,3,0.5,5.0,FedProx,0.768939393939394
54,3,0.5,5.0,FedAvg,0.7424242424242424
54,3,0.5,5.0,FedProx,0.7424242424242424
55,3,0.5,5.0,FedAvg,0.7452651515151516
55,3,0.5,5.0,FedProx,0.7452651515151516
56,3,0.5,5.0,FedAvg,0.7329545454545456
56,3,0.5,5.0,FedProx,0.7320075757575757
57,3,0.5,5.0,FedAvg,0.740530303030303
57,3,0.5,5.0,FedProx,0.7424242424242424
58,3,0.5,5.0,FedAvg,0.7509469696969696
58,3,0.5,5.0,FedProx,0.7509469696969697
59,3,0.5,5.0,FedAvg,0.7424242424242425
59,3,0.5,5.0,FedProx,0.7443181818181819
60,3,0.5,5.0,FedAvg,0.7357954545454546
60,3,0.5,5.0,FedProx,0.737689393939394
61,3,0.5,5.0,FedAvg,0.740530303030303
61,3,0.5,5.0,FedProx,0.7414772727272727
42,3,0.5,10.0,FedAvg,0.7575757575757576
42,3,0.5,10.0,FedProx,0.7575757575757576
43,3,0.5,10.0,FedAvg,0.7537878787878789
43,3,0.5,10.0,FedProx,0.7528409090909092
44,3,0.5,10.0,FedAvg,0.7604166666666666
44,3,0.5,10.0,FedProx,0.7613636363636364
45,3,0.5,10.0,FedAvg,0.7481060606060607
45,3,0.5,10.0,FedProx,0.7452651515151515
46,3,0.5,10.0,FedAvg,0.7585227272727273
46,3,0.5,10.0,FedProx,0.7575757575757576
47,3,0.5,10.0,FedAvg,0.7547348484848485
47,3,0.5,10.0,FedProx,0.7537878787878788
48,3,0.5,10.0,FedAvg,0.7490530303030304
48,3,0.5,10.0,FedProx,0.7471590909090909
49,3,0.5,10.0,FedAvg,0.7348484848484849
49,3,0.5,10.0,FedProx,0.7367424242424243
50,3,0.5,10.0,FedAvg,0.7443181818181817
50,3,0.5,10.0,FedProx,0.7443181818181818
51,3,0.5,10.0,FedAvg,0.7490530303030303
51,3,0.5,10.0,FedProx,0.75
52,3,0.5,10.0,FedAvg,0.7604166666666667
52,3,0.5,10.0,FedProx,0.7613636363636365
53,3,0.5,10.0,FedAvg,0.7604166666666667
53,3,0.5,10.0,FedProx,0.7613636363636364
54,3,0.5,10.0,FedAvg,0.7462121212121213
54,3,0.5,10.0,FedProx,0.7481060606060608
55,3,0.5,10.0,FedAvg,0.7490530303030303
55,3,0.5,10.0,FedProx,0.7509469696969697
56,3,0.5,10.0,FedAvg,0.7414772727272727
56,3,0.5,10.0,FedProx,0.7405303030303031
57,3,0.5,10.0,FedAvg,0.7528409090909091
57,3,0.5,10.0,FedProx,0.7528409090909091
58,3,0.5,10.0,FedAvg,0.7604166666666667
58,3,0.5,10.0,FedProx,0.7613636363636365
59,3,0.5,10.0,FedAvg,0.75
59,3,0.5,10.0,FedProx,0.7500000000000002
60,3,0.5,10.0,FedAvg,0.7433712121212122
60,3,0.5,10.0,FedProx,0.7443181818181818
61,3,0.5,10.0,FedAvg,0.7490530303030304
61,3,0.5,10.0,FedProx,0.7471590909090909
42,3,0.1,0.5,FedAvg,0.7026515151515152
42,3,0.1,0.5,FedProx,0.706439393939394
43,3,0.1,0.5,FedAvg,0.6505681818181819
43,3,0.1,0.5,FedProx,0.6534090909090909
44,3,0.1,0.5,FedAvg,0.49242424242424243
44,3,0.1,0.5,FedProx,0.4933712121212121
45,3,0.1,0.5,FedAvg,0.5492424242424242
45,3,0.1,0.5,FedProx,0.5445075757575757
46,3,0.1,0.5,FedAvg,0.6553030303030303
46,3,0.1,0.5,FedProx,0.6477272727272727
47,3,0.1,0.5,FedAvg,0.6325757575757576
47,3,0.1,0.5,FedProx,0.6373106060606061
48,3,0.1,0.5,FedAvg,0.6448863636363636
48,3,0.1,0.5,FedProx,0.6410984848484848
49,3,0.1,0.5,FedAvg,0.5928030303030303
49,3,0.1,0.5,FedProx,0.5871212121212122
50,3,0.1,0.5,FedAvg,0.5520833333333333
50,3,0.1,0.5,FedProx,0.5454545454545454
51,3,0.1,0.5,FedAvg,0.6221590909090909
51,3,0.1,0.5,FedProx,0.6297348484848485
52,3,0.1,0.5,FedAvg,0.6884469696969697
52,3,0.1,0.5,FedProx,0.690340909090909
53,3,0.1,0.5,FedAvg,0.6628787878787878
53,3,0.1,0.5,FedProx,0.6590909090909092
54,3,0.1,0.5,FedAvg,0.44696969696969696
54,3,0.1,0.5,FedProx,0.43749999999999994
55,3,0.1,0.5,FedAvg,0.5075757575757576
55,3,0.1,0.5,FedProx,0.5018939393939394
56,3,0.1,0.5,FedAvg,0.6089015151515151
56,3,0.1,0.5,FedProx,0.6070075757575757
57,3,0.1,0.5,FedAvg,0.6174242424242424
57,3,0.1,0.5,FedProx,0.6174242424242424
58,3,0.1,0.5,FedAvg,0.6818181818181818
58,3,0.1,0.5,FedProx,0.6789772727272727
59,3,0.1,0.5,FedAvg,0.6060606060606062
59,3,0.1,0.5,FedProx,0.6060606060606061
60,3,0.1,0.5,FedAvg,0.606060606060606
60,3,0.1,0.5,FedProx,0.6107954545454546
61,3,0.1,0.5,FedAvg,0.5757575757575757
61,3,0.1,0.5,FedProx,0.5965909090909092
42,3,0.1,1.0,FedAvg,0.7462121212121211
42,3,0.1,1.0,FedProx,0.7537878787878789
43,3,0.1,1.0,FedAvg,0.7026515151515151
43,3,0.1,1.0,FedProx,0.7102272727272727
44,3,0.1,1.0,FedAvg,0.6070075757575758
44,3,0.1,1.0,FedProx,0.6098484848484849
45,3,0.1,1.0,FedAvg,0.6609848484848485
45,3,0.1,1.0,FedProx,0.6638257575757576
46,3,0.1,1.0,FedAvg,0.7206439393939393
46,3,0.1,1.0,FedProx,0.7244318181818182
47,3,0.1,1.0,FedAvg,0.6628787878787878
47,3,0.1,1.0,FedProx,0.6685606060606061
48,3,0.1,1.0,FedAvg,0.6761363636363636
48,3,0.1,1.0,FedProx,0.678030303030303
49,3,0.1,1.0,FedAvg,0.6496212121212122
49,3,0.1,1.0,FedProx,0.6553030303030303
50,3,0.1,1.0,FedAvg,0.6609848484848484
50,3,0.1,1.0,FedProx,0.6628787878787878
51,3,0.1,1.0,FedAvg,0.6837121212121212
51,3,0.1,1.0,FedProx,0.6912878787878789
52,3,0.1,1.0,FedAvg,0.7414772727272727
52,3,0.1,1.0,FedProx,0.7424242424242424
53,3,0.1,1.0,FedAvg,0.7187500000000001
53,3,0.1,1.0,FedProx,0.7178030303030303
54,3,0.1,1.0,FedAvg,0.571969696969697
54,3,0.1,1.0,FedProx,0.5625
55,3,0.1,1.0,FedAvg,0.6354166666666666
55,3,0.1,1.0,FedProx,0.6287878787878788
56,3,0.1,1.0,FedAvg,0.6818181818181818
56,3,0.1,1.0,FedProx,0.6761363636363638
57,3,0.1,1.0,FedAvg,0.6515151515151516
57,3,0.1,1.0,FedProx,0.6553030303030303
58,3,0.1,1.0,FedAvg,0.7035984848484849
58,3,0.1,1.0,FedProx,0.7026515151515151
59,3,0.1,1.0,FedAvg,0.65625
59,3,0.1,1.0,FedProx,0.6619318181818181
60,3,0.1,1.0,FedAvg,0.6865530303030303
60,3,0.1,1.0,FedProx,0.6884469696969696
61,3,0.1,1.0,FedAvg,0.6534090909090909
61,3,0.1,1.0,FedProx,0.6581439393939394
42,3,0.1,2.0,FedAvg,0.7651515151515151
42,3,0.1,2.0,FedProx,0.7642045454545454
43,3,0.1,2.0,FedAvg,0.7518939393939394
43,3,0.1,2.0,FedProx,0.7556818181818182
44,3,0.1,2.0,FedAvg,0.7159090909090909
44,3,0.1,2.0,FedProx,0.7215909090909092
45,3,0.1,2.0,FedAvg,0.7225378787878788
45,3,0.1,2.0,FedProx,0.7272727272727272
46,3,0.1,2.0,FedAvg,0.743371212121212
46,3,0.1,2.0,FedProx,0.7443181818181818
47,3,0.1,2.0,FedAvg,0.7149621212121212
47,3,0.1,2.0,FedProx,0.7168560606060606
48,3,0.1,2.0,FedAvg,0.7206439393939393
48,3,0.1,2.0,FedProx,0.7244318181818182
49,3,0.1,2.0,FedAvg,0.6998106060606061
49,3,0.1,2.0,FedProx,0.7026515151515151
50,3,0.1,2.0,FedAvg,0.7234848484848484
50,3,0.1,2.0,FedProx,0.7225378787878788
51,3,0.1,2.0,FedAvg,0.7424242424242424
51,3,0.1,2.0,FedProx,0.7443181818181818
52,3,0.1,2.0,FedAvg,0.7689393939393939
52,3,0.1,2.0,FedProx,0.768939393939394
53,3,0.1,2.0,FedAvg,0.7575757575757576
53,3,0.1,2.0,FedProx,0.7585227272727273
54,3,0.1,2.0,FedAvg,0.6912878787878788
54,3,0.1,2.0,FedProx,0.6903409090909092
55,3,0.1,2.0,FedAvg,0.7187500000000001
55,3,0.1,2.0,FedProx,0.7168560606060607
56,3,0.1,2.0,FedAvg,0.7234848484848485
56,3,0.1,2.0,FedProx,0.7244318181818182
57,3,0.1,2.0,FedAvg,0.7064393939393939
57,3,0.1,2.0,FedProx,0.7073863636363636
58,3,0.1,2.0,FedAvg,0.7310606060606061
58,3,0.1,2.0,FedProx,0.7339015151515151
59,3,0.1,2.0,FedAvg,0.7035984848484849
59,3,0.1,2.0,FedProx,0.7083333333333333
60,3,0.1,2.0,FedAvg,0.7196969696969697
60,3,0.1,2.0,FedProx,0.7206439393939394
61,3,0.1,2.0,FedAvg,0.7206439393939394
61,3,0.1,2.0,FedProx,0.7263257575757576
42,3,0.1,5.0,FedAvg,0.7651515151515151
42,3,0.1,5.0,FedProx,0.7632575757575757
43,3,0.1,5.0,FedAvg,0.7566287878787878
43,3,0.1,5.0,FedProx,0.7537878787878788
44,3,0.1,5.0,FedAvg,0.7547348484848484
44,3,0.1,5.0,FedProx,0.7537878787878788
45,3,0.1,5.0,FedAvg,0.75
45,3,0.1,5.0,FedProx,0.7509469696969697
46,3,0.1,5.0,FedAvg,0.7566287878787878
46,3,0.1,5.0,FedProx,0.7566287878787878
47,3,0.1,5.0,FedAvg,0.7452651515151515
47,3,0.1,5.0,FedProx,0.7462121212121212
48,3,0.1,5.0,FedAvg,0.7509469696969696
48,3,0.1,5.0,FedProx,0.7518939393939393
49,3,0.1,5.0,FedAvg,0.7301136363636364
49,3,0.1,5.0,FedProx,0.7329545454545455
50,3,0.1,5.0,FedAvg,0.740530303030303
50,3,0.1,5.0,FedProx,0.740530303030303
51,3,0.1,5.0,FedAvg,0.7556818181818181
51,3,0.1,5.0,FedProx,0.759469696969697
52,3,0.1,5.0,FedAvg,0.7632575757575758
52,3,0.1,5.0,FedProx,0.7632575757575758
53,3,0.1,5.0,FedAvg,0.7670454545454546
53,3,0.1,5.0,FedProx,0.7698863636363638
54,3,0.1,5.0,FedAvg,0.7414772727272727
54,3,0.1,5.0,FedProx,0.7424242424242424
55,3,0.1,5.0,FedAvg,0.7452651515151516
55,3,0.1,5.0,FedProx,0.7452651515151516
56,3,0.1,5.0,FedAvg,0.7339015151515151
56,3,0.1,5.0,FedProx,0.7329545454545454
57,3,0.1,5.0,FedAvg,0.740530303030303
57,3,0.1,5.0,FedProx,0.7424242424242424
58,3,0.1,5.0,FedAvg,0.7509469696969696
58,3,0.1,5.0,FedProx,0.7528409090909091
59,3,0.1,5.0,FedAvg,0.7414772727272727
59,3,0.1,5.0,FedProx,0.7443181818181819
60,3,0.1,5.0,FedAvg,0.740530303030303
60,3,0.1,5.0,FedProx,0.7395833333333335
61,3,0.1,5.0,FedAvg,0.740530303030303
61,3,0.1,5.0,FedProx,0.740530303030303
42,3,0.1,10.0,FedAvg,0.7585227272727273
42,3,0.1,10.0,FedProx,0.7585227272727273
43,3,0.1,10.0,FedAvg,0.7537878787878789
43,3,0.1,10.0,FedProx,0.7528409090909092
44,3,0.1,10.0,FedAvg,0.7613636363636364
44,3,0.1,10.0,FedProx,0.7613636363636362
45,3,0.1,10.0,FedAvg,0.7481060606060607
45,3,0.1,10.0,FedProx,0.7490530303030303
46,3,0.1,10.0,FedAvg,0.7575757575757576
46,3,0.1,10.0,FedProx,0.7575757575757576
47,3,0.1,10.0,FedAvg,0.7547348484848485
47,3,0.1,10.0,FedProx,0.7537878787878788
48,3,0.1,10.0,FedAvg,0.7481060606060607
48,3,0.1,10.0,FedProx,0.7471590909090909
49,3,0.1,10.0,FedAvg,0.7348484848484849
49,3,0.1,10.0,FedProx,0.7367424242424243
50,3,0.1,10.0,FedAvg,0.7443181818181817
50,3,0.1,10.0,FedProx,0.7452651515151514
51,3,0.1,10.0,FedAvg,0.7509469696969697
51,3,0.1,10.0,FedProx,0.75
52,3,0.1,10.0,FedAvg,0.7604166666666667
52,3,0.1,10.0,FedProx,0.7613636363636365
53,3,0.1,10.0,FedAvg,0.7623106060606061
53,3,0.1,10.0,FedProx,0.7613636363636365
54,3,0.1,10.0,FedAvg,0.7471590909090908
54,3,0.1,10.0,FedProx,0.7490530303030303
55,3,0.1,10.0,FedAvg,0.7490530303030303
55,3,0.1,10.0,FedProx,0.7509469696969697
56,3,0.1,10.0,FedAvg,0.7414772727272727
56,3,0.1,10.0,FedProx,0.7405303030303031
57,3,0.1,10.0,FedAvg,0.7528409090909091
57,3,0.1,10.0,FedProx,0.7528409090909091
58,3,0.1,10.0,FedAvg,0.7604166666666667
58,3,0.1,10.0,FedProx,0.7604166666666667
59,3,0.1,10.0,FedAvg,0.75
59,3,0.1,10.0,FedProx,0.7509469696969697
60,3,0.1,10.0,FedAvg,0.7443181818181819
60,3,0.1,10.0,FedProx,0.7443181818181818
61,3,0.1,10.0,FedAvg,0.7471590909090909
61,3,0.1,10.0,FedProx,0.7462121212121213
42,10,10.0,0.5,FedAvg,0.59375
42,10,10.0,0.5,FedProx,0.6003787878787878
43,10,10.0,0.5,FedAvg,0.5861742424242423
43,10,10.0,0.5,FedProx,0.5918560606060606
44,10,10.0,0.5,FedAvg,0.5984848484848486
44,10,10.0,0.5,FedProx,0.5928030303030303
45,10,10.0,0.5,FedAvg,0.6003787878787878
45,10,10.0,0.5,FedProx,0.5965909090909091
46,10,10.0,0.5,FedAvg,0.5956439393939394
46,10,10.0,0.5,FedProx,0.5946969696969697
47,10,10.0,0.5,FedAvg,0.5653409090909091
47,10,10.0,0.5,FedProx,0.5577651515151515
48,10,10.0,0.5,FedAvg,0.5615530303030303
48,10,10.0,0.5,FedProx,0.5568181818181818
49,10,10.0,0.5,FedAvg,0.5776515151515152
49,10,10.0,0.5,FedProx,0.5729166666666666
50,10,10.0,0.5,FedAvg,0.5691287878787878
50,10,10.0,0.5,FedProx,0.5625
51,10,10.0,0.5,FedAvg,0.5946969696969697
51,10,10.0,0.5,FedProx,0.5946969696969697
52,10,10.0,0.5,FedAvg,0.5918560606060607
52,10,10.0,0.5,FedProx,0.5975378787878788
53,10,10.0,0.5,FedAvg,0.5909090909090908
53,10,10.0,0.5,FedProx,0.5890151515151515
54,10,10.0,0.5,FedAvg,0.5767045454545454
54,10,10.0,0.5,FedProx,0.5833333333333334
55,10,10.0,0.5,FedAvg,0.6013257575757576
55,10,10.0,0.5,FedProx,0.6051136363636364
56,10,10.0,0.5,FedAvg,0.6003787878787878
56,10,10.0,0.5,FedProx,0.5918560606060606
57,10,10.0,0.5,FedAvg,0.5804924242424243
57,10,10.0,0.5,FedProx,0.5691287878787878
58,10,10.0,0.5,FedAvg,0.5577651515151515
58,10,10.0,0.5,FedProx,0.5501893939393939
59,10,10.0,0.5,FedAvg,0.5539772727272727
59,10,10.0,0.5,FedProx,0.5520833333333333
60,10,10.0,0.5,FedAvg,0.5473484848484849
60,10,10.0,0.5,FedProx,0.5454545454545454
61,10,10.0,0.5,FedAvg,0.5549242424242424
61,10,10.0,0.5,FedProx,0.5482954545454546
42,10,10.0,1.0,FedAvg,0.6410984848484849
42,10,10.0,1.0,FedProx,0.6363636363636364
43,10,10.0,1.0,FedAvg,0.634469696969697
43,10,10.0,1.0,FedProx,0.6354166666666667
44,10,10.0,1.0,FedAvg,0.6477272727272727
44,10,10.0,1.0,FedProx,0.6420454545454545
45,10,10.0,1.0,FedAvg,0.6448863636363638
45,10,10.0,1.0,FedProx,0.6429924242424243
46,10,10.0,1.0,FedAvg,0.6534090909090908
46,10,10.0,1.0,FedProx,0.6477272727272727
47,10,10.0,1.0,FedAvg,0.625
47,10,10.0,1.0,FedProx,0.6174242424242423
48,10,10.0,1.0,FedAvg,0.6193181818181818
48,10,10.0,1.0,FedProx,0.6174242424242424
49,10,10.0,1.0,FedAvg,0.6373106060606061
49,10,10.0,1.0,FedProx,0.6363636363636364
50,10,10.0,1.0,FedAvg,0.6287878787878788
50,10,10.0,1.0,FedProx,0.6278409090909092
51,10,10.0,1.0,FedAvg,0.6458333333333333
51,10,10.0,1.0,FedProx,0.6486742424242423
52,10,10.0,1.0,FedAvg,0.6448863636363635
52,10,10.0,1.0,FedProx,0.6486742424242423
53,10,10.0,1.0,FedAvg,0.6448863636363636
53,10,10.0,1.0,FedProx,0.6429924242424242
54,10,10.0,1.0,FedAvg,0.6240530303030303
54,10,10.0,1.0,FedProx,0.6287878787878788
55,10,10.0,1.0,FedAvg,0.6448863636363636
55,10,10.0,1.0,FedProx,0.6486742424242424
56,10,10.0,1.0,FedAvg,0.6420454545454546
56,10,10.0,1.0,FedProx,0.6477272727272729
57,10,10.0,1.0,FedAvg,0.625
57,10,10.0,1.0,FedProx,0.6268939393939394
58,10,10.0,1.0,FedAvg,0.6117424242424242
58,10,10.0,1.0,FedProx,0.6107954545454546
59,10,10.0,1.0,FedAvg,0.6079545454545454
59,10,10.0,1.0,FedProx,0.6060606060606061
60,10,10.0,1.0,FedAvg,0.6013257575757577
60,10,10.0,1.0,FedProx,0.5994318181818182
61,10,10.0,1.0,FedAvg,0.5984848484848485
61,10,10.0,1.0,FedProx,0.5909090909090908
42,10,10.0,2.0,FedAvg,0.7121212121212122
42,10,10.0,2.0,FedProx,0.7168560606060606
43,10,10.0,2.0,FedAvg,0.7083333333333334
43,10,10.0,2.0,FedProx,0.7083333333333333
44,10,10.0,2.0,FedAvg,0.7102272727272727
44,10,10.0,2.0,FedProx,0.7054924242424242
45,10,10.0,2.0,FedAvg,0.7092803030303031
45,10,10.0,2.0,FedProx,0.7140151515151516
46,10,10.0,2.0,FedAvg,0.7168560606060606
46,10,10.0,2.0,FedProx,0.7130681818181819
47,10,10.0,2.0,FedAvg,0.7007575757575759
47,10,10.0,2.0,FedProx,0.7026515151515151
48,10,10.0,2.0,FedAvg,0.7054924242424242
48,10,10.0,2.0,FedProx,0.6979166666666667
49,10,10.0,2.0,FedAvg,0.7045454545454545
49,10,10.0,2.0,FedProx,0.7073863636363638
50,10,10.0,2.0,FedAvg,0.6931818181818181
50,10,10.0,2.0,FedProx,0.7017045454545454
51,10,10.0,2.0,FedAvg,0.7102272727272727
51,10,10.0,2.0,FedProx,0.7130681818181818
52,10,10.0,2.0,FedAvg,0.7130681818181819
52,10,10.0,2.0,FedProx,0.7159090909090909
53,10,10.0,2.0,FedAvg,0.7007575757575759
53,10,10.0,2.0,FedProx,0.7073863636363635
54,10,10.0,2.0,FedAvg,0.684659090909091
54,10,10.0,2.0,FedProx,0.6837121212121212
55,10,10.0,2.0,FedAvg,0.699810606060606
55,10,10.0,2.0,FedProx,0.7017045454545454
56,10,10.0,2.0,FedAvg,0.6912878787878789
56,10,10.0,2.0,FedProx,0.6931818181818181
57,10,10.0,2.0,FedAvg,0.6912878787878787
57,10,10.0,2.0,FedProx,0.6912878787878788
58,10,10.0,2.0,FedAvg,0.6837121212121212
58,10,10.0,2.0,FedProx,0.6875
59,10,10.0,2.0,FedAvg,0.6856060606060606
59,10,10.0,2.0,FedProx,0.6884469696969697
60,10,10.0,2.0,FedAvg,0.6704545454545454
60,10,10.0,2.0,FedProx,0.6732954545454546
61,10,10.0,2.0,FedAvg,0.668560606060606
61,10,10.0,2.0,FedProx,0.6704545454545454
42,10,10.0,5.0,FedAvg,0.7291666666666667
42,10,10.0,5.0,FedProx,0.728219696969697
43,10,10.0,5.0,FedAvg,0.7291666666666667
43,10,10.0,5.0,FedProx,0.7310606060606061
44,10,10.0,5.0,FedAvg,0.7509469696969697
44,10,10.0,5.0,FedProx,0.7490530303030303
45,10,10.0,5.0,FedAvg,0.7443181818181819
45,10,10.0,5.0,FedProx,0.7471590909090908
46,10,10.0,5.0,FedAvg,0.7414772727272727
46,10,10.0,5.0,FedProx,0.7452651515151516
47,10,10.0,5.0,FedAvg,0.7452651515151514
47,10,10.0,5.0,FedProx,0.7462121212121212
48,10,10.0,5.0,FedAvg,0.7443181818181819
48,10,10.0,5.0,FedProx,0.7433712121212122
49,10,10.0,5.0,FedAvg,0.7367424242424243
49,10,10.0,5.0,FedProx,0.7329545454545454
50,10,10.0,5.0,FedAvg,0.7462121212121213
50,10,10.0,5.0,FedProx,0.7481060606060607
51,10,10.0,5.0,FedAvg,0.7348484848484849
51,10,10.0,5.0,FedProx,0.7386363636363636
52,10,10.0,5.0,FedAvg,0.7433712121212122
52,10,10.0,5.0,FedProx,0.7462121212121212
53,10,10.0,5.0,FedAvg,0.7310606060606062
53,10,10.0,5.0,FedProx,0.7320075757575758
54,10,10.0,5.0,FedAvg,0.7291666666666666
54,10,10.0,5.0,FedProx,0.7320075757575757
55,10,10.0,5.0,FedAvg,0.7348484848484849
55,10,10.0,5.0,FedProx,0.7395833333333333
56,10,10.0,5.0,FedAvg,0.728219696969697
56,10,10.0,5.0,FedProx,0.7272727272727273
57,10,10.0,5.0,FedAvg,0.7386363636363635
57,10,10.0,5.0,FedProx,0.7414772727272727
58,10,10.0,5.0,FedAvg,0.7386363636363636
58,10,10.0,5.0,FedProx,0.737689393939394
59,10,10.0,5.0,FedAvg,0.7424242424242424
59,10,10.0,5.0,FedProx,0.7424242424242424
60,10,10.0,5.0,FedAvg,0.7357954545454546
60,10,10.0,5.0,FedProx,0.7376893939393939
61,10,10.0,5.0,FedAvg,0.7225378787878788
61,10,10.0,5.0,FedProx,0.7263257575757576
42,10,10.0,10.0,FedAvg,0.7471590909090908
42,10,10.0,10.0,FedProx,0.7490530303030303
43,10,10.0,10.0,FedAvg,0.7424242424242424
43,10,10.0,10.0,FedProx,0.7433712121212122
44,10,10.0,10.0,FedAvg,0.7556818181818182
44,10,10.0,10.0,FedProx,0.7585227272727273
45,10,10.0,10.0,FedAvg,0.7528409090909091
45,10,10.0,10.0,FedProx,0.7575757575757576
46,10,10.0,10.0,FedAvg,0.7585227272727273
46,10,10.0,10.0,FedProx,0.7613636363636364
47,10,10.0,10.0,FedAvg,0.7566287878787878
47,10,10.0,10.0,FedProx,0.756628787878788
48,10,10.0,10.0,FedAvg,0.759469696969697
48,10,10.0,10.0,FedProx,0.7566287878787878
49,10,10.0,10.0,FedAvg,0.7452651515151516
49,10,10.0,10.0,FedProx,0.7471590909090908
50,10,10.0,10.0,FedAvg,0.7528409090909091
50,10,10.0,10.0,FedProx,0.7556818181818181
51,10,10.0,10.0,FedAvg,0.7509469696969697
51,10,10.0,10.0,FedProx,0.7518939393939394
52,10,10.0,10.0,FedAvg,0.7528409090909091
52,10,10.0,10.0,FedProx,0.7518939393939393
53,10,10.0,10.0,FedAvg,0.7452651515151516
53,10,10.0,10.0,FedProx,0.7471590909090909
54,10,10.0,10.0,FedAvg,0.7424242424242424
54,10,10.0,10.0,FedProx,0.740530303030303
55,10,10.0,10.0,FedAvg,0.7509469696969697
55,10,10.0,10.0,FedProx,0.7509469696969697
56,10,10.0,10.0,FedAvg,0.7348484848484849
56,10,10.0,10.0,FedProx,0.7339015151515152
57,10,10.0,10.0,FedAvg,0.7537878787878788
57,10,10.0,10.0,FedProx,0.7528409090909092
58,10,10.0,10.0,FedAvg,0.7452651515151514
58,10,10.0,10.0,FedProx,0.7452651515151516
59,10,10.0,10.0,FedAvg,0.7537878787878789
59,10,10.0,10.0,FedProx,0.7528409090909092
60,10,10.0,10.0,FedAvg,0.7462121212121212
60,10,10.0,10.0,FedProx,0.7452651515151515
61,10,10.0,10.0,FedAvg,0.7395833333333334
61,10,10.0,10.0,FedProx,0.740530303030303
42,10,1.0,0.5,FedAvg,0.6003787878787878
42,10,1.0,0.5,FedProx,0.6032196969696969
43,10,1.0,0.5,FedAvg,0.5909090909090909
43,10,1.0,0.5,FedProx,0.5946969696969697
44,10,1.0,0.5,FedAvg,0.5994318181818181
44,10,1.0,0.5,FedProx,0.5909090909090908
45,10,1.0,0.5,FedAvg,0.6003787878787878
45,10,1.0,0.5,FedProx,0.5965909090909091
46,10,1.0,0.5,FedAvg,0.5994318181818182
46,10,1.0,0.5,FedProx,0.59375
47,10,1.0,0.5,FedAvg,0.5653409090909091
47,10,1.0,0.5,FedProx,0.5587121212121212
48,10,1.0,0.5,FedAvg,0.5596590909090908
48,10,1.0,0.5,FedProx,0.5577651515151515
49,10,1.0,0.5,FedAvg,0.5785984848484849
49,10,1.0,0.5,FedProx,0.5710227272727273
50,10,1.0,0.5,FedAvg,0.5672348484848485
50,10,1.0,0.5,FedProx,0.5634469696969697
51,10,1.0,0.5,FedAvg,0.5946969696969696
51,10,1.0,0.5,FedProx,0.5965909090909092
52,10,1.0,0.5,FedAvg,0.59375
52,10,1.0,0.5,FedProx,0.6013257575757576
53,10,1.0,0.5,FedAvg,0.5899621212121211
53,10,1.0,0.5,FedProx,0.5852272727272727
54,10,1.0,0.5,FedAvg,0.5804924242424243
54,10,1.0,0.5,FedProx,0.5833333333333334
55,10,1.0,0.5,FedAvg,0.600378787878788
55,10,1.0,0.5,FedProx,0.6003787878787878
56,10,1.0,0.5,FedAvg,0.5984848484848484
56,10,1.0,0.5,FedProx,0.5918560606060606
57,10,1.0,0.5,FedAvg,0.5776515151515151
57,10,1.0,0.5,FedProx,0.5681818181818182
58,10,1.0,0.5,FedAvg,0.555871212121212
58,10,1.0,0.5,FedProx,0.5501893939393939
59,10,1.0,0.5,FedAvg,0.5549242424242424
59,10,1.0,0.5,FedProx,0.5520833333333333
60,10,1.0,0.5,FedAvg,0.5445075757575757
60,10,1.0,0.5,FedProx,0.5454545454545454
61,10,1.0,0.5,FedAvg,0.5520833333333334
61,10,1.0,0.5,FedProx,0.5482954545454546
42,10,1.0,1.0,FedAvg,0.646780303030303
42,10,1.0,1.0,FedProx,0.6392045454545454
43,10,1.0,1.0,FedAvg,0.6354166666666667
43,10,1.0,1.0,FedProx,0.6354166666666665
44,10,1.0,1.0,FedAvg,0.6496212121212122
44,10,1.0,1.0,FedProx,0.6458333333333333
45,10,1.0,1.0,FedAvg,0.6448863636363635
45,10,1.0,1.0,FedProx,0.6429924242424243
46,10,1.0,1.0,FedAvg,0.6581439393939394
46,10,1.0,1.0,FedProx,0.6505681818181819
47,10,1.0,1.0,FedAvg,0.6240530303030303
47,10,1.0,1.0,FedProx,0.6221590909090909
48,10,1.0,1.0,FedAvg,0.6202651515151516
48,10,1.0,1.0,FedProx,0.6174242424242424
49,10,1.0,1.0,FedAvg,0.6335227272727272
49,10,1.0,1.0,FedProx,0.6325757575757576
50,10,1.0,1.0,FedAvg,0.6268939393939393
50,10,1.0,1.0,FedProx,0.6268939393939394
51,10,1.0,1.0,FedAvg,0.6458333333333334
51,10,1.0,1.0,FedProx,0.6486742424242424
52,10,1.0,1.0,FedAvg,0.6496212121212122
52,10,1.0,1.0,FedProx,0.6486742424242424
53,10,1.0,1.0,FedAvg,0.6420454545454545
53,10,1.0,1.0,FedProx,0.6392045454545455
54,10,1.0,1.0,FedAvg,0.6287878787878789
54,10,1.0,1.0,FedProx,0.6278409090909091
55,10,1.0,1.0,FedAvg,0.6448863636363636
55,10,1.0,1.0,FedProx,0.6458333333333335
56,10,1.0,1.0,FedAvg,0.6401515151515151
56,10,1.0,1.0,FedProx,0.6420454545454546
57,10,1.0,1.0,FedAvg,0.6231060606060606
57,10,1.0,1.0,FedProx,0.6202651515151516
58,10,1.0,1.0,FedAvg,0.6032196969696969
58,10,1.0,1.0,FedProx,0.6060606060606061
59,10,1.0,1.0,FedAvg,0.6051136363636364
59,10,1.0,1.0,FedProx,0.6032196969696969
60,10,1.0,1.0,FedAvg,0.6013257575757577
60,10,1.0,1.0,FedProx,0.5965909090909091
61,10,1.0,1.0,FedAvg,0.5946969696969697
61,10,1.0,1.0,FedProx,0.5899621212121212
42,10,1.0,2.0,FedAvg,0.7168560606060606
42,10,1.0,2.0,FedProx,0.71875
43,10,1.0,2.0,FedAvg,0.7054924242424243
43,10,1.0,2.0,FedProx,0.7035984848484849
44,10,1.0,2.0,FedAvg,0.7102272727272727
44,10,1.0,2.0,FedProx,0.709280303030303
45,10,1.0,2.0,FedAvg,0.7121212121212122
45,10,1.0,2.0,FedProx,0.7159090909090909
46,10,1.0,2.0,FedAvg,0.71875
46,10,1.0,2.0,FedProx,0.7121212121212122
47,10,1.0,2.0,FedAvg,0.706439393939394
47,10,1.0,2.0,FedProx,0.7045454545454546
48,10,1.0,2.0,FedAvg,0.706439393939394
48,10,1.0,2.0,FedProx,0.7054924242424242
49,10,1.0,2.0,FedAvg,0.7035984848484849
49,10,1.0,2.0,FedProx,0.7045454545454546
50,10,1.0,2.0,FedAvg,0.6903409090909092
50,10,1.0,2.0,FedProx,0.7017045454545454
51,10,1.0,2.0,FedAvg,0.7121212121212122
51,10,1.0,2.0,FedProx,0.7130681818181818
52,10,1.0,2.0,FedAvg,0.715909090909091
52,10,1.0,2.0,FedProx,0.7140151515151516
53,10,1.0,2.0,FedAvg,0.7017045454545456
53,10,1.0,2.0,FedProx,0.7054924242424243
54,10,1.0,2.0,FedAvg,0.684659090909091
54,10,1.0,2.0,FedProx,0.6818181818181819
55,10,1.0,2.0,FedAvg,0.699810606060606
55,10,1.0,2.0,FedProx,0.699810606060606
56,10,1.0,2.0,FedAvg,0.6912878787878788
56,10,1.0,2.0,FedProx,0.6922348484848485
57,10,1.0,2.0,FedAvg,0.6903409090909091
57,10,1.0,2.0,FedProx,0.6893939393939394
58,10,1.0,2.0,FedAvg,0.680871212121212
58,10,1.0,2.0,FedProx,0.6846590909090909
59,10,1.0,2.0,FedAvg,0.6808712121212122
59,10,1.0,2.0,FedProx,0.6875
60,10,1.0,2.0,FedAvg,0.6751893939393939
60,10,1.0,2.0,FedProx,0.6742424242424242
61,10,1.0,2.0,FedAvg,0.6676136363636362
61,10,1.0,2.0,FedProx,0.6676136363636362
42,10,1.0,5.0,FedAvg,0.7272727272727273
42,10,1.0,5.0,FedProx,0.7291666666666667
43,10,1.0,5.0,FedAvg,0.728219696969697
43,10,1.0,5.0,FedProx,0.731060606060606
44,10,1.0,5.0,FedAvg,0.7509469696969697
44,10,1.0,5.0,FedProx,0.7528409090909092
45,10,1.0,5.0,FedAvg,0.7424242424242424
45,10,1.0,5.0,FedProx,0.7452651515151515
46,10,1.0,5.0,FedAvg,0.7414772727272727
46,10,1.0,5.0,FedProx,0.7443181818181818
47,10,1.0,5.0,FedAvg,0.7490530303030303
47,10,1.0,5.0,FedProx,0.7462121212121212
48,10,1.0,5.0,FedAvg,0.7443181818181819
48,10,1.0,5.0,FedProx,0.7452651515151516
49,10,1.0,5.0,FedAvg,0.7329545454545454
49,10,1.0,5.0,FedProx,0.7329545454545454
50,10,1.0,5.0,FedAvg,0.7443181818181818
50,10,1.0,5.0,FedProx,0.7481060606060606
51,10,1.0,5.0,FedAvg,0.7339015151515151
51,10,1.0,5.0,FedProx,0.737689393939394
52,10,1.0,5.0,FedAvg,0.7424242424242424
52,10,1.0,5.0,FedProx,0.7462121212121212
53,10,1.0,5.0,FedAvg,0.7320075757575758
53,10,1.0,5.0,FedProx,0.7310606060606061
54,10,1.0,5.0,FedAvg,0.7301136363636364
54,10,1.0,5.0,FedProx,0.7291666666666666
55,10,1.0,5.0,FedAvg,0.7348484848484849
55,10,1.0,5.0,FedProx,0.7376893939393939
56,10,1.0,5.0,FedAvg,0.725378787878788
56,10,1.0,5.0,FedProx,0.7253787878787878
57,10,1.0,5.0,FedAvg,0.740530303030303
57,10,1.0,5.0,FedProx,0.740530303030303
58,10,1.0,5.0,FedAvg,0.7367424242424243
58,10,1.0,5.0,FedProx,0.737689393939394
59,10,1.0,5.0,FedAvg,0.7424242424242424
59,10,1.0,5.0,FedProx,0.7424242424242424
60,10,1.0,5.0,FedAvg,0.7386363636363638
60,10,1.0,5.0,FedProx,0.7386363636363636
61,10,1.0,5.0,FedAvg,0.7225378787878787
61,10,1.0,5.0,FedProx,0.7253787878787878
42,10,1.0,10.0,FedAvg,0.7462121212121211
42,10,1.0,10.0,FedProx,0.7490530303030303
43,10,1.0,10.0,FedAvg,0.7414772727272727
43,10,1.0,10.0,FedProx,0.7424242424242424
44,10,1.0,10.0,FedAvg,0.7556818181818182
44,10,1.0,10.0,FedProx,0.7585227272727273
45,10,1.0,10.0,FedAvg,0.7528409090909091
45,10,1.0,10.0,FedProx,0.7556818181818182
46,10,1.0,10.0,FedAvg,0.7585227272727273
46,10,1.0,10.0,FedProx,0.7604166666666666
47,10,1.0,10.0,FedAvg,0.7547348484848485
47,10,1.0,10.0,FedProx,0.7556818181818181
48,10,1.0,10.0,FedAvg,0.7585227272727273
48,10,1.0,10.0,FedProx,0.7575757575757576
49,10,1.0,10.0,FedAvg,0.7414772727272727
49,10,1.0,10.0,FedProx,0.7443181818181818
50,10,1.0,10.0,FedAvg,0.7537878787878788
50,10,1.0,10.0,FedProx,0.7556818181818181
51,10,1.0,10.0,FedAvg,0.7518939393939394
51,10,1.0,10.0,FedProx,0.7509469696969697
52,10,1.0,10.0,FedAvg,0.7518939393939393
52,10,1.0,10.0,FedProx,0.7509469696969697
53,10,1.0,10.0,FedAvg,0.7452651515151516
53,10,1.0,10.0,FedProx,0.7471590909090909
54,10,1.0,10.0,FedAvg,0.7424242424242424
54,10,1.0,10.0,FedProx,0.7414772727272727
55,10,1.0,10.0,FedAvg,0.7509469696969696
55,10,1.0,10.0,FedProx,0.7518939393939394
56,10,1.0,10.0,FedAvg,0.7357954545454546
56,10,1.0,10.0,FedProx,0.7329545454545455
57,10,1.0,10.0,FedAvg,0.7537878787878788
57,10,1.0,10.0,FedProx,0.7528409090909092
58,10,1.0,10.0,FedAvg,0.7471590909090908
58,10,1.0,10.0,FedProx,0.7443181818181818
59,10,1.0,10.0,FedAvg,0.7528409090909092
59,10,1.0,10.0,FedProx,0.7528409090909092
60,10,1.0,10.0,FedAvg,0.747159090909091
60,10,1.0,10.0,FedProx,0.7443181818181819
61,10,1.0,10.0,FedAvg,0.740530303030303
61,10,1.0,10.0,FedProx,0.7414772727272727
42,10,0.5,0.5,FedAvg,0.5965909090909091
42,10,0.5,0.5,FedProx,0.6003787878787878
43,10,0.5,0.5,FedAvg,0.5871212121212122
43,10,0.5,0.5,FedProx,0.5880681818181818
44,10,0.5,0.5,FedAvg,0.5975378787878787
44,10,0.5,0.5,FedProx,0.5899621212121211
45,10,0.5,0.5,FedAvg,0.6003787878787878
45,10,0.5,0.5,FedProx,0.5975378787878788
46,10,0.5,0.5,FedAvg,0.6003787878787878
46,10,0.5,0.5,FedProx,0.5975378787878788
47,10,0.5,0.5,FedAvg,0.5681818181818181
47,10,0.5,0.5,FedProx,0.5615530303030304
48,10,0.5,0.5,FedAvg,0.5653409090909091
48,10,0.5,0.5,FedProx,0.5587121212121212
49,10,0.5,0.5,FedAvg,0.5767045454545455
49,10,0.5,0.5,FedProx,0.5729166666666666
50,10,0.5,0.5,FedAvg,0.5700757575757576
50,10,0.5,0.5,FedProx,0.5681818181818181
51,10,0.5,0.5,FedAvg,0.5946969696969697
51,10,0.5,0.5,FedProx,0.5946969696969697
52,10,0.5,0.5,FedAvg,0.5899621212121212
52,10,0.5,0.5,FedProx,0.5965909090909091
53,10,0.5,0.5,FedAvg,0.5909090909090908
53,10,0.5,0.5,FedProx,0.5890151515151515
54,10,0.5,0.5,FedAvg,0.5795454545454546
54,10,0.5,0.5,FedProx,0.5833333333333334
55,10,0.5,0.5,FedAvg,0.6022727272727273
55,10,0.5,0.5,FedProx,0.6022727272727273
56,10,0.5,0.5,FedAvg,0.5994318181818181
56,10,0.5,0.5,FedProx,0.5918560606060606
57,10,0.5,0.5,FedAvg,0.581439393939394
57,10,0.5,0.5,FedProx,0.5710227272727273
58,10,0.5,0.5,FedAvg,0.5587121212121212
58,10,0.5,0.5,FedProx,0.5520833333333333
59,10,0.5,0.5,FedAvg,0.5530303030303031
59,10,0.5,0.5,FedProx,0.5492424242424243
60,10,0.5,0.5,FedAvg,0.5445075757575757
60,10,0.5,0.5,FedProx,0.5426136363636364
61,10,0.5,0.5,FedAvg,0.5539772727272727
61,10,0.5,0.5,FedProx,0.5501893939393939
42,10,0.5,1.0,FedAvg,0.643939393939394
42,10,0.5,1.0,FedProx,0.6382575757575757
43,10,0.5,1.0,FedAvg,0.6382575757575757
43,10,0.5,1.0,FedProx,0.634469696969697
44,10,0.5,1.0,FedAvg,0.6505681818181819
44,10,0.5,1.0,FedProx,0.6486742424242424
45,10,0.5,1.0,FedAvg,0.6448863636363635
45,10,0.5,1.0,FedProx,0.6429924242424243
46,10,0.5,1.0,FedAvg,0.6581439393939394
46,10,0.5,1.0,FedProx,0.6496212121212122
47,10,0.5,1.0,FedAvg,0.625
47,10,0.5,1.0,FedProx,0.6221590909090908
48,10,0.5,1.0,FedAvg,0.6202651515151515
48,10,0.5,1.0,FedProx,0.6174242424242424
49,10,0.5,1.0,FedAvg,0.6335227272727273
49,10,0.5,1.0,FedProx,0.6354166666666666
50,10,0.5,1.0,FedAvg,0.637310606060606
50,10,0.5,1.0,FedProx,0.6278409090909091
51,10,0.5,1.0,FedAvg,0.6448863636363636
51,10,0.5,1.0,FedProx,0.6505681818181818
52,10,0.5,1.0,FedAvg,0.6458333333333333
52,10,0.5,1.0,FedProx,0.6477272727272727
53,10,0.5,1.0,FedAvg,0.6467803030303031
53,10,0.5,1.0,FedProx,0.6439393939393939
54,10,0.5,1.0,FedAvg,0.6259469696969697
54,10,0.5,1.0,FedProx,0.6268939393939394
55,10,0.5,1.0,FedAvg,0.6448863636363636
55,10,0.5,1.0,FedProx,0.6477272727272727
56,10,0.5,1.0,FedAvg,0.6392045454545454
56,10,0.5,1.0,FedProx,0.6401515151515151
57,10,0.5,1.0,FedAvg,0.6259469696969697
57,10,0.5,1.0,FedProx,0.6268939393939394
58,10,0.5,1.0,FedAvg,0.6126893939393939
58,10,0.5,1.0,FedProx,0.6098484848484849
59,10,0.5,1.0,FedAvg,0.6079545454545455
59,10,0.5,1.0,FedProx,0.6032196969696969
60,10,0.5,1.0,FedAvg,0.5984848484848485
60,10,0.5,1.0,FedProx,0.59375
61,10,0.5,1.0,FedAvg,0.5984848484848485
61,10,0.5,1.0,FedProx,0.5928030303030304
42,10,0.5,2.0,FedAvg,0.7149621212121212
42,10,0.5,2.0,FedProx,0.7168560606060606
43,10,0.5,2.0,FedAvg,0.7083333333333334
43,10,0.5,2.0,FedProx,0.709280303030303
44,10,0.5,2.0,FedAvg,0.709280303030303
44,10,0.5,2.0,FedProx,0.7111742424242424
45,10,0.5,2.0,FedAvg,0.7130681818181819
45,10,0.5,2.0,FedProx,0.7168560606060606
46,10,0.5,2.0,FedAvg,0.7196969696969697
46,10,0.5,2.0,FedProx,0.7168560606060606
47,10,0.5,2.0,FedAvg,0.7007575757575757
47,10,0.5,2.0,FedProx,0.7017045454545454
48,10,0.5,2.0,FedAvg,0.7045454545454545
48,10,0.5,2.0,FedProx,0.6988636363636364
49,10,0.5,2.0,FedAvg,0.7007575757575757
49,10,0.5,2.0,FedProx,0.7026515151515151
50,10,0.5,2.0,FedAvg,0.6912878787878789
50,10,0.5,2.0,FedProx,0.6998106060606061
51,10,0.5,2.0,FedAvg,0.7111742424242424
51,10,0.5,2.0,FedProx,0.7149621212121212
52,10,0.5,2.0,FedAvg,0.7149621212121212
52,10,0.5,2.0,FedProx,0.7159090909090909
53,10,0.5,2.0,FedAvg,0.7073863636363635
53,10,0.5,2.0,FedProx,0.7102272727272727
54,10,0.5,2.0,FedAvg,0.6865530303030303
54,10,0.5,2.0,FedProx,0.6893939393939394
55,10,0.5,2.0,FedAvg,0.6988636363636365
55,10,0.5,2.0,FedProx,0.7007575757575758
56,10,0.5,2.0,FedAvg,0.6922348484848484
56,10,0.5,2.0,FedProx,0.6903409090909091
57,10,0.5,2.0,FedAvg,0.6922348484848485
57,10,0.5,2.0,FedProx,0.6931818181818182
58,10,0.5,2.0,FedAvg,0.6865530303030303
58,10,0.5,2.0,FedProx,0.6875
59,10,0.5,2.0,FedAvg,0.6893939393939394
59,10,0.5,2.0,FedProx,0.6856060606060608
60,10,0.5,2.0,FedAvg,0.6676136363636364
60,10,0.5,2.0,FedProx,0.668560606060606
61,10,0.5,2.0,FedAvg,0.6723484848484849
61,10,0.5,2.0,FedProx,0.6742424242424243
42,10,0.5,5.0,FedAvg,0.7282196969696969
42,10,0.5,5.0,FedProx,0.7291666666666667
43,10,0.5,5.0,FedAvg,0.7320075757575757
43,10,0.5,5.0,FedProx,0.7320075757575757
44,10,0.5,5.0,FedAvg,0.7490530303030303
44,10,0.5,5.0,FedProx,0.75
45,10,0.5,5.0,FedAvg,0.7424242424242424
45,10,0.5,5.0,FedProx,0.7462121212121212
46,10,0.5,5.0,FedAvg,0.7414772727272727
46,10,0.5,5.0,FedProx,0.7443181818181818
47,10,0.5,5.0,FedAvg,0.7452651515151515
47,10,0.5,5.0,FedProx,0.7471590909090908
48,10,0.5,5.0,FedAvg,0.7433712121212122
48,10,0.5,5.0,FedProx,0.7443181818181819
49,10,0.5,5.0,FedAvg,0.7357954545454546
49,10,0.5,5.0,FedProx,0.7329545454545454
50,10,0.5,5.0,FedAvg,0.7462121212121212
50,10,0.5,5.0,FedProx,0.7481060606060606
51,10,0.5,5.0,FedAvg,0.7357954545454546
51,10,0.5,5.0,FedProx,0.7414772727272727
52,10,0.5,5.0,FedAvg,0.7452651515151516
52,10,0.5,5.0,FedProx,0.7471590909090908
53,10,0.5,5.0,FedAvg,0.7320075757575757
53,10,0.5,5.0,FedProx,0.7348484848484848
54,10,0.5,5.0,FedAvg,0.7329545454545454
54,10,0.5,5.0,FedProx,0.7329545454545454
55,10,0.5,5.0,FedAvg,0.7339015151515151
55,10,0.5,5.0,FedProx,0.7386363636363636
56,10,0.5,5.0,FedAvg,0.7234848484848485
56,10,0.5,5.0,FedProx,0.7272727272727273
57,10,0.5,5.0,FedAvg,0.7414772727272727
57,10,0.5,5.0,FedProx,0.740530303030303
58,10,0.5,5.0,FedAvg,0.7357954545454546
58,10,0.5,5.0,FedProx,0.737689393939394
59,10,0.5,5.0,FedAvg,0.7405303030303031
59,10,0.5,5.0,FedProx,0.7443181818181819
60,10,0.5,5.0,FedAvg,0.7357954545454546
60,10,0.5,5.0,FedProx,0.7367424242424243
61,10,0.5,5.0,FedAvg,0.7244318181818181
61,10,0.5,5.0,FedProx,0.728219696969697
42,10,0.5,10.0,FedAvg,0.7471590909090909
42,10,0.5,10.0,FedProx,0.75
43,10,0.5,10.0,FedAvg,0.7414772727272727
43,10,0.5,10.0,FedProx,0.7424242424242424
44,10,0.5,10.0,FedAvg,0.7566287878787878
44,10,0.5,10.0,FedProx,0.756628787878788
45,10,0.5,10.0,FedAvg,0.7528409090909091
45,10,0.5,10.0,FedProx,0.756628787878788
46,10,0.5,10.0,FedAvg,0.7566287878787878
46,10,0.5,10.0,FedProx,0.7613636363636362
47,10,0.5,10.0,FedAvg,0.7556818181818182
47,10,0.5,10.0,FedProx,0.7556818181818182
48,10,0.5,10.0,FedAvg,0.759469696969697
48,10,0.5,10.0,FedProx,0.7585227272727273
49,10,0.5,10.0,FedAvg,0.7433712121212122
49,10,0.5,10.0,FedProx,0.7452651515151515
50,10,0.5,10.0,FedAvg,0.7556818181818181
50,10,0.5,10.0,FedProx,0.7566287878787878
51,10,0.5,10.0,FedAvg,0.7490530303030303
51,10,0.5,10.0,FedProx,0.7518939393939394
52,10,0.5,10.0,FedAvg,0.7528409090909091
52,10,0.5,10.0,FedProx,0.7537878787878788
53,10,0.5,10.0,FedAvg,0.7462121212121212
53,10,0.5,10.0,FedProx,0.7481060606060607
54,10,0.5,10.0,FedAvg,0.7424242424242424
54,10,0.5,10.0,FedProx,0.7433712121212122
55,10,0.5,10.0,FedAvg,0.7499999999999999
55,10,0.5,10.0,FedProx,0.7528409090909092
56,10,0.5,10.0,FedAvg,0.7320075757575759
56,10,0.5,10.0,FedProx,0.7329545454545455
57,10,0.5,10.0,FedAvg,0.7518939393939394
57,10,0.5,10.0,FedProx,0.7509469696969696
58,10,0.5,10.0,FedAvg,0.7452651515151514
58,10,0.5,10.0,FedProx,0.7452651515151514
59,10,0.5,10.0,FedAvg,0.7547348484848486
59,10,0.5,10.0,FedProx,0.7528409090909092
60,10,0.5,10.0,FedAvg,0.7443181818181819
60,10,0.5,10.0,FedProx,0.7452651515151515
61,10,0.5,10.0,FedAvg,0.7376893939393939
61,10,0.5,10.0,FedProx,0.7386363636363638
42,10,0.1,0.5,FedAvg,0.5975378787878788
42,10,0.1,0.5,FedProx,0.6022727272727272
43,10,0.1,0.5,FedAvg,0.5871212121212122
43,10,0.1,0.5,FedProx,0.5890151515151515
44,10,0.1,0.5,FedAvg,0.5965909090909092
44,10,0.1,0.5,FedProx,0.5890151515151516
45,10,0.1,0.5,FedAvg,0.6051136363636365
45,10,0.1,0.5,FedProx,0.6013257575757575
46,10,0.1,0.5,FedAvg,0.6022727272727273
46,10,0.1,0.5,FedProx,0.5965909090909092
47,10,0.1,0.5,FedAvg,0.5691287878787878
47,10,0.1,0.5,FedProx,0.5625
48,10,0.1,0.5,FedAvg,0.5625
48,10,0.1,0.5,FedProx,0.5568181818181818
49,10,0.1,0.5,FedAvg,0.5852272727272727
49,10,0.1,0.5,FedProx,0.5767045454545454
50,10,0.1,0.5,FedAvg,0.5710227272727273
50,10,0.1,0.5,FedProx,0.5653409090909092
51,10,0.1,0.5,FedAvg,0.59375
51,10,0.1,0.5,FedProx,0.5956439393939394
52,10,0.1,0.5,FedAvg,0.5909090909090909
52,10,0.1,0.5,FedProx,0.5965909090909092
53,10,0.1,0.5,FedAvg,0.5918560606060606
53,10,0.1,0.5,FedProx,0.5880681818181819
54,10,0.1,0.5,FedAvg,0.581439393939394
54,10,0.1,0.5,FedProx,0.584280303030303
55,10,0.1,0.5,FedAvg,0.6022727272727273
55,10,0.1,0.5,FedProx,0.6060606060606061
56,10,0.1,0.5,FedAvg,0.6022727272727273
56,10,0.1,0.5,FedProx,0.5956439393939393
57,10,0.1,0.5,FedAvg,0.5795454545454546
57,10,0.1,0.5,FedProx,0.5700757575757576
58,10,0.1,0.5,FedAvg,0.5568181818181819
58,10,0.1,0.5,FedProx,0.5501893939393939
59,10,0.1,0.5,FedAvg,0.5549242424242424
59,10,0.1,0.5,FedProx,0.5520833333333334
60,10,0.1,0.5,FedAvg,0.5454545454545454
60,10,0.1,0.5,FedProx,0.5454545454545454
61,10,0.1,0.5,FedAvg,0.5482954545454546
61,10,0.1,0.5,FedProx,0.5482954545454546
42,10,0.1,1.0,FedAvg,0.649621212121212
42,10,0.1,1.0,FedProx,0.6420454545454545
43,10,0.1,1.0,FedAvg,0.6382575757575759
43,10,0.1,1.0,FedProx,0.6354166666666667
44,10,0.1,1.0,FedAvg,0.6448863636363636
44,10,0.1,1.0,FedProx,0.6429924242424243
45,10,0.1,1.0,FedAvg,0.6486742424242424
45,10,0.1,1.0,FedProx,0.6458333333333333
46,10,0.1,1.0,FedAvg,0.6600378787878787
46,10,0.1,1.0,FedProx,0.6505681818181819
47,10,0.1,1.0,FedAvg,0.6221590909090909
47,10,0.1,1.0,FedProx,0.6221590909090909
48,10,0.1,1.0,FedAvg,0.6212121212121212
48,10,0.1,1.0,FedProx,0.6193181818181818
49,10,0.1,1.0,FedAvg,0.6429924242424242
49,10,0.1,1.0,FedProx,0.6410984848484849
50,10,0.1,1.0,FedAvg,0.6335227272727273
50,10,0.1,1.0,FedProx,0.6287878787878787
51,10,0.1,1.0,FedAvg,0.6392045454545454
51,10,0.1,1.0,FedProx,0.6486742424242424
52,10,0.1,1.0,FedAvg,0.643939393939394
52,10,0.1,1.0,FedProx,0.6505681818181818
53,10,0.1,1.0,FedAvg,0.6448863636363636
53,10,0.1,1.0,FedProx,0.6458333333333334
54,10,0.1,1.0,FedAvg,0.6306818181818181
54,10,0.1,1.0,FedProx,0.6278409090909091
55,10,0.1,1.0,FedAvg,0.6477272727272727
55,10,0.1,1.0,FedProx,0.6477272727272727
56,10,0.1,1.0,FedAvg,0.6420454545454546
56,10,0.1,1.0,FedProx,0.6429924242424243
57,10,0.1,1.0,FedAvg,0.6268939393939394
57,10,0.1,1.0,FedProx,0.625
58,10,0.1,1.0,FedAvg,0.6089015151515151
58,10,0.1,1.0,FedProx,0.6107954545454546
59,10,0.1,1.0,FedAvg,0.6051136363636364
59,10,0.1,1.0,FedProx,0.6060606060606061
60,10,0.1,1.0,FedAvg,0.5956439393939394
60,10,0.1,1.0,FedProx,0.5946969696969696
61,10,0.1,1.0,FedAvg,0.5965909090909091
61,10,0.1,1.0,FedProx,0.5890151515151515
42,10,0.1,2.0,FedAvg,0.7196969696969697
42,10,0.1,2.0,FedProx,0.7196969696969697
43,10,0.1,2.0,FedAvg,0.7092803030303031
43,10,0.1,2.0,FedProx,0.7102272727272727
44,10,0.1,2.0,FedAvg,0.7159090909090909
44,10,0.1,2.0,FedProx,0.7111742424242424
45,10,0.1,2.0,FedAvg,0.71875
45,10,0.1,2.0,FedProx,0.7206439393939394
46,10,0.1,2.0,FedAvg,0.7196969696969697
46,10,0.1,2.0,FedProx,0.7215909090909092
47,10,0.1,2.0,FedAvg,0.7035984848484849
47,10,0.1,2.0,FedProx,0.7017045454545454
48,10,0.1,2.0,FedAvg,0.7035984848484849
48,10,0.1,2.0,FedProx,0.6979166666666666
49,10,0.1,2.0,FedAvg,0.7168560606060606
49,10,0.1,2.0,FedProx,0.7121212121212122
50,10,0.1,2.0,FedAvg,0.696969696969697
50,10,0.1,2.0,FedProx,0.7026515151515151
51,10,0.1,2.0,FedAvg,0.7111742424242424
51,10,0.1,2.0,FedProx,0.7111742424242424
52,10,0.1,2.0,FedAvg,0.7149621212121212
52,10,0.1,2.0,FedProx,0.7149621212121212
53,10,0.1,2.0,FedAvg,0.7111742424242424
53,10,0.1,2.0,FedProx,0.7121212121212122
54,10,0.1,2.0,FedAvg,0.6893939393939394
54,10,0.1,2.0,FedProx,0.6856060606060606
55,10,0.1,2.0,FedAvg,0.7054924242424243
55,10,0.1,2.0,FedProx,0.7026515151515151
56,10,0.1,2.0,FedAvg,0.6941287878787878
56,10,0.1,2.0,FedProx,0.6931818181818181
57,10,0.1,2.0,FedAvg,0.6931818181818181
57,10,0.1,2.0,FedProx,0.6950757575757576
58,10,0.1,2.0,FedAvg,0.6884469696969697
58,10,0.1,2.0,FedProx,0.6903409090909091
59,10,0.1,2.0,FedAvg,0.6884469696969697
59,10,0.1,2.0,FedProx,0.6893939393939394
60,10,0.1,2.0,FedAvg,0.6714015151515151
60,10,0.1,2.0,FedProx,0.6714015151515151
61,10,0.1,2.0,FedAvg,0.6704545454545454
61,10,0.1,2.0,FedProx,0.6742424242424242
42,10,0.1,5.0,FedAvg,0.7272727272727273
42,10,0.1,5.0,FedProx,0.728219696969697
43,10,0.1,5.0,FedAvg,0.7320075757575757
43,10,0.1,5.0,FedProx,0.7320075757575757
44,10,0.1,5.0,FedAvg,0.75
44,10,0.1,5.0,FedProx,0.7518939393939394
45,10,0.1,5.0,FedAvg,0.7424242424242424
45,10,0.1,5.0,FedProx,0.7443181818181819
46,10,0.1,5.0,FedAvg,0.740530303030303
46,10,0.1,5.0,FedProx,0.7433712121212122
47,10,0.1,5.0,FedAvg,0.7414772727272727
47,10,0.1,5.0,FedProx,0.7462121212121212
48,10,0.1,5.0,FedAvg,0.7433712121212122
48,10,0.1,5.0,FedProx,0.7443181818181819
49,10,0.1,5.0,FedAvg,0.7357954545454546
49,10,0.1,5.0,FedProx,0.7310606060606061
50,10,0.1,5.0,FedAvg,0.7471590909090908
50,10,0.1,5.0,FedProx,0.7509469696969697
51,10,0.1,5.0,FedAvg,0.7376893939393939
51,10,0.1,5.0,FedProx,0.7414772727272728
52,10,0.1,5.0,FedAvg,0.740530303030303
52,10,0.1,5.0,FedProx,0.7433712121212122
53,10,0.1,5.0,FedAvg,0.7348484848484849
53,10,0.1,5.0,FedProx,0.7357954545454546
54,10,0.1,5.0,FedAvg,0.7320075757575757
54,10,0.1,5.0,FedProx,0.7339015151515151
55,10,0.1,5.0,FedAvg,0.7367424242424242
55,10,0.1,5.0,FedProx,0.7433712121212122
56,10,0.1,5.0,FedAvg,0.7253787878787881
56,10,0.1,5.0,FedProx,0.728219696969697
57,10,0.1,5.0,FedAvg,0.7395833333333334
57,10,0.1,5.0,FedProx,0.7424242424242424
58,10,0.1,5.0,FedAvg,0.7376893939393939
58,10,0.1,5.0,FedProx,0.7376893939393939
59,10,0.1,5.0,FedAvg,0.7414772727272728
59,10,0.1,5.0,FedProx,0.7462121212121211
60,10,0.1,5.0,FedAvg,0.7357954545454546
60,10,0.1,5.0,FedProx,0.7367424242424243
61,10,0.1,5.0,FedAvg,0.7263257575757576
61,10,0.1,5.0,FedProx,0.7263257575757576
42,10,0.1,10.0,FedAvg,0.7471590909090909
42,10,0.1,10.0,FedProx,0.7471590909090909
43,10,0.1,10.0,FedAvg,0.7414772727272727
43,10,0.1,10.0,FedProx,0.7424242424242424
44,10,0.1,10.0,FedAvg,0.7547348484848485
44,10,0.1,10.0,FedProx,0.7575757575757576
45,10,0.1,10.0,FedAvg,0.7537878787878788
45,10,0.1,10.0,FedProx,0.7537878787878788
46,10,0.1,10.0,FedAvg,0.7566287878787878
46,10,0.1,10.0,FedProx,0.759469696969697
47,10,0.1,10.0,FedAvg,0.7547348484848485
47,10,0.1,10.0,FedProx,0.7556818181818181
48,10,0.1,10.0,FedAvg,0.759469696969697
48,10,0.1,10.0,FedProx,0.7566287878787878
49,10,0.1,10.0,FedAvg,0.7452651515151515
49,10,0.1,10.0,FedProx,0.7471590909090909
50,10,0.1,10.0,FedAvg,0.7518939393939394
50,10,0.1,10.0,FedProx,0.7566287878787878
51,10,0.1,10.0,FedAvg,0.7509469696969697
51,10,0.1,10.0,FedProx,0.7509469696969697
52,10,0.1,10.0,FedAvg,0.7509469696969696
52,10,0.1,10.0,FedProx,0.7518939393939394
53,10,0.1,10.0,FedAvg,0.7462121212121213
53,10,0.1,10.0,FedProx,0.7490530303030303
54,10,0.1,10.0,FedAvg,0.7414772727272727
54,10,0.1,10.0,FedProx,0.7414772727272727
55,10,0.1,10.0,FedAvg,0.7490530303030303
55,10,0.1,10.0,FedProx,0.7509469696969696
56,10,0.1,10.0,FedAvg,0.7329545454545456
56,10,0.1,10.0,FedProx,0.7339015151515152
57,10,0.1,10.0,FedAvg,0.7518939393939394
57,10,0.1,10.0,FedProx,0.7528409090909092
58,10,0.1,10.0,FedAvg,0.7481060606060606
58,10,0.1,10.0,FedProx,0.75
59,10,0.1,10.0,FedAvg,0.7547348484848486
59,10,0.1,10.0,FedProx,0.7537878787878789
60,10,0.1,10.0,FedAvg,0.7443181818181819
60,10,0.1,10.0,FedProx,0.7462121212121211
61,10,0.1,10.0,FedAvg,0.7367424242424242
61,10,0.1,10.0,FedProx,0.7376893939393939
42,15,10.0,0.5,FedAvg,0.5426136363636364
42,15,10.0,0.5,FedProx,0.5416666666666666
43,15,10.0,0.5,FedAvg,0.5539772727272727
43,15,10.0,0.5,FedProx,0.5558712121212122
44,15,10.0,0.5,FedAvg,0.5321969696969697
44,15,10.0,0.5,FedProx,0.5293560606060606
45,15,10.0,0.5,FedAvg,0.5520833333333333
45,15,10.0,0.5,FedProx,0.5445075757575758
46,15,10.0,0.5,FedAvg,0.6164772727272727
46,15,10.0,0.5,FedProx,0.6145833333333333
47,15,10.0,0.5,FedAvg,0.6032196969696969
47,15,10.0,0.5,FedProx,0.6013257575757576
48,15,10.0,0.5,FedAvg,0.574810606060606
48,15,10.0,0.5,FedProx,0.5738636363636365
49,15,10.0,0.5,FedAvg,0.6022727272727273
49,15,10.0,0.5,FedProx,0.5946969696969697
50,15,10.0,0.5,FedAvg,0.5852272727272727
50,15,10.0,0.5,FedProx,0.5823863636363636
51,15,10.0,0.5,FedAvg,0.5426136363636364
51,15,10.0,0.5,FedProx,0.5445075757575757
52,15,10.0,0.5,FedAvg,0.5321969696969697
52,15,10.0,0.5,FedProx,0.5274621212121212
53,15,10.0,0.5,FedAvg,0.5359848484848484
53,15,10.0,0.5,FedProx,0.5340909090909092
54,15,10.0,0.5,FedAvg,0.4990530303030303
54,15,10.0,0.5,FedProx,0.4962121212121212
55,15,10.0,0.5,FedAvg,0.5189393939393939
55,15,10.0,0.5,FedProx,0.5189393939393939
56,15,10.0,0.5,FedAvg,0.5833333333333333
56,15,10.0,0.5,FedProx,0.5757575757575758
57,15,10.0,0.5,FedAvg,0.5984848484848485
57,15,10.0,0.5,FedProx,0.5909090909090908
58,15,10.0,0.5,FedAvg,0.581439393939394
58,15,10.0,0.5,FedProx,0.5738636363636364
59,15,10.0,0.5,FedAvg,0.5956439393939394
59,15,10.0,0.5,FedProx,0.5946969696969697
60,15,10.0,0.5,FedAvg,0.5776515151515151
60,15,10.0,0.5,FedProx,0.5767045454545454
61,15,10.0,0.5,FedAvg,0.5359848484848485
61,15,10.0,0.5,FedProx,0.5350378787878788
42,15,10.0,1.0,FedAvg,0.5776515151515152
42,15,10.0,1.0,FedProx,0.5776515151515151
43,15,10.0,1.0,FedAvg,0.5946969696969697
43,15,10.0,1.0,FedProx,0.5890151515151515
44,15,10.0,1.0,FedAvg,0.5568181818181819
44,15,10.0,1.0,FedProx,0.5577651515151515
45,15,10.0,1.0,FedAvg,0.5767045454545454
45,15,10.0,1.0,FedProx,0.5804924242424242
46,15,10.0,1.0,FedAvg,0.6354166666666667
46,15,10.0,1.0,FedProx,0.6325757575757576
47,15,10.0,1.0,FedAvg,0.6268939393939394
47,15,10.0,1.0,FedProx,0.6287878787878788
48,15,10.0,1.0,FedAvg,0.6145833333333334
48,15,10.0,1.0,FedProx,0.6174242424242424
49,15,10.0,1.0,FedAvg,0.6287878787878788
49,15,10.0,1.0,FedProx,0.634469696969697
50,15,10.0,1.0,FedAvg,0.6193181818181819
50,15,10.0,1.0,FedProx,0.6164772727272727
51,15,10.0,1.0,FedAvg,0.5804924242424242
51,15,10.0,1.0,FedProx,0.5767045454545454
52,15,10.0,1.0,FedAvg,0.5634469696969697
52,15,10.0,1.0,FedProx,0.5615530303030303
53,15,10.0,1.0,FedAvg,0.5776515151515151
53,15,10.0,1.0,FedProx,0.5738636363636364
54,15,10.0,1.0,FedAvg,0.5464015151515151
54,15,10.0,1.0,FedProx,0.5369318181818181
55,15,10.0,1.0,FedAvg,0.5577651515151515
55,15,10.0,1.0,FedProx,0.5587121212121212
56,15,10.0,1.0,FedAvg,0.6098484848484849
56,15,10.0,1.0,FedProx,0.6051136363636365
57,15,10.0,1.0,FedAvg,0.6107954545454546
57,15,10.0,1.0,FedProx,0.615530303030303
58,15,10.0,1.0,FedAvg,0.6098484848484849
58,15,10.0,1.0,FedProx,0.612689393939394
59,15,10.0,1.0,FedAvg,0.6278409090909091
59,15,10.0,1.0,FedProx,0.6316287878787878
60,15,10.0,1.0,FedAvg,0.6164772727272727
60,15,10.0,1.0,FedProx,0.615530303030303
61,15,10.0,1.0,FedAvg,0.5700757575757576
61,15,10.0,1.0,FedProx,0.5681818181818182
42,15,10.0,2.0,FedAvg,0.643939393939394
42,15,10.0,2.0,FedProx,0.6486742424242424
43,15,10.0,2.0,FedAvg,0.646780303030303
43,15,10.0,2.0,FedProx,0.6467803030303031
44,15,10.0,2.0,FedAvg,0.6278409090909091
44,15,10.0,2.0,FedProx,0.6363636363636362
45,15,10.0,2.0,FedAvg,0.6268939393939394
45,15,10.0,2.0,FedProx,0.6297348484848485
46,15,10.0,2.0,FedAvg,0.6837121212121212
46,15,10.0,2.0,FedProx,0.6789772727272727
47,15,10.0,2.0,FedAvg,0.678030303030303
47,15,10.0,2.0,FedProx,0.678030303030303
48,15,10.0,2.0,FedAvg,0.6609848484848484
48,15,10.0,2.0,FedProx,0.6647727272727273
49,15,10.0,2.0,FedAvg,0.6732954545454546
49,15,10.0,2.0,FedProx,0.6789772727272728
50,15,10.0,2.0,FedAvg,0.6761363636363638
50,15,10.0,2.0,FedProx,0.6770833333333334
51,15,10.0,2.0,FedAvg,0.6297348484848484
51,15,10.0,2.0,FedProx,0.6325757575757576
52,15,10.0,2.0,FedAvg,0.6448863636363636
52,15,10.0,2.0,FedProx,0.6571969696969697
53,15,10.0,2.0,FedAvg,0.6410984848484849
53,15,10.0,2.0,FedProx,0.6382575757575758
54,15,10.0,2.0,FedAvg,0.603219696969697
54,15,10.0,2.0,FedProx,0.5984848484848485
55,15,10.0,2.0,FedAvg,0.6145833333333333
55,15,10.0,2.0,FedProx,0.6136363636363636
56,15,10.0,2.0,FedAvg,0.65625
56,15,10.0,2.0,FedProx,0.65625
57,15,10.0,2.0,FedAvg,0.6571969696969697
57,15,10.0,2.0,FedProx,0.6590909090909092
58,15,10.0,2.0,FedAvg,0.65625
58,15,10.0,2.0,FedProx,0.6581439393939393
59,15,10.0,2.0,FedAvg,0.6628787878787878
59,15,10.0,2.0,FedProx,0.6666666666666667
60,15,10.0,2.0,FedAvg,0.6647727272727273
60,15,10.0,2.0,FedProx,0.6628787878787878
61,15,10.0,2.0,FedAvg,0.6325757575757576
61,15,10.0,2.0,FedProx,0.6344696969696969
42,15,10.0,5.0,FedAvg,0.7234848484848485
42,15,10.0,5.0,FedProx,0.7215909090909092
43,15,10.0,5.0,FedAvg,0.7301136363636362
43,15,10.0,5.0,FedProx,0.7301136363636364
44,15,10.0,5.0,FedAvg,0.7272727272727273
44,15,10.0,5.0,FedProx,0.7263257575757576
45,15,10.0,5.0,FedAvg,0.7140151515151515
45,15,10.0,5.0,FedProx,0.7111742424242424
46,15,10.0,5.0,FedAvg,0.7196969696969697
46,15,10.0,5.0,FedProx,0.7215909090909091
47,15,10.0,5.0,FedAvg,0.7206439393939394
47,15,10.0,5.0,FedProx,0.7234848484848485
48,15,10.0,5.0,FedAvg,0.7102272727272727
48,15,10.0,5.0,FedProx,0.7111742424242424
49,15,10.0,5.0,FedAvg,0.7244318181818181
49,15,10.0,5.0,FedProx,0.7301136363636364
50,15,10.0,5.0,FedAvg,0.7462121212121213
50,15,10.0,5.0,FedProx,0.7471590909090908
51,15,10.0,5.0,FedAvg,0.7253787878787878
51,15,10.0,5.0,FedProx,0.7253787878787878
52,15,10.0,5.0,FedAvg,0.7329545454545454
52,15,10.0,5.0,FedProx,0.7357954545454546
53,15,10.0,5.0,FedAvg,0.7253787878787878
53,15,10.0,5.0,FedProx,0.7206439393939394
54,15,10.0,5.0,FedAvg,0.7045454545454545
54,15,10.0,5.0,FedProx,0.7054924242424243
55,15,10.0,5.0,FedAvg,0.6931818181818181
55,15,10.0,5.0,FedProx,0.6960227272727273
56,15,10.0,5.0,FedAvg,0.6960227272727273
56,15,10.0,5.0,FedProx,0.6960227272727273
57,15,10.0,5.0,FedAvg,0.7073863636363635
57,15,10.0,5.0,FedProx,0.7121212121212122
58,15,10.0,5.0,FedAvg,0.6998106060606061
58,15,10.0,5.0,FedProx,0.7026515151515151
59,15,10.0,5.0,FedAvg,0.7291666666666667
59,15,10.0,5.0,FedProx,0.7320075757575758
60,15,10.0,5.0,FedAvg,0.7395833333333334
60,15,10.0,5.0,FedProx,0.7424242424242424
61,15,10.0,5.0,FedAvg,0.7130681818181819
61,15,10.0,5.0,FedProx,0.7130681818181819
42,15,10.0,10.0,FedAvg,0.7443181818181818
42,15,10.0,10.0,FedProx,0.7452651515151515
43,15,10.0,10.0,FedAvg,0.7395833333333334
43,15,10.0,10.0,FedProx,0.7414772727272727
44,15,10.0,10.0,FedAvg,0.7481060606060606
44,15,10.0,10.0,FedProx,0.75
45,15,10.0,10.0,FedAvg,0.7386363636363636
45,15,10.0,10.0,FedProx,0.737689393939394
46,15,10.0,10.0,FedAvg,0.7414772727272727
46,15,10.0,10.0,FedProx,0.7443181818181819
47,15,10.0,10.0,FedAvg,0.7357954545454546
47,15,10.0,10.0,FedProx,0.7348484848484849
48,15,10.0,10.0,FedAvg,0.7320075757575758
48,15,10.0,10.0,FedProx,0.7320075757575757
49,15,10.0,10.0,FedAvg,0.731060606060606
49,15,10.0,10.0,FedProx,0.7329545454545454
50,15,10.0,10.0,FedAvg,0.7509469696969697
50,15,10.0,10.0,FedProx,0.7518939393939394
51,15,10.0,10.0,FedAvg,0.7405303030303032
51,15,10.0,10.0,FedProx,0.7443181818181819
52,15,10.0,10.0,FedAvg,0.7518939393939394
52,15,10.0,10.0,FedProx,0.7528409090909092
53,15,10.0,10.0,FedAvg,0.7481060606060606
53,15,10.0,10.0,FedProx,0.7481060606060606
54,15,10.0,10.0,FedAvg,0.7329545454545455
54,15,10.0,10.0,FedProx,0.7357954545454545
55,15,10.0,10.0,FedAvg,0.7414772727272727
55,15,10.0,10.0,FedProx,0.740530303030303
56,15,10.0,10.0,FedAvg,0.7263257575757576
56,15,10.0,10.0,FedProx,0.7291666666666666
57,15,10.0,10.0,FedAvg,0.7395833333333333
57,15,10.0,10.0,FedProx,0.7433712121212122
58,15,10.0,10.0,FedAvg,0.740530303030303
58,15,10.0,10.0,FedProx,0.7395833333333334
59,15,10.0,10.0,FedAvg,0.7414772727272727
59,15,10.0,10.0,FedProx,0.7433712121212122
60,15,10.0,10.0,FedAvg,0.740530303030303
60,15,10.0,10.0,FedProx,0.740530303030303
61,15,10.0,10.0,FedAvg,0.7357954545454545
61,15,10.0,10.0,FedProx,0.7386363636363636
42,15,1.0,0.5,FedAvg,0.5407196969696969
42,15,1.0,0.5,FedProx,0.5416666666666666
43,15,1.0,0.5,FedAvg,0.5558712121212122
43,15,1.0,0.5,FedProx,0.5558712121212122
44,15,1.0,0.5,FedAvg,0.5340909090909092
44,15,1.0,0.5,FedProx,0.5284090909090908
45,15,1.0,0.5,FedAvg,0.5473484848484849
45,15,1.0,0.5,FedProx,0.5435606060606061
46,15,1.0,0.5,FedAvg,0.6155303030303031
46,15,1.0,0.5,FedProx,0.615530303030303
47,15,1.0,0.5,FedAvg,0.6013257575757575
47,15,1.0,0.5,FedProx,0.6013257575757576
48,15,1.0,0.5,FedAvg,0.574810606060606
48,15,1.0,0.5,FedProx,0.5729166666666667
49,15,1.0,0.5,FedAvg,0.603219696969697
49,15,1.0,0.5,FedProx,0.6003787878787878
50,15,1.0,0.5,FedAvg,0.5852272727272727
50,15,1.0,0.5,FedProx,0.5823863636363636
51,15,1.0,0.5,FedAvg,0.5435606060606061
51,15,1.0,0.5,FedProx,0.5482954545454546
52,15,1.0,0.5,FedAvg,0.5331439393939394
52,15,1.0,0.5,FedProx,0.5274621212121212
53,15,1.0,0.5,FedAvg,0.5359848484848484
53,15,1.0,0.5,FedProx,0.5350378787878788
54,15,1.0,0.5,FedAvg,0.5009469696969697
54,15,1.0,0.5,FedProx,0.49715909090909094
55,15,1.0,0.5,FedAvg,0.5179924242424242
55,15,1.0,0.5,FedProx,0.5208333333333334
56,15,1.0,0.5,FedAvg,0.584280303030303
56,15,1.0,0.5,FedProx,0.5767045454545454
57,15,1.0,0.5,FedAvg,0.5975378787878789
57,15,1.0,0.5,FedProx,0.5890151515151515
58,15,1.0,0.5,FedAvg,0.5804924242424242
58,15,1.0,0.5,FedProx,0.5738636363636364
59,15,1.0,0.5,FedAvg,0.5975378787878788
59,15,1.0,0.5,FedProx,0.59375
60,15,1.0,0.5,FedAvg,0.5776515151515151
60,15,1.0,0.5,FedProx,0.5776515151515151
61,15,1.0,0.5,FedAvg,0.5388257575757576
61,15,1.0,0.5,FedProx,0.5350378787878788
42,15,1.0,1.0,FedAvg,0.5776515151515151
42,15,1.0,1.0,FedProx,0.5748106060606061
43,15,1.0,1.0,FedAvg,0.5965909090909092
43,15,1.0,1.0,FedProx,0.5852272727272727
44,15,1.0,1.0,FedAvg,0.5596590909090909
44,15,1.0,1.0,FedProx,0.5549242424242424
45,15,1.0,1.0,FedAvg,0.5767045454545454
45,15,1.0,1.0,FedProx,0.5785984848484849
46,15,1.0,1.0,FedAvg,0.6373106060606061
46,15,1.0,1.0,FedProx,0.6335227272727273
47,15,1.0,1.0,FedAvg,0.6240530303030303
47,15,1.0,1.0,FedProx,0.6240530303030303
48,15,1.0,1.0,FedAvg,0.612689393939394
48,15,1.0,1.0,FedProx,0.6164772727272727
49,15,1.0,1.0,FedAvg,0.6335227272727273
49,15,1.0,1.0,FedProx,0.6373106060606061
50,15,1.0,1.0,FedAvg,0.6145833333333333
50,15,1.0,1.0,FedProx,0.6174242424242424
51,15,1.0,1.0,FedAvg,0.581439393939394
51,15,1.0,1.0,FedProx,0.5795454545454546
52,15,1.0,1.0,FedAvg,0.5643939393939394
52,15,1.0,1.0,FedProx,0.5625
53,15,1.0,1.0,FedAvg,0.5795454545454546
53,15,1.0,1.0,FedProx,0.5757575757575757
54,15,1.0,1.0,FedAvg,0.5445075757575757
54,15,1.0,1.0,FedProx,0.5369318181818181
55,15,1.0,1.0,FedAvg,0.5558712121212122
55,15,1.0,1.0,FedProx,0.5596590909090908
56,15,1.0,1.0,FedAvg,0.6098484848484849
56,15,1.0,1.0,FedProx,0.6070075757575757
57,15,1.0,1.0,FedAvg,0.6117424242424243
57,15,1.0,1.0,FedProx,0.615530303030303
58,15,1.0,1.0,FedAvg,0.6107954545454546
58,15,1.0,1.0,FedProx,0.6117424242424243
59,15,1.0,1.0,FedAvg,0.6297348484848485
59,15,1.0,1.0,FedProx,0.6278409090909091
60,15,1.0,1.0,FedAvg,0.6145833333333333
60,15,1.0,1.0,FedProx,0.6145833333333333
61,15,1.0,1.0,FedAvg,0.5700757575757576
61,15,1.0,1.0,FedProx,0.5700757575757576
42,15,1.0,2.0,FedAvg,0.6448863636363638
42,15,1.0,2.0,FedProx,0.6486742424242424
43,15,1.0,2.0,FedAvg,0.6524621212121212
43,15,1.0,2.0,FedProx,0.6496212121212122
44,15,1.0,2.0,FedAvg,0.6287878787878789
44,15,1.0,2.0,FedProx,0.6306818181818181
45,15,1.0,2.0,FedAvg,0.6287878787878788
45,15,1.0,2.0,FedProx,0.6297348484848486
46,15,1.0,2.0,FedAvg,0.6856060606060606
46,15,1.0,2.0,FedProx,0.6789772727272727
47,15,1.0,2.0,FedAvg,0.6742424242424241
47,15,1.0,2.0,FedProx,0.678030303030303
48,15,1.0,2.0,FedAvg,0.6553030303030303
48,15,1.0,2.0,FedProx,0.6647727272727273
49,15,1.0,2.0,FedAvg,0.675189393939394
49,15,1.0,2.0,FedProx,0.6808712121212122
50,15,1.0,2.0,FedAvg,0.6761363636363638
50,15,1.0,2.0,FedProx,0.6751893939393939
51,15,1.0,2.0,FedAvg,0.6325757575757576
51,15,1.0,2.0,FedProx,0.6335227272727273
52,15,1.0,2.0,FedAvg,0.6448863636363638
52,15,1.0,2.0,FedProx,0.6571969696969697
53,15,1.0,2.0,FedAvg,0.646780303030303
53,15,1.0,2.0,FedProx,0.6420454545454545
54,15,1.0,2.0,FedAvg,0.5965909090909091
54,15,1.0,2.0,FedProx,0.5946969696969697
55,15,1.0,2.0,FedAvg,0.615530303030303
55,15,1.0,2.0,FedProx,0.6117424242424243
56,15,1.0,2.0,FedAvg,0.6571969696969697
56,15,1.0,2.0,FedProx,0.65625
57,15,1.0,2.0,FedAvg,0.6543560606060606
57,15,1.0,2.0,FedProx,0.6571969696969697
58,15,1.0,2.0,FedAvg,0.6571969696969697
58,15,1.0,2.0,FedProx,0.6590909090909091
59,15,1.0,2.0,FedAvg,0.6647727272727272
59,15,1.0,2.0,FedProx,0.6695075757575757
60,15,1.0,2.0,FedAvg,0.6628787878787878
60,15,1.0,2.0,FedProx,0.6600378787878788
61,15,1.0,2.0,FedAvg,0.6325757575757575
61,15,1.0,2.0,FedProx,0.6335227272727273
42,15,1.0,5.0,FedAvg,0.7234848484848485
42,15,1.0,5.0,FedProx,0.7206439393939394
43,15,1.0,5.0,FedAvg,0.731060606060606
43,15,1.0,5.0,FedProx,0.7320075757575757
44,15,1.0,5.0,FedAvg,0.7244318181818181
44,15,1.0,5.0,FedProx,0.7244318181818182
45,15,1.0,5.0,FedAvg,0.7140151515151515
45,15,1.0,5.0,FedProx,0.7130681818181818
46,15,1.0,5.0,FedAvg,0.71875
46,15,1.0,5.0,FedProx,0.7215909090909091
47,15,1.0,5.0,FedAvg,0.7196969696969697
47,15,1.0,5.0,FedProx,0.7234848484848486
48,15,1.0,5.0,FedAvg,0.7073863636363636
48,15,1.0,5.0,FedProx,0.7083333333333333
49,15,1.0,5.0,FedAvg,0.728219696969697
49,15,1.0,5.0,FedProx,0.7310606060606061
50,15,1.0,5.0,FedAvg,0.7443181818181819
50,15,1.0,5.0,FedProx,0.7481060606060608
51,15,1.0,5.0,FedAvg,0.7234848484848485
51,15,1.0,5.0,FedProx,0.7263257575757576
52,15,1.0,5.0,FedAvg,0.7320075757575757
52,15,1.0,5.0,FedProx,0.7348484848484849
53,15,1.0,5.0,FedAvg,0.7272727272727273
53,15,1.0,5.0,FedProx,0.7253787878787878
54,15,1.0,5.0,FedAvg,0.7007575757575758
54,15,1.0,5.0,FedProx,0.7026515151515151
55,15,1.0,5.0,FedAvg,0.6941287878787878
55,15,1.0,5.0,FedProx,0.6960227272727273
56,15,1.0,5.0,FedAvg,0.6988636363636364
56,15,1.0,5.0,FedProx,0.6988636363636364
57,15,1.0,5.0,FedAvg,0.7045454545454545
57,15,1.0,5.0,FedProx,0.7102272727272727
58,15,1.0,5.0,FedAvg,0.6988636363636364
58,15,1.0,5.0,FedProx,0.7017045454545454
59,15,1.0,5.0,FedAvg,0.7263257575757576
59,15,1.0,5.0,FedProx,0.7329545454545454
60,15,1.0,5.0,FedAvg,0.7386363636363638
60,15,1.0,5.0,FedProx,0.7424242424242424
61,15,1.0,5.0,FedAvg,0.7111742424242424
61,15,1.0,5.0,FedProx,0.7130681818181819
42,15,1.0,10.0,FedAvg,0.7443181818181818
42,15,1.0,10.0,FedProx,0.7443181818181819
43,15,1.0,10.0,FedAvg,0.740530303030303
43,15,1.0,10.0,FedProx,0.7405303030303031
44,15,1.0,10.0,FedAvg,0.7481060606060606
44,15,1.0,10.0,FedProx,0.7509469696969697
45,15,1.0,10.0,FedAvg,0.7386363636363636
45,15,1.0,10.0,FedProx,0.737689393939394
46,15,1.0,10.0,FedAvg,0.7414772727272727
46,15,1.0,10.0,FedProx,0.7433712121212122
47,15,1.0,10.0,FedAvg,0.7376893939393939
47,15,1.0,10.0,FedProx,0.7348484848484849
48,15,1.0,10.0,FedAvg,0.7329545454545454
48,15,1.0,10.0,FedProx,0.7339015151515151
49,15,1.0,10.0,FedAvg,0.7301136363636365
49,15,1.0,10.0,FedProx,0.7348484848484849
50,15,1.0,10.0,FedAvg,0.7509469696969697
50,15,1.0,10.0,FedProx,0.7518939393939394
51,15,1.0,10.0,FedAvg,0.7395833333333335
51,15,1.0,10.0,FedProx,0.7443181818181819
52,15,1.0,10.0,FedAvg,0.7537878787878788
52,15,1.0,10.0,FedProx,0.7537878787878788
53,15,1.0,10.0,FedAvg,0.7481060606060606
53,15,1.0,10.0,FedProx,0.75
54,15,1.0,10.0,FedAvg,0.7339015151515151
54,15,1.0,10.0,FedProx,0.7301136363636364
55,15,1.0,10.0,FedAvg,0.7395833333333333
55,15,1.0,10.0,FedProx,0.7414772727272727
56,15,1.0,10.0,FedAvg,0.728219696969697
56,15,1.0,10.0,FedProx,0.7301136363636365
57,15,1.0,10.0,FedAvg,0.7414772727272727
57,15,1.0,10.0,FedProx,0.7424242424242424
58,15,1.0,10.0,FedAvg,0.7395833333333334
58,15,1.0,10.0,FedProx,0.7414772727272727
59,15,1.0,10.0,FedAvg,0.7443181818181818
59,15,1.0,10.0,FedProx,0.7452651515151515
60,15,1.0,10.0,FedAvg,0.740530303030303
60,15,1.0,10.0,FedProx,0.740530303030303
61,15,1.0,10.0,FedAvg,0.7367424242424242
61,15,1.0,10.0,FedProx,0.7395833333333333
42,15,0.5,0.5,FedAvg,0.5416666666666666
42,15,0.5,0.5,FedProx,0.5426136363636364
43,15,0.5,0.5,FedAvg,0.5511363636363636
43,15,0.5,0.5,FedProx,0.5558712121212122
44,15,0.5,0.5,FedAvg,0.5293560606060606
44,15,0.5,0.5,FedProx,0.5274621212121212
45,15,0.5,0.5,FedAvg,0.5520833333333333
45,15,0.5,0.5,FedProx,0.5464015151515151
46,15,0.5,0.5,FedAvg,0.6164772727272728
46,15,0.5,0.5,FedProx,0.6145833333333333
47,15,0.5,0.5,FedAvg,0.6041666666666666
47,15,0.5,0.5,FedProx,0.6032196969696969
48,15,0.5,0.5,FedAvg,0.5776515151515151
48,15,0.5,0.5,FedProx,0.5748106060606061
49,15,0.5,0.5,FedAvg,0.6022727272727273
49,15,0.5,0.5,FedProx,0.5956439393939392
50,15,0.5,0.5,FedAvg,0.5861742424242424
50,15,0.5,0.5,FedProx,0.5833333333333333
51,15,0.5,0.5,FedAvg,0.5426136363636364
51,15,0.5,0.5,FedProx,0.5464015151515151
52,15,0.5,0.5,FedAvg,0.5340909090909092
52,15,0.5,0.5,FedProx,0.5274621212121212
53,15,0.5,0.5,FedAvg,0.5359848484848484
53,15,0.5,0.5,FedProx,0.5350378787878788
54,15,0.5,0.5,FedAvg,0.4981060606060606
54,15,0.5,0.5,FedProx,0.4952651515151515
55,15,0.5,0.5,FedAvg,0.5170454545454545
55,15,0.5,0.5,FedProx,0.5208333333333334
56,15,0.5,0.5,FedAvg,0.5823863636363635
56,15,0.5,0.5,FedProx,0.5767045454545454
57,15,0.5,0.5,FedAvg,0.5984848484848485
57,15,0.5,0.5,FedProx,0.5918560606060607
58,15,0.5,0.5,FedAvg,0.5804924242424242
58,15,0.5,0.5,FedProx,0.5748106060606061
59,15,0.5,0.5,FedAvg,0.5956439393939393
59,15,0.5,0.5,FedProx,0.5946969696969697
60,15,0.5,0.5,FedAvg,0.5785984848484849
60,15,0.5,0.5,FedProx,0.5776515151515151
61,15,0.5,0.5,FedAvg,0.5359848484848485
61,15,0.5,0.5,FedProx,0.5350378787878788
42,15,0.5,1.0,FedAvg,0.5795454545454546
42,15,0.5,1.0,FedProx,0.5776515151515151
43,15,0.5,1.0,FedAvg,0.5928030303030303
43,15,0.5,1.0,FedProx,0.5861742424242424
44,15,0.5,1.0,FedAvg,0.5634469696969697
44,15,0.5,1.0,FedProx,0.5606060606060606
45,15,0.5,1.0,FedAvg,0.5795454545454546
45,15,0.5,1.0,FedProx,0.5823863636363635
46,15,0.5,1.0,FedAvg,0.6325757575757576
46,15,0.5,1.0,FedProx,0.6325757575757576
47,15,0.5,1.0,FedAvg,0.625
47,15,0.5,1.0,FedProx,0.6278409090909092
48,15,0.5,1.0,FedAvg,0.6164772727272727
48,15,0.5,1.0,FedProx,0.6183712121212122
49,15,0.5,1.0,FedAvg,0.6335227272727273
49,15,0.5,1.0,FedProx,0.6373106060606062
50,15,0.5,1.0,FedAvg,0.6174242424242424
50,15,0.5,1.0,FedProx,0.6136363636363636
51,15,0.5,1.0,FedAvg,0.5804924242424242
51,15,0.5,1.0,FedProx,0.5776515151515151
52,15,0.5,1.0,FedAvg,0.5643939393939394
52,15,0.5,1.0,FedProx,0.5634469696969697
53,15,0.5,1.0,FedAvg,0.5804924242424243
53,15,0.5,1.0,FedProx,0.5757575757575758
54,15,0.5,1.0,FedAvg,0.5397727272727273
54,15,0.5,1.0,FedProx,0.5340909090909091
55,15,0.5,1.0,FedAvg,0.5568181818181819
55,15,0.5,1.0,FedProx,0.5539772727272727
56,15,0.5,1.0,FedAvg,0.6107954545454546
56,15,0.5,1.0,FedProx,0.6051136363636364
57,15,0.5,1.0,FedAvg,0.6126893939393938
57,15,0.5,1.0,FedProx,0.6164772727272727
58,15,0.5,1.0,FedAvg,0.6107954545454546
58,15,0.5,1.0,FedProx,0.6107954545454546
59,15,0.5,1.0,FedAvg,0.6278409090909091
59,15,0.5,1.0,FedProx,0.6297348484848484
60,15,0.5,1.0,FedAvg,0.6164772727272727
60,15,0.5,1.0,FedProx,0.6136363636363638
61,15,0.5,1.0,FedAvg,0.5710227272727273
61,15,0.5,1.0,FedProx,0.5710227272727272
42,15,0.5,2.0,FedAvg,0.646780303030303
42,15,0.5,2.0,FedProx,0.6496212121212122
43,15,0.5,2.0,FedAvg,0.643939393939394
43,15,0.5,2.0,FedProx,0.6439393939393939
44,15,0.5,2.0,FedAvg,0.6316287878787878
44,15,0.5,2.0,FedProx,0.637310606060606
45,15,0.5,2.0,FedAvg,0.6306818181818182
45,15,0.5,2.0,FedProx,0.6335227272727273
46,15,0.5,2.0,FedAvg,0.6856060606060606
46,15,0.5,2.0,FedProx,0.6789772727272727
47,15,0.5,2.0,FedAvg,0.6742424242424242
47,15,0.5,2.0,FedProx,0.6780303030303031
48,15,0.5,2.0,FedAvg,0.6619318181818181
48,15,0.5,2.0,FedProx,0.6647727272727274
49,15,0.5,2.0,FedAvg,0.6770833333333334
49,15,0.5,2.0,FedProx,0.6808712121212122
50,15,0.5,2.0,FedAvg,0.6799242424242424
50,15,0.5,2.0,FedProx,0.6751893939393939
51,15,0.5,2.0,FedAvg,0.6306818181818181
51,15,0.5,2.0,FedProx,0.6306818181818181
52,15,0.5,2.0,FedAvg,0.6486742424242424
52,15,0.5,2.0,FedProx,0.6581439393939394
53,15,0.5,2.0,FedAvg,0.6439393939393939
53,15,0.5,2.0,FedProx,0.6458333333333333
54,15,0.5,2.0,FedAvg,0.5956439393939393
54,15,0.5,2.0,FedProx,0.5928030303030303
55,15,0.5,2.0,FedAvg,0.6107954545454546
55,15,0.5,2.0,FedProx,0.6098484848484849
56,15,0.5,2.0,FedAvg,0.6571969696969697
56,15,0.5,2.0,FedProx,0.65625
57,15,0.5,2.0,FedAvg,0.6543560606060607
57,15,0.5,2.0,FedProx,0.6609848484848485
58,15,0.5,2.0,FedAvg,0.6628787878787878
58,15,0.5,2.0,FedProx,0.6590909090909092
59,15,0.5,2.0,FedAvg,0.6628787878787878
59,15,0.5,2.0,FedProx,0.6666666666666666
60,15,0.5,2.0,FedAvg,0.6666666666666667
60,15,0.5,2.0,FedProx,0.6590909090909092
61,15,0.5,2.0,FedAvg,0.634469696969697
61,15,0.5,2.0,FedProx,0.6344696969696969
42,15,0.5,5.0,FedAvg,0.7234848484848484
42,15,0.5,5.0,FedProx,0.7225378787878789
43,15,0.5,5.0,FedAvg,0.728219696969697
43,15,0.5,5.0,FedProx,0.731060606060606
44,15,0.5,5.0,FedAvg,0.7253787878787878
44,15,0.5,5.0,FedProx,0.728219696969697
45,15,0.5,5.0,FedAvg,0.7159090909090909
45,15,0.5,5.0,FedProx,0.7159090909090908
46,15,0.5,5.0,FedAvg,0.7196969696969697
46,15,0.5,5.0,FedProx,0.7196969696969697
47,15,0.5,5.0,FedAvg,0.7178030303030304
47,15,0.5,5.0,FedProx,0.7206439393939394
48,15,0.5,5.0,FedAvg,0.7130681818181819
48,15,0.5,5.0,FedProx,0.7159090909090909
49,15,0.5,5.0,FedAvg,0.728219696969697
49,15,0.5,5.0,FedProx,0.7357954545454546
50,15,0.5,5.0,FedAvg,0.7395833333333333
50,15,0.5,5.0,FedProx,0.7462121212121213
51,15,0.5,5.0,FedAvg,0.7206439393939394
51,15,0.5,5.0,FedProx,0.7225378787878789
52,15,0.5,5.0,FedAvg,0.7329545454545455
52,15,0.5,5.0,FedProx,0.7357954545454546
53,15,0.5,5.0,FedAvg,0.728219696969697
53,15,0.5,5.0,FedProx,0.725378787878788
54,15,0.5,5.0,FedAvg,0.6998106060606061
54,15,0.5,5.0,FedProx,0.7045454545454546
55,15,0.5,5.0,FedAvg,0.6922348484848485
55,15,0.5,5.0,FedProx,0.6950757575757576
56,15,0.5,5.0,FedAvg,0.6979166666666666
56,15,0.5,5.0,FedProx,0.6988636363636364
57,15,0.5,5.0,FedAvg,0.7073863636363636
57,15,0.5,5.0,FedProx,0.7111742424242424
58,15,0.5,5.0,FedAvg,0.7007575757575758
58,15,0.5,5.0,FedProx,0.7064393939393939
59,15,0.5,5.0,FedAvg,0.7244318181818182
59,15,0.5,5.0,FedProx,0.7301136363636364
60,15,0.5,5.0,FedAvg,0.7405303030303031
60,15,0.5,5.0,FedProx,0.7405303030303031
61,15,0.5,5.0,FedAvg,0.7159090909090908
61,15,0.5,5.0,FedProx,0.7140151515151516
42,15,0.5,10.0,FedAvg,0.7443181818181818
42,15,0.5,10.0,FedProx,0.7471590909090909
43,15,0.5,10.0,FedAvg,0.7395833333333334
43,15,0.5,10.0,FedProx,0.740530303030303
44,15,0.5,10.0,FedAvg,0.7471590909090908
44,15,0.5,10.0,FedProx,0.75
45,15,0.5,10.0,FedAvg,0.7395833333333334
45,15,0.5,10.0,FedProx,0.7386363636363636
46,15,0.5,10.0,FedAvg,0.7414772727272727
46,15,0.5,10.0,FedProx,0.743371212121212
47,15,0.5,10.0,FedAvg,0.7357954545454545
47,15,0.5,10.0,FedProx,0.7367424242424242
48,15,0.5,10.0,FedAvg,0.7320075757575758
48,15,0.5,10.0,FedProx,0.7339015151515151
49,15,0.5,10.0,FedAvg,0.7329545454545455
49,15,0.5,10.0,FedProx,0.7329545454545454
50,15,0.5,10.0,FedAvg,0.7518939393939393
50,15,0.5,10.0,FedProx,0.7518939393939394
51,15,0.5,10.0,FedAvg,0.7395833333333333
51,15,0.5,10.0,FedProx,0.7443181818181819
52,15,0.5,10.0,FedAvg,0.7528409090909091
52,15,0.5,10.0,FedProx,0.7537878787878788
53,15,0.5,10.0,FedAvg,0.7490530303030303
53,15,0.5,10.0,FedProx,0.7490530303030303
54,15,0.5,10.0,FedAvg,0.7329545454545455
54,15,0.5,10.0,FedProx,0.7348484848484848
55,15,0.5,10.0,FedAvg,0.7405303030303031
55,15,0.5,10.0,FedProx,0.7395833333333333
56,15,0.5,10.0,FedAvg,0.7272727272727273
56,15,0.5,10.0,FedProx,0.7301136363636365
57,15,0.5,10.0,FedAvg,0.7433712121212122
57,15,0.5,10.0,FedProx,0.7443181818181819
58,15,0.5,10.0,FedAvg,0.740530303030303
58,15,0.5,10.0,FedProx,0.7424242424242424
59,15,0.5,10.0,FedAvg,0.740530303030303
59,15,0.5,10.0,FedProx,0.7424242424242424
60,15,0.5,10.0,FedAvg,0.740530303030303
60,15,0.5,10.0,FedProx,0.7433712121212122
61,15,0.5,10.0,FedAvg,0.7357954545454545
61,15,0.5,10.0,FedProx,0.7386363636363636
42,15,0.1,0.5,FedAvg,0.5416666666666666
42,15,0.1,0.5,FedProx,0.5426136363636364
43,15,0.1,0.5,FedAvg,0.5549242424242424
43,15,0.1,0.5,FedProx,0.5549242424242424
44,15,0.1,0.5,FedAvg,0.5321969696969697
44,15,0.1,0.5,FedProx,0.5274621212121212
45,15,0.1,0.5,FedAvg,0.553030303030303
45,15,0.1,0.5,FedProx,0.5445075757575758
46,15,0.1,0.5,FedAvg,0.6193181818181819
46,15,0.1,0.5,FedProx,0.6202651515151515
47,15,0.1,0.5,FedAvg,0.603219696969697
47,15,0.1,0.5,FedProx,0.6003787878787878
48,15,0.1,0.5,FedAvg,0.5767045454545454
48,15,0.1,0.5,FedProx,0.574810606060606
49,15,0.1,0.5,FedAvg,0.6032196969696969
49,15,0.1,0.5,FedProx,0.5965909090909091
50,15,0.1,0.5,FedAvg,0.5880681818181818
50,15,0.1,0.5,FedProx,0.5833333333333333
51,15,0.1,0.5,FedAvg,0.543560606060606
51,15,0.1,0.5,FedProx,0.5464015151515151
52,15,0.1,0.5,FedAvg,0.5340909090909092
52,15,0.1,0.5,FedProx,0.5284090909090908
53,15,0.1,0.5,FedAvg,0.5350378787878788
53,15,0.1,0.5,FedProx,0.5331439393939394
54,15,0.1,0.5,FedAvg,0.4990530303030303
54,15,0.1,0.5,FedProx,0.4962121212121212
55,15,0.1,0.5,FedAvg,0.5189393939393939
55,15,0.1,0.5,FedProx,0.5208333333333334
56,15,0.1,0.5,FedAvg,0.5823863636363635
56,15,0.1,0.5,FedProx,0.5757575757575758
57,15,0.1,0.5,FedAvg,0.5965909090909092
57,15,0.1,0.5,FedProx,0.5909090909090908
58,15,0.1,0.5,FedAvg,0.5795454545454546
58,15,0.1,0.5,FedProx,0.5738636363636365
59,15,0.1,0.5,FedAvg,0.5975378787878788
59,15,0.1,0.5,FedProx,0.5946969696969697
60,15,0.1,0.5,FedAvg,0.5795454545454546
60,15,0.1,0.5,FedProx,0.5814393939393939
61,15,0.1,0.5,FedAvg,0.5369318181818181
61,15,0.1,0.5,FedProx,0.5340909090909092
42,15,0.1,1.0,FedAvg,0.5823863636363636
42,15,0.1,1.0,FedProx,0.5785984848484849
43,15,0.1,1.0,FedAvg,0.59375
43,15,0.1,1.0,FedProx,0.5871212121212122
44,15,0.1,1.0,FedAvg,0.5587121212121212
44,15,0.1,1.0,FedProx,0.5634469696969697
45,15,0.1,1.0,FedAvg,0.5776515151515151
45,15,0.1,1.0,FedProx,0.5814393939393939
46,15,0.1,1.0,FedAvg,0.6401515151515152
46,15,0.1,1.0,FedProx,0.6373106060606061
47,15,0.1,1.0,FedAvg,0.6259469696969697
47,15,0.1,1.0,FedProx,0.6221590909090908
48,15,0.1,1.0,FedAvg,0.6174242424242424
48,15,0.1,1.0,FedProx,0.6202651515151516
49,15,0.1,1.0,FedAvg,0.6297348484848484
49,15,0.1,1.0,FedProx,0.6335227272727273
50,15,0.1,1.0,FedAvg,0.6174242424242424
50,15,0.1,1.0,FedProx,0.6164772727272727
51,15,0.1,1.0,FedAvg,0.5804924242424243
51,15,0.1,1.0,FedProx,0.5776515151515151
52,15,0.1,1.0,FedAvg,0.5653409090909091
52,15,0.1,1.0,FedProx,0.5625
53,15,0.1,1.0,FedAvg,0.5757575757575757
53,15,0.1,1.0,FedProx,0.5738636363636365
54,15,0.1,1.0,FedAvg,0.5397727272727273
54,15,0.1,1.0,FedProx,0.5331439393939393
55,15,0.1,1.0,FedAvg,0.5587121212121212
55,15,0.1,1.0,FedProx,0.5577651515151515
56,15,0.1,1.0,FedAvg,0.6079545454545454
56,15,0.1,1.0,FedProx,0.6032196969696969
57,15,0.1,1.0,FedAvg,0.6126893939393939
57,15,0.1,1.0,FedProx,0.612689393939394
58,15,0.1,1.0,FedAvg,0.6107954545454546
58,15,0.1,1.0,FedProx,0.612689393939394
59,15,0.1,1.0,FedAvg,0.6278409090909091
59,15,0.1,1.0,FedProx,0.6297348484848484
60,15,0.1,1.0,FedAvg,0.6212121212121213
60,15,0.1,1.0,FedProx,0.6183712121212122
61,15,0.1,1.0,FedAvg,0.5710227272727273
61,15,0.1,1.0,FedProx,0.5710227272727273
42,15,0.1,2.0,FedAvg,0.6543560606060606
42,15,0.1,2.0,FedProx,0.6505681818181818
43,15,0.1,2.0,FedAvg,0.6486742424242424
43,15,0.1,2.0,FedProx,0.6496212121212122
44,15,0.1,2.0,FedAvg,0.6297348484848484
44,15,0.1,2.0,FedProx,0.6325757575757576
45,15,0.1,2.0,FedAvg,0.6287878787878789
45,15,0.1,2.0,FedProx,0.6297348484848485
46,15,0.1,2.0,FedAvg,0.6903409090909091
46,15,0.1,2.0,FedProx,0.6865530303030303
47,15,0.1,2.0,FedAvg,0.6732954545454546
47,15,0.1,2.0,FedProx,0.6789772727272727
48,15,0.1,2.0,FedAvg,0.6609848484848484
48,15,0.1,2.0,FedProx,0.665719696969697
49,15,0.1,2.0,FedAvg,0.6789772727272727
49,15,0.1,2.0,FedProx,0.678030303030303
50,15,0.1,2.0,FedAvg,0.6770833333333335
50,15,0.1,2.0,FedProx,0.6789772727272727
51,15,0.1,2.0,FedAvg,0.6297348484848486
51,15,0.1,2.0,FedProx,0.6354166666666667
52,15,0.1,2.0,FedAvg,0.6496212121212122
52,15,0.1,2.0,FedProx,0.6581439393939394
53,15,0.1,2.0,FedAvg,0.6410984848484849
53,15,0.1,2.0,FedProx,0.6429924242424242
54,15,0.1,2.0,FedAvg,0.5975378787878788
54,15,0.1,2.0,FedProx,0.5946969696969697
55,15,0.1,2.0,FedAvg,0.6126893939393939
55,15,0.1,2.0,FedProx,0.6136363636363636
56,15,0.1,2.0,FedAvg,0.6496212121212122
56,15,0.1,2.0,FedProx,0.6524621212121212
57,15,0.1,2.0,FedAvg,0.6534090909090908
57,15,0.1,2.0,FedProx,0.6581439393939394
58,15,0.1,2.0,FedAvg,0.6600378787878788
58,15,0.1,2.0,FedProx,0.6609848484848484
59,15,0.1,2.0,FedAvg,0.665719696969697
59,15,0.1,2.0,FedProx,0.6685606060606061
60,15,0.1,2.0,FedAvg,0.6695075757575758
60,15,0.1,2.0,FedProx,0.6609848484848485
61,15,0.1,2.0,FedAvg,0.6325757575757575
61,15,0.1,2.0,FedProx,0.6363636363636364
42,15,0.1,5.0,FedAvg,0.7225378787878789
42,15,0.1,5.0,FedProx,0.7196969696969697
43,15,0.1,5.0,FedAvg,0.7301136363636362
43,15,0.1,5.0,FedProx,0.7310606060606061
44,15,0.1,5.0,FedAvg,0.7272727272727273
44,15,0.1,5.0,FedProx,0.728219696969697
45,15,0.1,5.0,FedAvg,0.7178030303030303
45,15,0.1,5.0,FedProx,0.7140151515151515
46,15,0.1,5.0,FedAvg,0.7206439393939393
46,15,0.1,5.0,FedProx,0.7215909090909091
47,15,0.1,5.0,FedAvg,0.7206439393939394
47,15,0.1,5.0,FedProx,0.7215909090909091
48,15,0.1,5.0,FedAvg,0.7111742424242424
48,15,0.1,5.0,FedProx,0.7102272727272727
49,15,0.1,5.0,FedAvg,0.7244318181818182
49,15,0.1,5.0,FedProx,0.7310606060606061
50,15,0.1,5.0,FedAvg,0.740530303030303
50,15,0.1,5.0,FedProx,0.7443181818181819
51,15,0.1,5.0,FedAvg,0.7215909090909092
51,15,0.1,5.0,FedProx,0.7234848484848486
52,15,0.1,5.0,FedAvg,0.7367424242424242
52,15,0.1,5.0,FedProx,0.7414772727272727
53,15,0.1,5.0,FedAvg,0.7291666666666667
53,15,0.1,5.0,FedProx,0.7291666666666667
54,15,0.1,5.0,FedAvg,0.7017045454545454
54,15,0.1,5.0,FedProx,0.7064393939393939
55,15,0.1,5.0,FedAvg,0.6893939393939394
55,15,0.1,5.0,FedProx,0.6960227272727273
56,15,0.1,5.0,FedAvg,0.6941287878787878
56,15,0.1,5.0,FedProx,0.6950757575757576
57,15,0.1,5.0,FedAvg,0.7102272727272727
57,15,0.1,5.0,FedProx,0.7121212121212122
58,15,0.1,5.0,FedAvg,0.7007575757575758
58,15,0.1,5.0,FedProx,0.7064393939393939
59,15,0.1,5.0,FedAvg,0.7225378787878787
59,15,0.1,5.0,FedProx,0.7263257575757577
60,15,0.1,5.0,FedAvg,0.7405303030303031
60,15,0.1,5.0,FedProx,0.7395833333333334
61,15,0.1,5.0,FedAvg,0.7149621212121213
61,15,0.1,5.0,FedProx,0.7159090909090909
42,15,0.1,10.0,FedAvg,0.7443181818181818
42,15,0.1,10.0,FedProx,0.7452651515151515
43,15,0.1,10.0,FedAvg,0.7395833333333334
43,15,0.1,10.0,FedProx,0.7386363636363636
44,15,0.1,10.0,FedAvg,0.7462121212121211
44,15,0.1,10.0,FedProx,0.7490530303030303
45,15,0.1,10.0,FedAvg,0.7367424242424242
45,15,0.1,10.0,FedProx,0.737689393939394
46,15,0.1,10.0,FedAvg,0.7414772727272727
46,15,0.1,10.0,FedProx,0.743371212121212
47,15,0.1,10.0,FedAvg,0.7339015151515151
47,15,0.1,10.0,FedProx,0.7329545454545455
48,15,0.1,10.0,FedAvg,0.7320075757575758
48,15,0.1,10.0,FedProx,0.7320075757575757
49,15,0.1,10.0,FedAvg,0.7301136363636365
49,15,0.1,10.0,FedProx,0.7310606060606061
50,15,0.1,10.0,FedAvg,0.7509469696969697
50,15,0.1,10.0,FedProx,0.7528409090909092
51,15,0.1,10.0,FedAvg,0.7376893939393939
51,15,0.1,10.0,FedProx,0.7443181818181819
52,15,0.1,10.0,FedAvg,0.7537878787878789
52,15,0.1,10.0,FedProx,0.7547348484848484
53,15,0.1,10.0,FedAvg,0.7490530303030303
53,15,0.1,10.0,FedProx,0.7481060606060606
54,15,0.1,10.0,FedAvg,0.7357954545454545
54,15,0.1,10.0,FedProx,0.7376893939393939
55,15,0.1,10.0,FedAvg,0.7395833333333333
55,15,0.1,10.0,FedProx,0.7405303030303031
56,15,0.1,10.0,FedAvg,0.7272727272727272
56,15,0.1,10.0,FedProx,0.7301136363636364
57,15,0.1,10.0,FedAvg,0.7414772727272727
57,15,0.1,10.0,FedProx,0.7462121212121213
58,15,0.1,10.0,FedAvg,0.7386363636363636
58,15,0.1,10.0,FedProx,0.7414772727272727
59,15,0.1,10.0,FedAvg,0.7395833333333333
59,15,0.1,10.0,FedProx,0.7443181818181819
60,15,0.1,10.0,FedAvg,0.7395833333333333
60,15,0.1,10.0,FedProx,0.7414772727272727
61,15,0.1,10.0,FedAvg,0.7367424242424242
61,15,0.1,10.0,FedProx,0.7386363636363636
42,20,10.0,0.5,FedAvg,0.5738636363636364
42,20,10.0,0.5,FedProx,0.5700757575757576
43,20,10.0,0.5,FedAvg,0.5672348484848485
43,20,10.0,0.5,FedProx,0.5615530303030303
44,20,10.0,0.5,FedAvg,0.5681818181818181
44,20,10.0,0.5,FedProx,0.5710227272727273
45,20,10.0,0.5,FedAvg,0.571969696969697
45,20,10.0,0.5,FedProx,0.5662878787878788
46,20,10.0,0.5,FedAvg,0.5833333333333333
46,20,10.0,0.5,FedProx,0.5757575757575757
47,20,10.0,0.5,FedAvg,0.5539772727272727
47,20,10.0,0.5,FedProx,0.5464015151515151
48,20,10.0,0.5,FedAvg,0.5378787878787878
48,20,10.0,0.5,FedProx,0.5331439393939394
49,20,10.0,0.5,FedAvg,0.5435606060606061
49,20,10.0,0.5,FedProx,0.5426136363636364
50,20,10.0,0.5,FedAvg,0.5331439393939393
50,20,10.0,0.5,FedProx,0.5265151515151516
51,20,10.0,0.5,FedAvg,0.5615530303030303
51,20,10.0,0.5,FedProx,0.5539772727272727
52,20,10.0,0.5,FedAvg,0.5662878787878787
52,20,10.0,0.5,FedProx,0.5587121212121213
53,20,10.0,0.5,FedAvg,0.5681818181818182
53,20,10.0,0.5,FedProx,0.5587121212121212
54,20,10.0,0.5,FedAvg,0.5520833333333334
54,20,10.0,0.5,FedProx,0.5501893939393939
55,20,10.0,0.5,FedAvg,0.5549242424242424
55,20,10.0,0.5,FedProx,0.5501893939393939
56,20,10.0,0.5,FedAvg,0.5729166666666666
56,20,10.0,0.5,FedProx,0.5681818181818181
57,20,10.0,0.5,FedAvg,0.5587121212121212
57,20,10.0,0.5,FedProx,0.5511363636363636
58,20,10.0,0.5,FedAvg,0.543560606060606
58,20,10.0,0.5,FedProx,0.540719696969697
59,20,10.0,0.5,FedAvg,0.5321969696969696
59,20,10.0,0.5,FedProx,0.5293560606060606
60,20,10.0,0.5,FedAvg,0.5388257575757576
60,20,10.0,0.5,FedProx,0.5340909090909091
61,20,10.0,0.5,FedAvg,0.5388257575757576
61,20,10.0,0.5,FedProx,0.5293560606060606
42,20,10.0,1.0,FedAvg,0.5975378787878788
42,20,10.0,1.0,FedProx,0.5946969696969697
43,20,10.0,1.0,FedAvg,0.5909090909090909
43,20,10.0,1.0,FedProx,0.5880681818181818
44,20,10.0,1.0,FedAvg,0.5918560606060606
44,20,10.0,1.0,FedProx,0.5909090909090909
45,20,10.0,1.0,FedAvg,0.6013257575757576
45,20,10.0,1.0,FedProx,0.5975378787878788
46,20,10.0,1.0,FedAvg,0.6117424242424243
46,20,10.0,1.0,FedProx,0.6051136363636364
47,20,10.0,1.0,FedAvg,0.5823863636363636
47,20,10.0,1.0,FedProx,0.5785984848484849
48,20,10.0,1.0,FedAvg,0.5691287878787878
48,20,10.0,1.0,FedProx,0.5643939393939394
49,20,10.0,1.0,FedAvg,0.5738636363636364
49,20,10.0,1.0,FedProx,0.571969696969697
50,20,10.0,1.0,FedAvg,0.5634469696969697
50,20,10.0,1.0,FedProx,0.5596590909090909
51,20,10.0,1.0,FedAvg,0.5880681818181819
51,20,10.0,1.0,FedProx,0.5795454545454546
52,20,10.0,1.0,FedAvg,0.5909090909090908
52,20,10.0,1.0,FedProx,0.5842803030303031
53,20,10.0,1.0,FedAvg,0.59375
53,20,10.0,1.0,FedProx,0.5918560606060606
54,20,10.0,1.0,FedAvg,0.5823863636363636
54,20,10.0,1.0,FedProx,0.5776515151515151
55,20,10.0,1.0,FedAvg,0.5814393939393939
55,20,10.0,1.0,FedProx,0.5852272727272727
56,20,10.0,1.0,FedAvg,0.5946969696969697
56,20,10.0,1.0,FedProx,0.5918560606060606
57,20,10.0,1.0,FedAvg,0.5795454545454546
57,20,10.0,1.0,FedProx,0.5767045454545455
58,20,10.0,1.0,FedAvg,0.571969696969697
58,20,10.0,1.0,FedProx,0.5672348484848484
59,20,10.0,1.0,FedAvg,0.5568181818181819
59,20,10.0,1.0,FedProx,0.5587121212121212
60,20,10.0,1.0,FedAvg,0.5653409090909091
60,20,10.0,1.0,FedProx,0.5625
61,20,10.0,1.0,FedAvg,0.5643939393939394
61,20,10.0,1.0,FedProx,0.5606060606060607
42,20,10.0,2.0,FedAvg,0.6392045454545454
42,20,10.0,2.0,FedProx,0.6429924242424242
43,20,10.0,2.0,FedAvg,0.6344696969696969
43,20,10.0,2.0,FedProx,0.6363636363636362
44,20,10.0,2.0,FedAvg,0.6354166666666666
44,20,10.0,2.0,FedProx,0.6410984848484848
45,20,10.0,2.0,FedAvg,0.6392045454545454
45,20,10.0,2.0,FedProx,0.6363636363636364
46,20,10.0,2.0,FedAvg,0.6515151515151516
46,20,10.0,2.0,FedProx,0.6515151515151515
47,20,10.0,2.0,FedAvg,0.6392045454545454
47,20,10.0,2.0,FedProx,0.6335227272727273
48,20,10.0,2.0,FedAvg,0.6221590909090909
48,20,10.0,2.0,FedProx,0.6155303030303031
49,20,10.0,2.0,FedAvg,0.6259469696969696
49,20,10.0,2.0,FedProx,0.6231060606060607
50,20,10.0,2.0,FedAvg,0.6193181818181818
50,20,10.0,2.0,FedProx,0.6117424242424243
51,20,10.0,2.0,FedAvg,0.6278409090909092
51,20,10.0,2.0,FedProx,0.6306818181818181
52,20,10.0,2.0,FedAvg,0.637310606060606
52,20,10.0,2.0,FedProx,0.6410984848484849
53,20,10.0,2.0,FedAvg,0.6410984848484849
53,20,10.0,2.0,FedProx,0.6410984848484849
54,20,10.0,2.0,FedAvg,0.6174242424242424
54,20,10.0,2.0,FedProx,0.6221590909090909
55,20,10.0,2.0,FedAvg,0.6316287878787878
55,20,10.0,2.0,FedProx,0.6354166666666667
56,20,10.0,2.0,FedAvg,0.6392045454545454
56,20,10.0,2.0,FedProx,0.6382575757575757
57,20,10.0,2.0,FedAvg,0.6278409090909092
57,20,10.0,2.0,FedProx,0.625
58,20,10.0,2.0,FedAvg,0.6231060606060607
58,20,10.0,2.0,FedProx,0.6221590909090909
59,20,10.0,2.0,FedAvg,0.6174242424242425
59,20,10.0,2.0,FedProx,0.6089015151515151
60,20,10.0,2.0,FedAvg,0.6202651515151516
60,20,10.0,2.0,FedProx,0.6164772727272728
61,20,10.0,2.0,FedAvg,0.6098484848484849
61,20,10.0,2.0,FedProx,0.6098484848484849
42,20,10.0,5.0,FedAvg,0.7206439393939393
42,20,10.0,5.0,FedProx,0.7178030303030303
43,20,10.0,5.0,FedAvg,0.7168560606060607
43,20,10.0,5.0,FedProx,0.7178030303030303
44,20,10.0,5.0,FedAvg,0.7320075757575758
44,20,10.0,5.0,FedProx,0.7263257575757576
45,20,10.0,5.0,FedAvg,0.7244318181818182
45,20,10.0,5.0,FedProx,0.7215909090909092
46,20,10.0,5.0,FedAvg,0.7301136363636364
46,20,10.0,5.0,FedProx,0.7234848484848486
47,20,10.0,5.0,FedAvg,0.7121212121212122
47,20,10.0,5.0,FedProx,0.7073863636363638
48,20,10.0,5.0,FedAvg,0.7045454545454546
48,20,10.0,5.0,FedProx,0.7054924242424243
49,20,10.0,5.0,FedAvg,0.6988636363636365
49,20,10.0,5.0,FedProx,0.7007575757575757
50,20,10.0,5.0,FedAvg,0.6979166666666667
50,20,10.0,5.0,FedProx,0.7054924242424243
51,20,10.0,5.0,FedAvg,0.7130681818181819
51,20,10.0,5.0,FedProx,0.7121212121212122
52,20,10.0,5.0,FedAvg,0.7215909090909092
52,20,10.0,5.0,FedProx,0.7196969696969697
53,20,10.0,5.0,FedAvg,0.7121212121212122
53,20,10.0,5.0,FedProx,0.7083333333333333
54,20,10.0,5.0,FedAvg,0.6941287878787878
54,20,10.0,5.0,FedProx,0.6875
55,20,10.0,5.0,FedAvg,0.709280303030303
55,20,10.0,5.0,FedProx,0.709280303030303
56,20,10.0,5.0,FedAvg,0.7035984848484849
56,20,10.0,5.0,FedProx,0.7026515151515151
57,20,10.0,5.0,FedAvg,0.7007575757575757
57,20,10.0,5.0,FedProx,0.6988636363636364
58,20,10.0,5.0,FedAvg,0.696969696969697
58,20,10.0,5.0,FedProx,0.6998106060606061
59,20,10.0,5.0,FedAvg,0.7111742424242424
59,20,10.0,5.0,FedProx,0.7102272727272727
60,20,10.0,5.0,FedAvg,0.7045454545454546
60,20,10.0,5.0,FedProx,0.7083333333333333
61,20,10.0,5.0,FedAvg,0.6856060606060606
61,20,10.0,5.0,FedProx,0.6884469696969697
42,20,10.0,10.0,FedAvg,0.7329545454545454
42,20,10.0,10.0,FedProx,0.7367424242424243
43,20,10.0,10.0,FedAvg,0.7339015151515151
43,20,10.0,10.0,FedProx,0.7329545454545454
44,20,10.0,10.0,FedAvg,0.7471590909090909
44,20,10.0,10.0,FedProx,0.7462121212121212
45,20,10.0,10.0,FedAvg,0.737689393939394
45,20,10.0,10.0,FedProx,0.7395833333333334
46,20,10.0,10.0,FedAvg,0.7395833333333334
46,20,10.0,10.0,FedProx,0.7414772727272727
47,20,10.0,10.0,FedAvg,0.7367424242424242
47,20,10.0,10.0,FedProx,0.7386363636363636
48,20,10.0,10.0,FedAvg,0.7414772727272727
48,20,10.0,10.0,FedProx,0.7443181818181819
49,20,10.0,10.0,FedAvg,0.728219696969697
49,20,10.0,10.0,FedProx,0.7301136363636365
50,20,10.0,10.0,FedAvg,0.740530303030303
50,20,10.0,10.0,FedProx,0.7433712121212122
51,20,10.0,10.0,FedAvg,0.7301136363636364
51,20,10.0,10.0,FedProx,0.7357954545454546
52,20,10.0,10.0,FedAvg,0.7424242424242424
52,20,10.0,10.0,FedProx,0.7443181818181819
53,20,10.0,10.0,FedAvg,0.7329545454545454
53,20,10.0,10.0,FedProx,0.7339015151515152
54,20,10.0,10.0,FedAvg,0.728219696969697
54,20,10.0,10.0,FedProx,0.7291666666666667
55,20,10.0,10.0,FedAvg,0.7367424242424242
55,20,10.0,10.0,FedProx,0.7348484848484848
56,20,10.0,10.0,FedAvg,0.7253787878787878
56,20,10.0,10.0,FedProx,0.7263257575757576
57,20,10.0,10.0,FedAvg,0.740530303030303
57,20,10.0,10.0,FedProx,0.7433712121212122
58,20,10.0,10.0,FedAvg,0.7376893939393939
58,20,10.0,10.0,FedProx,0.7395833333333334
59,20,10.0,10.0,FedAvg,0.7414772727272727
59,20,10.0,10.0,FedProx,0.7424242424242424
60,20,10.0,10.0,FedAvg,0.7339015151515151
60,20,10.0,10.0,FedProx,0.7367424242424243
61,20,10.0,10.0,FedAvg,0.7215909090909092
61,20,10.0,10.0,FedProx,0.7244318181818181
42,20,1.0,0.5,FedAvg,0.574810606060606
42,20,1.0,0.5,FedProx,0.5700757575757576
43,20,1.0,0.5,FedAvg,0.5653409090909091
43,20,1.0,0.5,FedProx,0.5615530303030303
44,20,1.0,0.5,FedAvg,0.5672348484848485
44,20,1.0,0.5,FedProx,0.5691287878787878
45,20,1.0,0.5,FedAvg,0.5710227272727273
45,20,1.0,0.5,FedProx,0.5643939393939393
46,20,1.0,0.5,FedAvg,0.5814393939393939
46,20,1.0,0.5,FedProx,0.5767045454545454
47,20,1.0,0.5,FedAvg,0.5539772727272727
47,20,1.0,0.5,FedProx,0.5473484848484849
48,20,1.0,0.5,FedAvg,0.5378787878787878
48,20,1.0,0.5,FedProx,0.5331439393939394
49,20,1.0,0.5,FedAvg,0.5454545454545454
49,20,1.0,0.5,FedProx,0.5416666666666667
50,20,1.0,0.5,FedAvg,0.5350378787878788
50,20,1.0,0.5,FedProx,0.5284090909090908
51,20,1.0,0.5,FedAvg,0.5615530303030303
51,20,1.0,0.5,FedProx,0.5520833333333334
52,20,1.0,0.5,FedAvg,0.5643939393939394
52,20,1.0,0.5,FedProx,0.5577651515151516
53,20,1.0,0.5,FedAvg,0.5681818181818182
53,20,1.0,0.5,FedProx,0.5587121212121212
54,20,1.0,0.5,FedAvg,0.5511363636363636
54,20,1.0,0.5,FedProx,0.5482954545454546
55,20,1.0,0.5,FedAvg,0.5568181818181819
55,20,1.0,0.5,FedProx,0.553030303030303
56,20,1.0,0.5,FedAvg,0.5738636363636364
56,20,1.0,0.5,FedProx,0.5662878787878788
57,20,1.0,0.5,FedAvg,0.5577651515151516
57,20,1.0,0.5,FedProx,0.5539772727272727
58,20,1.0,0.5,FedAvg,0.5426136363636365
58,20,1.0,0.5,FedProx,0.5435606060606061
59,20,1.0,0.5,FedAvg,0.5350378787878788
59,20,1.0,0.5,FedProx,0.53125
60,20,1.0,0.5,FedAvg,0.5378787878787878
60,20,1.0,0.5,FedProx,0.5350378787878788
61,20,1.0,0.5,FedAvg,0.5407196969696969
61,20,1.0,0.5,FedProx,0.5274621212121212
42,20,1.0,1.0,FedAvg,0.5994318181818181
42,20,1.0,1.0,FedProx,0.5975378787878788
43,20,1.0,1.0,FedAvg,0.5899621212121212
43,20,1.0,1.0,FedProx,0.5871212121212122
44,20,1.0,1.0,FedAvg,0.59375
44,20,1.0,1.0,FedProx,0.5899621212121212
45,20,1.0,1.0,FedAvg,0.5994318181818181
45,20,1.0,1.0,FedProx,0.5965909090909092
46,20,1.0,1.0,FedAvg,0.6079545454545454
46,20,1.0,1.0,FedProx,0.606060606060606
47,20,1.0,1.0,FedAvg,0.5833333333333333
47,20,1.0,1.0,FedProx,0.5814393939393939
48,20,1.0,1.0,FedAvg,0.5653409090909091
48,20,1.0,1.0,FedProx,0.5634469696969697
49,20,1.0,1.0,FedAvg,0.5738636363636364
49,20,1.0,1.0,FedProx,0.5710227272727273
50,20,1.0,1.0,FedAvg,0.5653409090909091
50,20,1.0,1.0,FedProx,0.5625
51,20,1.0,1.0,FedAvg,0.5852272727272727
51,20,1.0,1.0,FedProx,0.5785984848484849
52,20,1.0,1.0,FedAvg,0.5890151515151515
52,20,1.0,1.0,FedProx,0.5814393939393939
53,20,1.0,1.0,FedAvg,0.5946969696969697
53,20,1.0,1.0,FedProx,0.5909090909090908
54,20,1.0,1.0,FedAvg,0.5833333333333333
54,20,1.0,1.0,FedProx,0.5785984848484849
55,20,1.0,1.0,FedAvg,0.5871212121212122
55,20,1.0,1.0,FedProx,0.5861742424242424
56,20,1.0,1.0,FedAvg,0.5946969696969697
56,20,1.0,1.0,FedProx,0.5880681818181818
57,20,1.0,1.0,FedAvg,0.5804924242424242
57,20,1.0,1.0,FedProx,0.5767045454545455
58,20,1.0,1.0,FedAvg,0.571969696969697
58,20,1.0,1.0,FedProx,0.5691287878787878
59,20,1.0,1.0,FedAvg,0.5625
59,20,1.0,1.0,FedProx,0.5653409090909091
60,20,1.0,1.0,FedAvg,0.5653409090909091
60,20,1.0,1.0,FedProx,0.5634469696969697
61,20,1.0,1.0,FedAvg,0.5643939393939394
61,20,1.0,1.0,FedProx,0.5596590909090909
42,20,1.0,2.0,FedAvg,0.6410984848484849
42,20,1.0,2.0,FedProx,0.6429924242424243
43,20,1.0,2.0,FedAvg,0.6335227272727273
43,20,1.0,2.0,FedProx,0.6354166666666665
44,20,1.0,2.0,FedAvg,0.6354166666666666
44,20,1.0,2.0,FedProx,0.6382575757575757
45,20,1.0,2.0,FedAvg,0.6373106060606061
45,20,1.0,2.0,FedProx,0.637310606060606
46,20,1.0,2.0,FedAvg,0.6524621212121211
46,20,1.0,2.0,FedProx,0.6505681818181818
47,20,1.0,2.0,FedAvg,0.6392045454545454
47,20,1.0,2.0,FedProx,0.6354166666666667
48,20,1.0,2.0,FedAvg,0.6202651515151516
48,20,1.0,2.0,FedProx,0.6136363636363636
49,20,1.0,2.0,FedAvg,0.6259469696969697
49,20,1.0,2.0,FedProx,0.6212121212121212
50,20,1.0,2.0,FedAvg,0.6221590909090909
50,20,1.0,2.0,FedProx,0.6155303030303031
51,20,1.0,2.0,FedAvg,0.6325757575757577
51,20,1.0,2.0,FedProx,0.6354166666666667
52,20,1.0,2.0,FedAvg,0.6335227272727273
52,20,1.0,2.0,FedProx,0.6382575757575757
53,20,1.0,2.0,FedAvg,0.6325757575757576
53,20,1.0,2.0,FedProx,0.6410984848484849
54,20,1.0,2.0,FedAvg,0.6164772727272727
54,20,1.0,2.0,FedProx,0.6193181818181818
55,20,1.0,2.0,FedAvg,0.6363636363636364
55,20,1.0,2.0,FedProx,0.6382575757575757
56,20,1.0,2.0,FedAvg,0.6373106060606061
56,20,1.0,2.0,FedProx,0.6306818181818181
57,20,1.0,2.0,FedAvg,0.6297348484848485
57,20,1.0,2.0,FedProx,0.6278409090909092
58,20,1.0,2.0,FedAvg,0.6325757575757576
58,20,1.0,2.0,FedProx,0.6278409090909092
59,20,1.0,2.0,FedAvg,0.6231060606060606
59,20,1.0,2.0,FedProx,0.6136363636363636
60,20,1.0,2.0,FedAvg,0.618371212121212
60,20,1.0,2.0,FedProx,0.6174242424242424
61,20,1.0,2.0,FedAvg,0.6098484848484849
61,20,1.0,2.0,FedProx,0.6070075757575757
42,20,1.0,5.0,FedAvg,0.7206439393939394
42,20,1.0,5.0,FedProx,0.7159090909090908
43,20,1.0,5.0,FedAvg,0.7178030303030303
43,20,1.0,5.0,FedProx,0.7178030303030303
44,20,1.0,5.0,FedAvg,0.7320075757575758
44,20,1.0,5.0,FedProx,0.7291666666666667
45,20,1.0,5.0,FedAvg,0.7215909090909091
45,20,1.0,5.0,FedProx,0.7234848484848486
46,20,1.0,5.0,FedAvg,0.7263257575757576
46,20,1.0,5.0,FedProx,0.7196969696969697
47,20,1.0,5.0,FedAvg,0.7159090909090908
47,20,1.0,5.0,FedProx,0.7140151515151514
48,20,1.0,5.0,FedAvg,0.7035984848484849
48,20,1.0,5.0,FedProx,0.7045454545454546
49,20,1.0,5.0,FedAvg,0.6988636363636365
49,20,1.0,5.0,FedProx,0.7007575757575759
50,20,1.0,5.0,FedAvg,0.7045454545454546
50,20,1.0,5.0,FedProx,0.7073863636363635
51,20,1.0,5.0,FedAvg,0.7130681818181819
51,20,1.0,5.0,FedProx,0.7102272727272727
52,20,1.0,5.0,FedAvg,0.725378787878788
52,20,1.0,5.0,FedProx,0.7196969696969697
53,20,1.0,5.0,FedAvg,0.7083333333333334
53,20,1.0,5.0,FedProx,0.7026515151515151
54,20,1.0,5.0,FedAvg,0.6912878787878789
54,20,1.0,5.0,FedProx,0.6865530303030303
55,20,1.0,5.0,FedAvg,0.7121212121212122
55,20,1.0,5.0,FedProx,0.7111742424242424
56,20,1.0,5.0,FedAvg,0.7045454545454545
56,20,1.0,5.0,FedProx,0.6950757575757576
57,20,1.0,5.0,FedAvg,0.7045454545454546
57,20,1.0,5.0,FedProx,0.6998106060606061
58,20,1.0,5.0,FedAvg,0.7045454545454546
58,20,1.0,5.0,FedProx,0.706439393939394
59,20,1.0,5.0,FedAvg,0.7111742424242424
59,20,1.0,5.0,FedProx,0.7130681818181818
60,20,1.0,5.0,FedAvg,0.7083333333333333
60,20,1.0,5.0,FedProx,0.7083333333333333
61,20,1.0,5.0,FedAvg,0.6856060606060607
61,20,1.0,5.0,FedProx,0.6846590909090908
42,20,1.0,10.0,FedAvg,0.7272727272727273
42,20,1.0,10.0,FedProx,0.7348484848484849
43,20,1.0,10.0,FedAvg,0.7329545454545454
43,20,1.0,10.0,FedProx,0.7339015151515151
44,20,1.0,10.0,FedAvg,0.7462121212121212
44,20,1.0,10.0,FedProx,0.7462121212121212
45,20,1.0,10.0,FedAvg,0.7395833333333334
45,20,1.0,10.0,FedProx,0.7395833333333334
46,20,1.0,10.0,FedAvg,0.740530303030303
46,20,1.0,10.0,FedProx,0.7414772727272728
47,20,1.0,10.0,FedAvg,0.7386363636363635
47,20,1.0,10.0,FedProx,0.7395833333333333
48,20,1.0,10.0,FedAvg,0.7424242424242424
48,20,1.0,10.0,FedProx,0.7424242424242424
49,20,1.0,10.0,FedAvg,0.728219696969697
49,20,1.0,10.0,FedProx,0.7272727272727273
50,20,1.0,10.0,FedAvg,0.7443181818181819
50,20,1.0,10.0,FedProx,0.7471590909090908
51,20,1.0,10.0,FedAvg,0.7301136363636364
51,20,1.0,10.0,FedProx,0.7386363636363636
52,20,1.0,10.0,FedAvg,0.7395833333333334
52,20,1.0,10.0,FedProx,0.7433712121212122
53,20,1.0,10.0,FedAvg,0.7348484848484849
53,20,1.0,10.0,FedProx,0.7357954545454546
54,20,1.0,10.0,FedAvg,0.728219696969697
54,20,1.0,10.0,FedProx,0.7301136363636365
55,20,1.0,10.0,FedAvg,0.7357954545454546
55,20,1.0,10.0,FedProx,0.7339015151515151
56,20,1.0,10.0,FedAvg,0.7234848484848485
56,20,1.0,10.0,FedProx,0.7225378787878788
57,20,1.0,10.0,FedAvg,0.7433712121212122
57,20,1.0,10.0,FedProx,0.7443181818181819
58,20,1.0,10.0,FedAvg,0.7367424242424243
58,20,1.0,10.0,FedProx,0.7386363636363636
59,20,1.0,10.0,FedAvg,0.7414772727272727
59,20,1.0,10.0,FedProx,0.7452651515151515
60,20,1.0,10.0,FedAvg,0.7357954545454546
60,20,1.0,10.0,FedProx,0.7395833333333333
61,20,1.0,10.0,FedAvg,0.7206439393939394
61,20,1.0,10.0,FedProx,0.7215909090909091
42,20,0.5,0.5,FedAvg,0.5748106060606061
42,20,0.5,0.5,FedProx,0.5700757575757576
43,20,0.5,0.5,FedAvg,0.5662878787878788
43,20,0.5,0.5,FedProx,0.5615530303030303
44,20,0.5,0.5,FedAvg,0.5672348484848485
44,20,0.5,0.5,FedProx,0.5719696969696969
45,20,0.5,0.5,FedAvg,0.5700757575757576
45,20,0.5,0.5,FedProx,0.5643939393939393
46,20,0.5,0.5,FedAvg,0.5823863636363636
46,20,0.5,0.5,FedProx,0.5748106060606061
47,20,0.5,0.5,FedAvg,0.5549242424242424
47,20,0.5,0.5,FedProx,0.5482954545454546
48,20,0.5,0.5,FedAvg,0.5369318181818181
48,20,0.5,0.5,FedProx,0.5340909090909092
49,20,0.5,0.5,FedAvg,0.5454545454545454
49,20,0.5,0.5,FedProx,0.5426136363636364
50,20,0.5,0.5,FedAvg,0.5331439393939393
50,20,0.5,0.5,FedProx,0.5274621212121212
51,20,0.5,0.5,FedAvg,0.5643939393939394
51,20,0.5,0.5,FedProx,0.5530303030303031
52,20,0.5,0.5,FedAvg,0.5662878787878788
52,20,0.5,0.5,FedProx,0.5606060606060607
53,20,0.5,0.5,FedAvg,0.5672348484848485
53,20,0.5,0.5,FedProx,0.5596590909090909
54,20,0.5,0.5,FedAvg,0.5511363636363636
54,20,0.5,0.5,FedProx,0.5492424242424243
55,20,0.5,0.5,FedAvg,0.5549242424242424
55,20,0.5,0.5,FedProx,0.5492424242424243
56,20,0.5,0.5,FedAvg,0.5729166666666666
56,20,0.5,0.5,FedProx,0.5653409090909091
57,20,0.5,0.5,FedAvg,0.5577651515151516
57,20,0.5,0.5,FedProx,0.550189393939394
58,20,0.5,0.5,FedAvg,0.5445075757575757
58,20,0.5,0.5,FedProx,0.5416666666666667
59,20,0.5,0.5,FedAvg,0.5350378787878788
59,20,0.5,0.5,FedProx,0.5293560606060606
60,20,0.5,0.5,FedAvg,0.5388257575757576
60,20,0.5,0.5,FedProx,0.5350378787878788
61,20,0.5,0.5,FedAvg,0.5388257575757576
61,20,0.5,0.5,FedProx,0.5284090909090909
42,20,0.5,1.0,FedAvg,0.5956439393939394
42,20,0.5,1.0,FedProx,0.5965909090909092
43,20,0.5,1.0,FedAvg,0.5918560606060606
43,20,0.5,1.0,FedProx,0.5880681818181819
44,20,0.5,1.0,FedAvg,0.5965909090909091
44,20,0.5,1.0,FedProx,0.59375
45,20,0.5,1.0,FedAvg,0.5994318181818181
45,20,0.5,1.0,FedProx,0.5956439393939394
46,20,0.5,1.0,FedAvg,0.6079545454545454
46,20,0.5,1.0,FedProx,0.6079545454545454
47,20,0.5,1.0,FedAvg,0.5852272727272727
47,20,0.5,1.0,FedProx,0.5833333333333334
48,20,0.5,1.0,FedAvg,0.5681818181818182
48,20,0.5,1.0,FedProx,0.5625
49,20,0.5,1.0,FedAvg,0.5757575757575757
49,20,0.5,1.0,FedProx,0.5719696969696969
50,20,0.5,1.0,FedAvg,0.5653409090909091
50,20,0.5,1.0,FedProx,0.5606060606060607
51,20,0.5,1.0,FedAvg,0.5880681818181818
51,20,0.5,1.0,FedProx,0.5804924242424242
52,20,0.5,1.0,FedAvg,0.5909090909090908
52,20,0.5,1.0,FedProx,0.584280303030303
53,20,0.5,1.0,FedAvg,0.5956439393939393
53,20,0.5,1.0,FedProx,0.5928030303030303
54,20,0.5,1.0,FedAvg,0.5833333333333333
54,20,0.5,1.0,FedProx,0.5776515151515151
55,20,0.5,1.0,FedAvg,0.5852272727272727
55,20,0.5,1.0,FedProx,0.584280303030303
56,20,0.5,1.0,FedAvg,0.5918560606060607
56,20,0.5,1.0,FedProx,0.5871212121212122
57,20,0.5,1.0,FedAvg,0.5767045454545455
57,20,0.5,1.0,FedProx,0.5767045454545455
58,20,0.5,1.0,FedAvg,0.571969696969697
58,20,0.5,1.0,FedProx,0.5700757575757576
59,20,0.5,1.0,FedAvg,0.5615530303030303
59,20,0.5,1.0,FedProx,0.5643939393939393
60,20,0.5,1.0,FedAvg,0.5672348484848484
60,20,0.5,1.0,FedProx,0.5662878787878788
61,20,0.5,1.0,FedAvg,0.5643939393939394
61,20,0.5,1.0,FedProx,0.5596590909090909
42,20,0.5,2.0,FedAvg,0.637310606060606
42,20,0.5,2.0,FedProx,0.643939393939394
43,20,0.5,2.0,FedAvg,0.6335227272727273
43,20,0.5,2.0,FedProx,0.6354166666666665
44,20,0.5,2.0,FedAvg,0.6373106060606061
44,20,0.5,2.0,FedProx,0.6392045454545454
45,20,0.5,2.0,FedAvg,0.6392045454545454
45,20,0.5,2.0,FedProx,0.637310606060606
46,20,0.5,2.0,FedAvg,0.6553030303030303
46,20,0.5,2.0,FedProx,0.6524621212121212
47,20,0.5,2.0,FedAvg,0.6410984848484849
47,20,0.5,2.0,FedProx,0.6392045454545454
48,20,0.5,2.0,FedAvg,0.6212121212121213
48,20,0.5,2.0,FedProx,0.6136363636363636
49,20,0.5,2.0,FedAvg,0.6287878787878789
49,20,0.5,2.0,FedProx,0.6240530303030303
50,20,0.5,2.0,FedAvg,0.618371212121212
50,20,0.5,2.0,FedProx,0.6107954545454546
51,20,0.5,2.0,FedAvg,0.6335227272727273
51,20,0.5,2.0,FedProx,0.6354166666666667
52,20,0.5,2.0,FedAvg,0.6363636363636362
52,20,0.5,2.0,FedProx,0.6448863636363635
53,20,0.5,2.0,FedAvg,0.6382575757575759
53,20,0.5,2.0,FedProx,0.6429924242424243
54,20,0.5,2.0,FedAvg,0.6174242424242424
54,20,0.5,2.0,FedProx,0.6202651515151515
55,20,0.5,2.0,FedAvg,0.6363636363636364
55,20,0.5,2.0,FedProx,0.6363636363636364
56,20,0.5,2.0,FedAvg,0.6316287878787878
56,20,0.5,2.0,FedProx,0.6306818181818181
57,20,0.5,2.0,FedAvg,0.625
57,20,0.5,2.0,FedProx,0.6212121212121212
58,20,0.5,2.0,FedAvg,0.6287878787878788
58,20,0.5,2.0,FedProx,0.6259469696969697
59,20,0.5,2.0,FedAvg,0.6231060606060607
59,20,0.5,2.0,FedProx,0.618371212121212
60,20,0.5,2.0,FedAvg,0.6193181818181818
60,20,0.5,2.0,FedProx,0.6126893939393939
61,20,0.5,2.0,FedAvg,0.6107954545454546
61,20,0.5,2.0,FedProx,0.6107954545454546
42,20,0.5,5.0,FedAvg,0.7149621212121212
42,20,0.5,5.0,FedProx,0.7140151515151514
43,20,0.5,5.0,FedAvg,0.7206439393939394
43,20,0.5,5.0,FedProx,0.71875
44,20,0.5,5.0,FedAvg,0.7320075757575758
44,20,0.5,5.0,FedProx,0.7291666666666667
45,20,0.5,5.0,FedAvg,0.7263257575757575
45,20,0.5,5.0,FedProx,0.7244318181818183
46,20,0.5,5.0,FedAvg,0.7253787878787878
46,20,0.5,5.0,FedProx,0.7244318181818181
47,20,0.5,5.0,FedAvg,0.7159090909090908
47,20,0.5,5.0,FedProx,0.7121212121212122
48,20,0.5,5.0,FedAvg,0.706439393939394
48,20,0.5,5.0,FedProx,0.7054924242424243
49,20,0.5,5.0,FedAvg,0.7035984848484849
49,20,0.5,5.0,FedProx,0.7045454545454546
50,20,0.5,5.0,FedAvg,0.7007575757575759
50,20,0.5,5.0,FedProx,0.7035984848484849
51,20,0.5,5.0,FedAvg,0.7140151515151516
51,20,0.5,5.0,FedProx,0.7149621212121211
52,20,0.5,5.0,FedAvg,0.725378787878788
52,20,0.5,5.0,FedProx,0.7225378787878789
53,20,0.5,5.0,FedAvg,0.7130681818181819
53,20,0.5,5.0,FedProx,0.709280303030303
54,20,0.5,5.0,FedAvg,0.6950757575757576
54,20,0.5,5.0,FedProx,0.6875
55,20,0.5,5.0,FedAvg,0.7130681818181819
55,20,0.5,5.0,FedProx,0.712121212121212
56,20,0.5,5.0,FedAvg,0.7035984848484849
56,20,0.5,5.0,FedProx,0.6960227272727273
57,20,0.5,5.0,FedAvg,0.6988636363636365
57,20,0.5,5.0,FedProx,0.6969696969696969
58,20,0.5,5.0,FedAvg,0.7017045454545454
58,20,0.5,5.0,FedProx,0.7026515151515151
59,20,0.5,5.0,FedAvg,0.7121212121212122
59,20,0.5,5.0,FedProx,0.7140151515151515
60,20,0.5,5.0,FedAvg,0.7073863636363638
60,20,0.5,5.0,FedProx,0.709280303030303
61,20,0.5,5.0,FedAvg,0.6808712121212122
61,20,0.5,5.0,FedProx,0.6856060606060607
42,20,0.5,10.0,FedAvg,0.728219696969697
42,20,0.5,10.0,FedProx,0.7301136363636365
43,20,0.5,10.0,FedAvg,0.7339015151515151
43,20,0.5,10.0,FedProx,0.7339015151515151
44,20,0.5,10.0,FedAvg,0.7462121212121212
44,20,0.5,10.0,FedProx,0.7471590909090909
45,20,0.5,10.0,FedAvg,0.7386363636363638
45,20,0.5,10.0,FedProx,0.740530303030303
46,20,0.5,10.0,FedAvg,0.7405303030303031
46,20,0.5,10.0,FedProx,0.7424242424242424
47,20,0.5,10.0,FedAvg,0.7357954545454546
47,20,0.5,10.0,FedProx,0.7424242424242424
48,20,0.5,10.0,FedAvg,0.740530303030303
48,20,0.5,10.0,FedProx,0.7452651515151516
49,20,0.5,10.0,FedAvg,0.7301136363636365
49,20,0.5,10.0,FedProx,0.7339015151515151
50,20,0.5,10.0,FedAvg,0.7424242424242424
50,20,0.5,10.0,FedProx,0.7452651515151516
51,20,0.5,10.0,FedAvg,0.7320075757575758
51,20,0.5,10.0,FedProx,0.7386363636363636
52,20,0.5,10.0,FedAvg,0.7452651515151515
52,20,0.5,10.0,FedProx,0.7452651515151515
53,20,0.5,10.0,FedAvg,0.7310606060606061
53,20,0.5,10.0,FedProx,0.7357954545454546
54,20,0.5,10.0,FedAvg,0.7263257575757576
54,20,0.5,10.0,FedProx,0.7291666666666667
55,20,0.5,10.0,FedAvg,0.7348484848484849
55,20,0.5,10.0,FedProx,0.7329545454545454
56,20,0.5,10.0,FedAvg,0.7234848484848485
56,20,0.5,10.0,FedProx,0.7244318181818182
57,20,0.5,10.0,FedAvg,0.7395833333333333
57,20,0.5,10.0,FedProx,0.740530303030303
58,20,0.5,10.0,FedAvg,0.7376893939393939
58,20,0.5,10.0,FedProx,0.7386363636363636
59,20,0.5,10.0,FedAvg,0.7424242424242424
59,20,0.5,10.0,FedProx,0.7433712121212122
60,20,0.5,10.0,FedAvg,0.7339015151515151
60,20,0.5,10.0,FedProx,0.7386363636363636
61,20,0.5,10.0,FedAvg,0.7225378787878789
61,20,0.5,10.0,FedProx,0.7244318181818181
42,20,0.1,0.5,FedAvg,0.5729166666666666
42,20,0.1,0.5,FedProx,0.5691287878787878
43,20,0.1,0.5,FedAvg,0.5653409090909091
43,20,0.1,0.5,FedProx,0.5615530303030303
44,20,0.1,0.5,FedAvg,0.5662878787878788
44,20,0.1,0.5,FedProx,0.5691287878787878
45,20,0.1,0.5,FedAvg,0.5710227272727273
45,20,0.1,0.5,FedProx,0.5672348484848484
46,20,0.1,0.5,FedAvg,0.5833333333333333
46,20,0.1,0.5,FedProx,0.5748106060606061
47,20,0.1,0.5,FedAvg,0.5549242424242424
47,20,0.1,0.5,FedProx,0.5482954545454546
48,20,0.1,0.5,FedAvg,0.5369318181818181
48,20,0.1,0.5,FedProx,0.5350378787878789
49,20,0.1,0.5,FedAvg,0.5445075757575757
49,20,0.1,0.5,FedProx,0.540719696969697
50,20,0.1,0.5,FedAvg,0.5321969696969697
50,20,0.1,0.5,FedProx,0.5265151515151516
51,20,0.1,0.5,FedAvg,0.5634469696969697
51,20,0.1,0.5,FedProx,0.553030303030303
52,20,0.1,0.5,FedAvg,0.5672348484848485
52,20,0.1,0.5,FedProx,0.5606060606060607
53,20,0.1,0.5,FedAvg,0.5662878787878788
53,20,0.1,0.5,FedProx,0.5596590909090909
54,20,0.1,0.5,FedAvg,0.5511363636363636
54,20,0.1,0.5,FedProx,0.5492424242424243
55,20,0.1,0.5,FedAvg,0.5539772727272727
55,20,0.1,0.5,FedProx,0.5501893939393939
56,20,0.1,0.5,FedAvg,0.5729166666666666
56,20,0.1,0.5,FedProx,0.5691287878787878
57,20,0.1,0.5,FedAvg,0.5577651515151516
57,20,0.1,0.5,FedProx,0.5511363636363636
58,20,0.1,0.5,FedAvg,0.543560606060606
58,20,0.1,0.5,FedProx,0.540719696969697
59,20,0.1,0.5,FedAvg,0.5350378787878788
59,20,0.1,0.5,FedProx,0.5303030303030303
60,20,0.1,0.5,FedAvg,0.5388257575757576
60,20,0.1,0.5,FedProx,0.5350378787878788
61,20,0.1,0.5,FedAvg,0.5426136363636364
61,20,0.1,0.5,FedProx,0.5303030303030303
42,20,0.1,1.0,FedAvg,0.5965909090909091
42,20,0.1,1.0,FedProx,0.5965909090909091
43,20,0.1,1.0,FedAvg,0.5909090909090909
43,20,0.1,1.0,FedProx,0.5880681818181818
44,20,0.1,1.0,FedAvg,0.5899621212121212
44,20,0.1,1.0,FedProx,0.5899621212121212
45,20,0.1,1.0,FedAvg,0.5994318181818182
45,20,0.1,1.0,FedProx,0.5975378787878789
46,20,0.1,1.0,FedAvg,0.6145833333333333
46,20,0.1,1.0,FedProx,0.6041666666666666
47,20,0.1,1.0,FedAvg,0.5833333333333333
47,20,0.1,1.0,FedProx,0.5804924242424243
48,20,0.1,1.0,FedAvg,0.571969696969697
48,20,0.1,1.0,FedProx,0.5653409090909092
49,20,0.1,1.0,FedAvg,0.5748106060606061
49,20,0.1,1.0,FedProx,0.5700757575757576
50,20,0.1,1.0,FedAvg,0.5634469696969697
50,20,0.1,1.0,FedProx,0.5606060606060606
51,20,0.1,1.0,FedAvg,0.5880681818181818
51,20,0.1,1.0,FedProx,0.5804924242424242
52,20,0.1,1.0,FedAvg,0.5890151515151515
52,20,0.1,1.0,FedProx,0.5833333333333334
53,20,0.1,1.0,FedAvg,0.5928030303030303
53,20,0.1,1.0,FedProx,0.5899621212121211
54,20,0.1,1.0,FedAvg,0.5833333333333333
54,20,0.1,1.0,FedProx,0.5785984848484849
55,20,0.1,1.0,FedAvg,0.5823863636363636
55,20,0.1,1.0,FedProx,0.584280303030303
56,20,0.1,1.0,FedAvg,0.5928030303030304
56,20,0.1,1.0,FedProx,0.5899621212121212
57,20,0.1,1.0,FedAvg,0.5795454545454545
57,20,0.1,1.0,FedProx,0.5757575757575758
58,20,0.1,1.0,FedAvg,0.5719696969696969
58,20,0.1,1.0,FedProx,0.5700757575757576
59,20,0.1,1.0,FedAvg,0.5625
59,20,0.1,1.0,FedProx,0.5634469696969697
60,20,0.1,1.0,FedAvg,0.5672348484848484
60,20,0.1,1.0,FedProx,0.5653409090909091
61,20,0.1,1.0,FedAvg,0.5643939393939393
61,20,0.1,1.0,FedProx,0.5615530303030303
42,20,0.1,2.0,FedAvg,0.6439393939393939
42,20,0.1,2.0,FedProx,0.6429924242424242
43,20,0.1,2.0,FedAvg,0.6354166666666666
43,20,0.1,2.0,FedProx,0.6344696969696969
44,20,0.1,2.0,FedAvg,0.6354166666666666
44,20,0.1,2.0,FedProx,0.6373106060606061
45,20,0.1,2.0,FedAvg,0.6392045454545454
45,20,0.1,2.0,FedProx,0.6401515151515151
46,20,0.1,2.0,FedAvg,0.65625
46,20,0.1,2.0,FedProx,0.6553030303030303
47,20,0.1,2.0,FedAvg,0.6420454545454546
47,20,0.1,2.0,FedProx,0.6363636363636364
48,20,0.1,2.0,FedAvg,0.6240530303030303
48,20,0.1,2.0,FedProx,0.6183712121212122
49,20,0.1,2.0,FedAvg,0.6240530303030303
49,20,0.1,2.0,FedProx,0.6231060606060606
50,20,0.1,2.0,FedAvg,0.6212121212121212
50,20,0.1,2.0,FedProx,0.6174242424242424
51,20,0.1,2.0,FedAvg,0.6354166666666666
51,20,0.1,2.0,FedProx,0.6306818181818181
52,20,0.1,2.0,FedAvg,0.6363636363636362
52,20,0.1,2.0,FedProx,0.6467803030303031
53,20,0.1,2.0,FedAvg,0.6316287878787878
53,20,0.1,2.0,FedProx,0.637310606060606
54,20,0.1,2.0,FedAvg,0.6174242424242424
54,20,0.1,2.0,FedProx,0.6212121212121212
55,20,0.1,2.0,FedAvg,0.6344696969696969
55,20,0.1,2.0,FedProx,0.6392045454545454
56,20,0.1,2.0,FedAvg,0.6373106060606061
56,20,0.1,2.0,FedProx,0.6335227272727273
57,20,0.1,2.0,FedAvg,0.6335227272727273
57,20,0.1,2.0,FedProx,0.6278409090909092
58,20,0.1,2.0,FedAvg,0.6287878787878788
58,20,0.1,2.0,FedProx,0.625
59,20,0.1,2.0,FedAvg,0.6231060606060606
59,20,0.1,2.0,FedProx,0.6174242424242424
60,20,0.1,2.0,FedAvg,0.6193181818181818
60,20,0.1,2.0,FedProx,0.6155303030303031
61,20,0.1,2.0,FedAvg,0.6183712121212122
61,20,0.1,2.0,FedProx,0.6145833333333335
42,20,0.1,5.0,FedAvg,0.71875
42,20,0.1,5.0,FedProx,0.71875
43,20,0.1,5.0,FedAvg,0.7178030303030303
43,20,0.1,5.0,FedProx,0.7178030303030303
44,20,0.1,5.0,FedAvg,0.7301136363636364
44,20,0.1,5.0,FedProx,0.7291666666666666
45,20,0.1,5.0,FedAvg,0.7253787878787878
45,20,0.1,5.0,FedProx,0.7225378787878788
46,20,0.1,5.0,FedAvg,0.7310606060606061
46,20,0.1,5.0,FedProx,0.7272727272727273
47,20,0.1,5.0,FedAvg,0.7159090909090908
47,20,0.1,5.0,FedProx,0.7130681818181819
48,20,0.1,5.0,FedAvg,0.7054924242424242
48,20,0.1,5.0,FedProx,0.7045454545454546
49,20,0.1,5.0,FedAvg,0.6998106060606062
49,20,0.1,5.0,FedProx,0.7026515151515151
50,20,0.1,5.0,FedAvg,0.706439393939394
50,20,0.1,5.0,FedProx,0.709280303030303
51,20,0.1,5.0,FedAvg,0.6988636363636364
51,20,0.1,5.0,FedProx,0.6988636363636362
52,20,0.1,5.0,FedAvg,0.7244318181818182
52,20,0.1,5.0,FedProx,0.7225378787878789
53,20,0.1,5.0,FedAvg,0.7045454545454545
53,20,0.1,5.0,FedProx,0.6998106060606061
54,20,0.1,5.0,FedAvg,0.6988636363636365
54,20,0.1,5.0,FedProx,0.6922348484848486
55,20,0.1,5.0,FedAvg,0.7130681818181819
55,20,0.1,5.0,FedProx,0.7111742424242423
56,20,0.1,5.0,FedAvg,0.7054924242424242
56,20,0.1,5.0,FedProx,0.7017045454545454
57,20,0.1,5.0,FedAvg,0.7054924242424242
57,20,0.1,5.0,FedProx,0.7007575757575757
58,20,0.1,5.0,FedAvg,0.7054924242424243
58,20,0.1,5.0,FedProx,0.7073863636363636
59,20,0.1,5.0,FedAvg,0.7140151515151516
59,20,0.1,5.0,FedProx,0.7159090909090908
60,20,0.1,5.0,FedAvg,0.7035984848484849
60,20,0.1,5.0,FedProx,0.7083333333333333
61,20,0.1,5.0,FedAvg,0.6865530303030303
61,20,0.1,5.0,FedProx,0.6922348484848485
42,20,0.1,10.0,FedAvg,0.7348484848484849
42,20,0.1,10.0,FedProx,0.7367424242424243
43,20,0.1,10.0,FedAvg,0.7320075757575758
43,20,0.1,10.0,FedProx,0.7339015151515151
44,20,0.1,10.0,FedAvg,0.7471590909090909
44,20,0.1,10.0,FedProx,0.7471590909090909
45,20,0.1,10.0,FedAvg,0.7395833333333334
45,20,0.1,10.0,FedProx,0.7414772727272727
46,20,0.1,10.0,FedAvg,0.7481060606060606
46,20,0.1,10.0,FedProx,0.7462121212121212
47,20,0.1,10.0,FedAvg,0.7367424242424242
47,20,0.1,10.0,FedProx,0.7386363636363636
48,20,0.1,10.0,FedAvg,0.7433712121212122
48,20,0.1,10.0,FedProx,0.7443181818181819
49,20,0.1,10.0,FedAvg,0.7272727272727273
49,20,0.1,10.0,FedProx,0.7301136363636365
50,20,0.1,10.0,FedAvg,0.7443181818181819
50,20,0.1,10.0,FedProx,0.7471590909090908
51,20,0.1,10.0,FedAvg,0.7244318181818181
51,20,0.1,10.0,FedProx,0.7272727272727273
52,20,0.1,10.0,FedAvg,0.7443181818181819
52,20,0.1,10.0,FedProx,0.7462121212121212
53,20,0.1,10.0,FedAvg,0.7320075757575758
53,20,0.1,10.0,FedProx,0.7329545454545455
54,20,0.1,10.0,FedAvg,0.7272727272727273
54,20,0.1,10.0,FedProx,0.728219696969697
55,20,0.1,10.0,FedAvg,0.7367424242424242
55,20,0.1,10.0,FedProx,0.7348484848484849
56,20,0.1,10.0,FedAvg,0.7263257575757576
56,20,0.1,10.0,FedProx,0.7253787878787878
57,20,0.1,10.0,FedAvg,0.7414772727272727
57,20,0.1,10.0,FedProx,0.7433712121212122
58,20,0.1,10.0,FedAvg,0.7395833333333334
58,20,0.1,10.0,FedProx,0.7414772727272727
59,20,0.1,10.0,FedAvg,0.7414772727272727
59,20,0.1,10.0,FedProx,0.7433712121212122
60,20,0.1,10.0,FedAvg,0.7367424242424243
60,20,0.1,10.0,FedProx,0.7405303030303031
61,20,0.1,10.0,FedAvg,0.7253787878787878
61,20,0.1,10.0,FedProx,0.725378787878788
