Seed,ClientCount,Epsilon,HospitalID,ShapleyValue,Rank,SE
42,3,0.5,1,0.048453282828282894,1,0.019021309419209455
42,3,0.5,2,0.021938131313131343,3,0.016697630635573397
42,3,0.5,3,0.041351010101010076,2,0.018261307516644586
42,3,1.0,1,0.08112373737373733,1,0.017343406184958395
42,3,1.0,2,0.007733585858585838,3,0.016102223809877587
42,3,1.0,3,0.029513888888888878,2,0.01943841819386251
42,3,2.0,1,0.09943181818181822,1,0.025603230747340465
42,3,2.0,2,-0.06297348484848488,3,0.022682016441530103
42,3,2.0,3,0.0184659090909091,2,0.019089720644525996
42,3,5.0,1,0.09517045454545457,1,0.026032338779372076
42,3,5.0,2,-0.06770833333333338,3,0.02014120175677389
42,3,5.0,3,0.009469696969696942,2,0.009695847571595757
42,3,10.0,1,0.07859848484848485,1,0.022918275328240072
42,3,10.0,2,-0.06960227272727272,3,0.01630107168209022
42,3,10.0,3,0.007102272727272744,2,0.011614596094275939
42,3,No DP,1,0.09958964646464646,2,0.03234318332631953
42,3,No DP,2,0.014835858585858619,3,0.031189094390923894
42,3,No DP,3,0.12326388888888884,1,0.041378359966658146
43,3,0.5,1,0.04766414141414146,1,0.05731086661518731
43,3,0.5,2,-0.002525252525252634,2,0.05674477347281697
43,3,0.5,3,-0.022411616161616115,3,0.048418397245263686
43,3,1.0,1,0.06281565656565662,1,0.05114350762750821
43,3,1.0,2,0.0036300505050504786,2,0.05100047837208285
43,3,1.0,3,0.0036300505050504786,3,0.04397233995805409
43,3,2.0,1,0.08222853535353537,1,0.04381571053948194
43,3,2.0,2,-0.017676767676767662,3,0.034625717205850365
43,3,2.0,3,0.044349747474747424,2,0.04075725053288044
43,3,5.0,1,0.10022095959595963,1,0.033362985186201836
43,3,5.0,2,-0.033775252525252576,3,0.026706734315019055
43,3,5.0,3,0.06897095959595957,2,0.039089459670908974
43,3,10.0,1,0.11063762626262628,1,0.02836119056149413
43,3,10.0,2,-0.03945707070707074,3,0.026624528893589173
43,3,10.0,3,0.07275883838383838,2,0.03717210682611815
43,3,No DP,1,0.1085858585858586,1,0.02410143474310583
43,3,No DP,2,0.04750631313131313,3,0.019559779078072055
43,3,No DP,3,0.05886994949494948,2,0.024235165383724857
44,3,0.5,1,0.07891414141414144,1,0.05729521733067981
44,3,0.5,2,0.019255050505050497,2,0.05856967668443307
44,3,0.5,3,-0.02904040404040409,3,0.05856967668443305
44,3,1.0,1,0.15640782828282826,1,0.043806613399578545
44,3,1.0,2,0.05981691919191926,2,0.044751717220588266
44,3,1.0,3,-0.041982323232323225,3,0.04428801480784816
44,3,2.0,1,0.1404671717171718,1,0.0349358290315363
44,3,2.0,2,0.10306186868686869,2,0.042445783725752306
44,3,2.0,3,-0.01246843434343429,3,0.032242905704917134
44,3,5.0,1,0.09122474747474751,2,0.041277854429249965
44,3,5.0,2,0.12010732323232326,1,0.04707698711387453
44,3,5.0,3,0.007417929292929337,3,0.024163109771219885
44,3,10.0,1,0.07859848484848485,2,0.040380605972297284
44,3,10.0,2,0.12405303030303037,1,0.04236741436492665
44,3,10.0,3,0.01893939393939396,3,0.01972032657504707
44,3,No DP,1,0.14172979797979798,1,0.03850859169366626
44,3,No DP,2,0.0939078282828283,2,0.042680466130485074
44,3,No DP,3,0.006786616161616151,3,0.016188622718185983
45,3,0.5,1,0.06549873737373733,1,0.07124034304967951
45,3,0.5,2,0.019097222222222248,2,0.06855033652221952
45,3,0.5,3,0.016729797979797994,3,0.06748655678528373
45,3,1.0,1,0.12547348484848483,1,0.05499755190421052
45,3,1.0,2,0.024147727272727237,2,0.05922820436709613
45,3,1.0,3,0.011363636363636326,3,0.05990285097827973
45,3,2.0,1,0.14835858585858594,1,0.033607172485626606
45,3,2.0,2,0.04750631313131317,2,0.03817057796013999
45,3,2.0,3,0.01152146464646466,3,0.03820319356411421
45,3,5.0,1,0.117739898989899,1,0.024896546588755026
45,3,5.0,2,0.045770202020202044,3,0.01793510866221814
45,3,5.0,3,0.056186868686868674,2,0.011523986740233427
45,3,10.0,1,0.0995896464646464,1,0.029019309720011273
45,3,10.0,2,0.04182449494949495,3,0.022477558799927678
45,3,10.0,3,0.07165404040404043,2,0.022652253548279988
45,3,No DP,1,0.1308396464646464,1,0.03148064362299723
45,3,No DP,2,0.05886994949494945,2,0.03148064362299722
45,3,No DP,3,0.04608585858585862,3,0.021161549614980193
46,3,0.5,1,0.017361111111111067,3,0.030075848570935506
46,3,0.5,2,0.06518308080808079,2,0.03523384593540913
46,3,0.5,3,0.06897095959595963,1,0.03473686607716436
46,3,1.0,1,0.00946969696969698,3,0.02375826839354002
46,3,1.0,2,0.08522727272727267,2,0.03606920159348511
46,3,1.0,3,0.08712121212121222,1,0.03473513304503611
46,3,2.0,1,-0.0077335858585858746,3,0.013792452207131795
46,3,2.0,2,0.12105429292929297,1,0.037572690423480354
46,3,2.0,3,0.09690656565656562,2,0.03400360203891029
46,3,5.0,1,-0.03535353535353538,3,0.004790636547909169
46,3,5.0,2,0.14930555555555555,1,0.04278611900607979
46,3,5.0,3,0.09343434343434347,2,0.04124223458777194
46,3,10.0,1,-0.038194444444444475,3,0.008932764774126785
46,3,10.0,2,0.15309343434343442,1,0.04292097519192341
46,3,10.0,3,0.09154040404040409,2,0.042156798027361324
46,3,No DP,1,0.013573232323232376,3,0.008530517701476984
46,3,No DP,2,0.09738005050505055,2,0.036761738667481746
46,3,No DP,3,0.1220012626262626,1,0.03901674551419455
47,3,0.5,1,0.05602904040404041,1,0.02935811117073433
47,3,0.5,2,-0.016887626262626226,3,0.0229589073108401
47,3,0.5,3,0.04703282828282825,2,0.028973134740452787
47,3,1.0,1,0.0879103535353535,1,0.03502750940457114
47,3,1.0,2,-0.047032828282828266,3,0.01591119932183397
47,3,1.0,3,0.08412247474747477,2,0.03320057140648721
47,3,2.0,1,0.11631944444444449,1,0.04139340722715833
47,3,2.0,2,-0.0806502525252525,3,0.002791523848999694
47,3,2.0,3,0.10921717171717167,2,0.04194354047741032
47,3,5.0,1,0.1267361111111112,2,0.04282496273761721
47,3,5.0,2,-0.10385101010101015,3,0.016159745952659593
47,3,5.0,3,0.13336489898989898,1,0.04231000169940649
47,3,10.0,1,0.12263257575757576,2,0.04111161692437884
47,3,10.0,2,-0.11268939393939398,3,0.021196050459847907
47,3,10.0,3,0.14346590909090914,1,0.04095986038436423
47,3,No DP,1,0.15625000000000003,1,0.05315557219134499
47,3,No DP,2,-0.04356060606060604,3,0.021082928635727954
47,3,No DP,3,0.1486742424242424,2,0.05279444528633218
48,3,0.5,1,0.03803661616161617,1,0.03374383204874072
48,3,0.5,2,-0.03630050505050505,3,0.029118926103498585
48,3,0.5,3,-0.023516414141414105,2,0.03057424846741274
48,3,1.0,1,0.09438131313131314,1,0.03413447887630117
48,3,1.0,2,-0.0031565656565655984,3,0.030002045409616176
48,3,1.0,3,0.02051767676767678,2,0.03331684895555777
48,3,2.0,1,0.08901515151515156,1,0.041654110252206444
48,3,2.0,2,0.02935606060606057,3,0.038686928439044505
48,3,2.0,3,0.06439393939393935,2,0.03780967495397836
48,3,5.0,1,0.08522727272727276,1,0.040400341134314746
48,3,5.0,2,0.030776515151515138,3,0.035977060062255505
48,3,5.0,3,0.080965909090909,2,0.04104187860903729
48,3,10.0,1,0.09343434343434348,1,0.03692214937177332
48,3,10.0,2,0.023358585858585856,3,0.031027343797275123
48,3,10.0,3,0.07922979797979796,2,0.038172698821221936
48,3,No DP,1,0.13494318181818185,1,0.034275092557024905
48,3,No DP,2,0.02414772727272731,3,0.026734778761240172
48,3,No DP,3,0.0890151515151515,2,0.029451789446775258
49,3,0.5,1,0.0009469696969697053,2,0.034022887384943856
49,3,0.5,2,-0.04071969696969698,3,0.03907517203394896
49,3,0.5,3,0.013257575757575782,1,0.0361030256452808
49,3,1.0,1,0.016571969696969686,1,0.02414385862256826
49,3,1.0,2,-0.05160984848484849,3,0.03207197308952268
49,3,1.0,3,0.01609848484848488,2,0.028677881070035063
49,3,2.0,1,0.029513888888888905,1,0.01903832623839821
49,3,2.0,2,-0.03819444444444447,3,0.023808192879066943
49,3,2.0,3,0.0238320707070707,2,0.020057753935486405
49,3,5.0,1,0.0388257575757576,1,0.010755508230682352
49,3,5.0,2,-0.019886363636363646,3,0.012320719104339501
49,3,5.0,3,0.02556818181818185,2,0.011104203976854729
49,3,10.0,1,0.024621212121212155,2,0.011544143653983437
49,3,10.0,2,0.002840909090909116,3,0.011061499664100539
49,3,10.0,3,0.026515151515151547,1,0.011544143653983426
49,3,No DP,1,0.09643308080808077,2,0.03521828885193434
49,3,No DP,2,0.021148989898989945,3,0.02179249890332721
49,3,No DP,3,0.1153724747474748,1,0.03521828885193434
50,3,0.5,1,0.016098484848484872,1,0.06369969829581824
50,3,0.5,2,0.0056818181818181586,2,0.0644832361390145
50,3,0.5,3,-0.010416666666666676,3,0.06419635089685867
50,3,1.0,1,0.06786616161616162,1,0.06014631339582669
50,3,1.0,2,0.034248737373737355,2,0.06135620591461296
50,3,1.0,3,0.00678661616161617,3,0.06227817512893378
50,3,2.0,1,0.06849747474747471,1,0.02878163651014931
50,3,2.0,2,0.061395202020202065,2,0.027090815960096534
50,3,2.0,3,0.029198232323232282,3,0.026254028398890746
50,3,5.0,1,0.05713383838383838,2,0.02123205958286976
50,3,5.0,2,0.07938762626262623,1,0.023960201276422878
50,3,5.0,3,0.046243686868686885,3,0.019006898672597198
50,3,10.0,1,0.05855429292929284,2,0.028733779266992922
50,3,10.0,2,0.07323232323232327,1,0.02858798426231844
50,3,10.0,3,0.04624368686868687,3,0.027533157887146366
50,3,No DP,1,0.09832702020202022,1,0.04150998857401974
50,3,No DP,2,0.06518308080808077,3,0.040343833789139534
50,3,No DP,3,0.07417929292929293,2,0.0424887495337108
51,3,0.5,1,0.020044191919191934,3,0.042633165574281234
51,3,0.5,2,0.0673926767676768,2,0.044862903393959055
51,3,0.5,3,0.09911616161616155,1,0.04072561000316531
51,3,1.0,1,0.03503787878787882,3,0.04091011385739369
51,3,1.0,2,0.09517045454545457,1,0.04739778052539535
51,3,1.0,3,0.09232954545454551,2,0.04304619939480444
51,3,2.0,1,0.046875,3,0.04133157819889455
51,3,2.0,2,0.10558712121212122,1,0.05006901718587801
51,3,2.0,3,0.06723484848484851,2,0.04557440268795906
51,3,5.0,1,0.037878787878787866,3,0.03408652469000473
51,3,5.0,2,0.10179924242424239,1,0.046642329955174096
51,3,5.0,3,0.06960227272727272,2,0.04075867658031437
51,3,10.0,1,0.028724747474747476,3,0.02924270318918146
51,3,10.0,2,0.10069444444444443,1,0.04193581922225661
51,3,10.0,3,0.07039141414141416,2,0.03871889464102204
51,3,No DP,1,-0.01972853535353536,3,0.003191229076413112
51,3,No DP,2,0.11332070707070703,2,0.03288716270177061
51,3,No DP,3,0.14125631313131318,1,0.032951292479288144
52,3,0.5,1,-0.006944444444444531,3,0.032211408263176616
52,3,0.5,2,0.16019570707070713,1,0.02409704180304866
52,3,0.5,3,0.039930555555555525,2,0.031007868991944142
52,3,1.0,1,-0.002525252525252523,3,0.01426695511568484
52,3,1.0,2,0.18639520202020202,1,0.02748697849925956
52,3,1.0,3,0.07181186868686872,2,0.025512996025644545
52,3,2.0,1,0.014046717171717201,3,0.007299167054318699
52,3,2.0,2,0.15609217171717174,1,0.04319620069628226
52,3,2.0,3,0.11300505050505051,2,0.04422046937305901
52,3,5.0,1,0.04119318181818179,3,0.025874934952454378
52,3,5.0,2,0.13352272727272727,1,0.04660346095054666
52,3,5.0,3,0.11221590909090907,2,0.04801859040338312
52,3,10.0,1,0.051609848484848474,3,0.031115596787647082
52,3,10.0,2,0.12405303030303029,1,0.048560867055193004
52,3,10.0,3,0.10748106060606057,2,0.05096546275925116
52,3,No DP,1,0.05381944444444444,3,0.030793439941841087
52,3,No DP,2,0.09974747474747477,2,0.04617693424517671
52,3,No DP,3,0.10022095959595957,1,0.044455729004475204
53,3,0.5,1,0.10211489898989896,1,0.04105199295187719
53,3,0.5,2,0.03677398989898991,3,0.03146877229750695
53,3,0.5,3,0.06470959595959587,2,0.03878446073702856
53,3,1.0,1,0.10432449494949492,1,0.044519000984184466
53,3,1.0,2,0.049400252525252486,3,0.03458306644365926
53,3,1.0,3,0.0830176767676768,2,0.04412911903846304
53,3,2.0,1,0.08680555555555552,1,0.044076026487661756
53,3,2.0,2,0.07260101010101017,3,0.03925495371306053
53,3,2.0,3,0.08491161616161608,2,0.04619527162415961
53,3,5.0,1,0.06139520202020199,3,0.04657748569379681
53,3,5.0,2,0.08033459595959597,2,0.04601035084645473
53,3,5.0,3,0.08554292929292934,1,0.0472709100766948
53,3,10.0,1,0.05713383838383842,3,0.04456667548605724
53,3,10.0,2,0.07654671717171714,2,0.04384753566585071
53,3,10.0,3,0.08506944444444443,1,0.045815577835579074
53,3,No DP,1,0.1027462121212122,1,0.04110313336796572
53,3,No DP,2,0.045928030303030366,3,0.025606878918622924
53,3,No DP,3,0.09943181818181822,2,0.040313928474511804
54,3,0.5,1,0.08838383838383841,1,0.05074991278612745
54,3,0.5,2,0.0320391414141414,3,0.05879920866626248
54,3,0.5,3,0.03677398989898991,2,0.056564836005295466
54,3,1.0,1,0.08301767676767678,1,0.05228127878212343
54,3,1.0,2,0.054135101010100974,3,0.06218651320156186
54,3,1.0,3,0.05886994949494954,2,0.059709765112739066
54,3,2.0,1,0.07244318181818181,1,0.0479791490104303
54,3,2.0,2,0.04734848484848484,3,0.05440064118768701
54,3,2.0,3,0.07054924242424242,2,0.055612358149835416
54,3,5.0,1,0.0782828282828283,1,0.0377606709172242
54,3,5.0,2,0.0333017676767677,3,0.03925669872432289
54,3,5.0,3,0.06928661616161615,2,0.04267054320069318
54,3,10.0,1,0.07891414141414144,1,0.03517316980858519
54,3,10.0,2,0.02683080808080801,3,0.03403289192780164
54,3,10.0,3,0.07133838383838381,2,0.03874011934461947
54,3,No DP,1,0.08033459595959602,2,0.028742447117486043
54,3,No DP,2,0.051452020202020166,3,0.024642112125680793
54,3,No DP,3,0.09075126262626271,1,0.03337642179955337
55,3,0.5,1,0.01215277777777779,3,0.02578202817943702
55,3,0.5,2,0.06376262626262619,2,0.02801055568998157
55,3,0.5,3,0.07749368686868685,1,0.02813278995818996
55,3,1.0,1,0.04277146464646473,3,0.028031668590853338
55,3,1.0,2,0.08112373737373745,2,0.03597423273623005
55,3,1.0,3,0.08349116161616159,1,0.03637756469085788
55,3,2.0,1,0.06912878787878786,3,0.044606528191341824
55,3,2.0,2,0.08617424242424244,1,0.046032858343699364
55,3,2.0,3,0.07481060606060604,2,0.04630962608454092
55,3,5.0,1,0.08080808080808084,2,0.04774959867649446
55,3,5.0,2,0.08743686868686874,1,0.04802373442410819
55,3,5.0,3,0.07796717171717173,3,0.04774959867649448
55,3,10.0,1,0.08159722222222222,2,0.04916213784558493
55,3,10.0,2,0.0872790404040404,1,0.04861491148127174
55,3,10.0,3,0.07733585858585858,3,0.04875267713455622
55,3,No DP,1,0.07623106060606062,2,0.04161028262410507
55,3,No DP,2,0.08475378787878791,1,0.039644598559554343
55,3,No DP,3,0.056818181818181844,3,0.03949808474438531
56,3,0.5,1,0.0067866161616161325,2,0.0160635028334533
56,3,0.5,2,-0.005523989898989945,3,0.01413319740280789
56,3,0.5,3,0.02146464646464652,1,0.01896655599966565
56,3,1.0,1,0.02130681818181816,2,0.014357603409144234
56,3,1.0,2,-0.011363636363636428,3,0.011915774045566211
56,3,1.0,3,0.03551136363636368,1,0.015291842152048695
56,3,2.0,1,0.032986111111111084,2,0.012911890565276658
56,3,2.0,2,-0.016256313131313167,3,0.009274118467087903
56,3,2.0,3,0.03630050505050506,1,0.012185869829897526
56,3,5.0,1,0.03535353535353534,2,0.014569297398095411
56,3,5.0,2,-0.022885101010101067,3,0.00785476548890602
56,3,5.0,3,0.04056186868686871,1,0.011555825739057429
56,3,10.0,1,0.037563131313131326,2,0.011443729621124263
56,3,10.0,2,-0.014993686868686906,3,0.004789336452028909
56,3,10.0,3,0.038983585858585856,1,0.010278043083567697
56,3,No DP,1,0.022253787878787883,3,0.0144147431564723
56,3,No DP,2,0.04261363636363633,2,0.025155669685475727
56,3,No DP,3,0.14914772727272727,1,0.025041286230212123
57,3,0.5,1,-0.0358270202020202,3,0.03002424688960088
57,3,0.5,2,0.0011047979797979741,1,0.03217717060168417
57,3,0.5,3,-0.012626262626262633,2,0.035774952337948744
57,3,1.0,1,-0.04150883838383838,3,0.033565453873094744
57,3,1.0,2,0.03282828282828284,1,0.04083128811908414
57,3,1.0,3,0.021938131313131343,2,0.03727048426502312
57,3,2.0,1,-0.03835227272727274,3,0.024734013406866453
57,3,2.0,2,0.06628787878787885,1,0.03762740130301968
57,3,2.0,3,0.05350378787878792,2,0.03357683119688195
57,3,5.0,1,-0.01499368686868685,3,0.017963904866433792
57,3,5.0,2,0.08301767676767674,1,0.031554343511435025
57,3,5.0,3,0.0654987373737374,2,0.024974216720306988
57,3,10.0,1,-0.013099747474747422,3,0.015207992427409986
57,3,10.0,2,0.09011994949494949,1,0.02775841614121368
57,3,10.0,3,0.0640782828282828,2,0.024214857120898
57,3,No DP,1,0.0296717171717172,3,0.027527955262235414
57,3,No DP,2,0.10779671717171714,2,0.03929982344776229
57,3,No DP,3,0.10969065656565659,1,0.033323390362439254
58,3,0.5,1,-0.031407828282828204,2,0.034330765610133186
58,3,0.5,2,-0.06739267676767677,3,0.032712299260881365
58,3,0.5,3,0.117739898989899,1,0.027089206802706656
58,3,1.0,1,0.006786616161616178,2,0.03879136443397691
58,3,1.0,2,-0.049084595959595974,3,0.03270849163848517
58,3,1.0,3,0.1710858585858586,1,0.025403653936220006
58,3,2.0,1,0.04324494949494947,2,0.04194057093211241
58,3,2.0,2,-0.030145202020202027,3,0.02874504696295773
58,3,2.0,3,0.1715593434343434,1,0.029545030182173557
58,3,5.0,1,0.08585858585858586,2,0.04375896469971603
58,3,5.0,2,-0.005997474747474696,3,0.0193204854923622
58,3,5.0,3,0.1369949494949495,1,0.03691135328990262
58,3,10.0,1,0.09611742424242425,2,0.04478751222004725
58,3,10.0,2,0.0009469696969697239,3,0.016855883269978507
58,3,10.0,3,0.13115530303030304,1,0.03948089558483631
58,3,No DP,1,0.08648989898989899,2,0.034965762833620836
58,3,No DP,2,-0.01862373737373742,3,0.014362662797253949
58,3,No DP,3,0.16224747474747478,1,0.0357937472499454
59,3,0.5,1,-0.018781565656565635,2,0.04823993343951922
59,3,0.5,2,-0.03961489898989898,3,0.04734870405392581
59,3,0.5,3,0.00820707070707069,1,0.04532374705320038
59,3,1.0,1,0.0025252525252525415,2,0.03972990687009562
59,3,1.0,2,-0.029671717171717182,3,0.044295888399401906
59,3,1.0,3,0.09343434343434343,1,0.03725527617609593
59,3,2.0,1,0.03929924242424251,2,0.012862278826248984
59,3,2.0,2,-0.0066287878787878824,3,0.014551048701535492
59,3,2.0,3,0.11600378787878791,1,0.013486239755102939
59,3,5.0,1,0.07607323232323233,1,0.03448659336628307
59,3,5.0,2,0.056186868686868695,3,0.028781636510149294
59,3,5.0,3,0.06470959595959598,2,0.031492708216464965
59,3,10.0,1,0.07638888888888895,1,0.0375642365369476
59,3,10.0,2,0.07070707070707072,2,0.0343903929030545
59,3,10.0,3,0.05744949494949492,3,0.035771470714997186
59,3,No DP,1,0.08096590909090913,3,0.04356389402574344
59,3,No DP,2,0.08712121212121211,1,0.03753460528762145
59,3,No DP,3,0.08664772727272725,2,0.0406619998309323
60,3,0.5,1,-0.032828282828282825,3,0.05782534788289751
60,3,0.5,2,0.11395202020202017,1,0.048400387479026655
60,3,0.5,3,-0.007260101010100976,2,0.05583583073814053
60,3,1.0,1,-0.04071969696969693,3,0.0461771140587479
60,3,1.0,2,0.15388257575757577,1,0.03464375747505395
60,3,1.0,3,0.023200757575757607,2,0.04352556666979644
60,3,2.0,1,-0.030460858585858636,3,0.025048911469801243
60,3,2.0,2,0.15798611111111116,1,0.03070351731005324
60,3,2.0,3,0.05808080808080802,2,0.031354777497854126
60,3,5.0,1,0.014362373737373738,3,0.010047643179268248
60,3,5.0,2,0.12326388888888888,1,0.03177520147111307
60,3,5.0,3,0.07070707070707076,2,0.030009516899879598
60,3,10.0,1,0.041351010101010145,3,0.025789031945087863
60,3,10.0,2,0.10385101010101015,1,0.035604652063383084
60,3,10.0,3,0.07638888888888888,2,0.03536105018736527
60,3,No DP,1,0.018465909090909078,3,0.025888409226251026
60,3,No DP,2,0.13304924242424246,1,0.040314391892949955
60,3,No DP,3,0.08806818181818184,2,0.04426457321284294
61,3,0.5,1,0.06392045454545454,2,0.0274628014980178
61,3,0.5,2,0.04308712121212118,3,0.025150470468218434
61,3,0.5,3,0.08049242424242427,1,0.026568646433221668
61,3,1.0,1,0.05934343434343429,2,0.03473704535141533
61,3,1.0,2,0.03803661616161622,3,0.027897162837743118
61,3,1.0,3,0.0815972222222222,1,0.0323308582493626
61,3,2.0,1,0.047979797979798046,2,0.032892464293646034
61,3,2.0,2,0.04324494949494948,3,0.02956462603559469
61,3,2.0,3,0.08112373737373733,1,0.032008156842625785
61,3,5.0,1,0.04466540404040407,2,0.02697009363102702
61,3,5.0,2,0.028093434343434347,3,0.02762370705560834
61,3,5.0,3,0.08633207070707065,1,0.028495254319354735
61,3,10.0,1,0.03756313131313136,2,0.026717924548468747
61,3,10.0,2,0.02477904040404037,3,0.023748218456577395
61,3,10.0,3,0.08538510101010098,1,0.026588718315118793
61,3,No DP,1,0.09343434343434341,2,0.036628178177416995
61,3,No DP,2,0.028093434343434347,3,0.0219065050116084
61,3,No DP,3,0.09343434343434347,1,0.034889452280436675
42,10,0.5,1,0.0010511363636363797,4,0.005356901277061508
42,10,0.5,2,-0.004346590909090899,6,0.006928506813288727
42,10,0.5,3,-0.008314393939393937,8,0.005711955741213125
42,10,0.5,4,-0.011183712121212106,9,0.005996684316267552
42,10,0.5,5,0.00489583333333333,3,0.006234269906118863
42,10,0.5,6,0.034270833333333334,1,0.005855837258447109
42,10,0.5,7,-0.01680871212121212,10,0.007277970398842992
42,10,0.5,8,-0.0061647727272727375,7,0.006537665016673497
42,10,0.5,9,0.0005871212121212071,5,0.006110439358323159
42,10,0.5,10,0.01074810606060605,2,0.00685562078731162
42,10,1.0,1,-0.005871212121212128,6,0.005595493213891281
42,10,1.0,2,-0.0003219696969696806,4,0.007353513538295632
42,10,1.0,3,-0.022727272727272735,9,0.006087800022493015
42,10,1.0,4,-0.013570075757575765,8,0.006395166956675444
42,10,1.0,5,0.015426136363636357,3,0.006990282395770857
42,10,1.0,6,0.058267045454545446,1,0.006684673176716348
42,10,1.0,7,-0.028106060606060624,10,0.007746199155357007
42,10,1.0,8,-0.007831439393939406,7,0.00691728604579733
42,10,1.0,9,-0.004801136363636363,5,0.0065570831611242
42,10,1.0,10,0.028475378787878806,2,0.007621691415417747
42,10,2.0,1,-0.02353219696969696,8,0.005542263021595014
42,10,2.0,2,0.006022727272727291,4,0.007234483074224425
42,10,2.0,3,-0.048011363636363616,10,0.006511385947129793
42,10,2.0,4,-0.020662878787878793,7,0.006562129400528745
42,10,2.0,5,0.026818181818181817,3,0.007767217020191411
42,10,2.0,6,0.08792613636363635,1,0.007898571722440328
42,10,2.0,7,-0.04297348484848484,9,0.008019941991903024
42,10,2.0,8,-0.010151515151515156,5,0.006974816959988581
42,10,2.0,9,-0.0162784090909091,6,0.0067385886556771
42,10,2.0,10,0.0503125,2,0.008841772996257252
42,10,5.0,1,-0.043768939393939374,8,0.005321962619967257
42,10,5.0,2,0.028191287878787902,4,0.0066803843539719274
42,10,5.0,3,-0.08233901515151515,10,0.00688880426828406
42,10,5.0,4,-0.02874999999999999,6,0.005173619161406523
42,10,5.0,5,0.04583333333333332,3,0.007794463799426445
42,10,5.0,6,0.10980113636363636,1,0.006944631504310281
42,10,5.0,7,-0.05797348484848485,9,0.0064331462003892875
42,10,5.0,8,-0.00828598484848484,5,0.004987022856775512
42,10,5.0,9,-0.034592803030303036,7,0.005394943045217952
42,10,5.0,10,0.08324810606060609,2,0.009095022497029686
42,10,10.0,1,-0.055681818181818186,8,0.0061105306406844745
42,10,10.0,2,0.034507575757575744,4,0.005611006341133358
42,10,10.0,3,-0.08739583333333334,10,0.00702216559354882
42,10,10.0,4,-0.0268465909090909,6,0.003839570936245417
42,10,10.0,5,0.05584280303030303,3,0.006717766654500794
42,10,10.0,6,0.11904356060606061,1,0.006702355496965379
42,10,10.0,7,-0.05642992424242424,9,0.004812490217245254
42,10,10.0,8,-0.007196969696969705,5,0.0026402629210006768
42,10,10.0,9,-0.04384469696969697,7,0.0048631942030911
42,10,10.0,10,0.09072916666666667,2,0.007645825299216624
42,10,No DP,1,-0.02694128787878789,10,0.005203085768989008
42,10,No DP,2,0.029109848484848495,5,0.006643404069947362
42,10,No DP,3,-0.02378787878787879,9,0.0038543942118817696
42,10,No DP,4,0.036903409090909084,4,0.006669281821245182
42,10,No DP,5,0.0793181818181818,2,0.00931747079388766
42,10,No DP,6,0.07625,3,0.00927379255244504
42,10,No DP,7,-0.0021780303030302845,7,0.002294736392560304
42,10,No DP,8,0.002035984848484845,6,0.0014134533902460575
42,10,No DP,9,-0.01431818181818182,8,0.002833775133680241
42,10,No DP,10,0.08129734848484846,1,0.009641401424819717
43,10,0.5,1,-0.008655303030303037,9,0.00817675317585484
43,10,0.5,2,0.0015624999999999938,6,0.007636057074605769
43,10,0.5,3,0.008892045454545444,4,0.007012780814141262
43,10,0.5,4,0.008939393939393947,3,0.008825892914165866
43,10,0.5,5,0.013267045454545474,1,0.008171262030998367
43,10,0.5,6,-0.0075852272727272765,8,0.009433923860955928
43,10,0.5,7,0.0024999999999999966,5,0.00803542173553202
43,10,0.5,8,0.010179924242424216,2,0.007694073426374255
43,10,0.5,9,-0.0034753787878788038,7,0.008446099703380111
43,10,0.5,10,-0.011420454545454541,10,0.008111897634694783
43,10,1.0,1,-0.010719696969696975,9,0.007741103746433028
43,10,1.0,2,0.01239583333333333,2,0.0072170410782946195
43,10,1.0,3,0.010643939393939372,4,0.00709533903969037
43,10,1.0,4,0.011714015151515133,3,0.00889321678597144
43,10,1.0,5,0.021325757575757588,1,0.0083824148610447
43,10,1.0,6,-0.0032291666666666506,8,0.00904791854185399
43,10,1.0,7,0.0050568181818181745,6,0.007990855754108316
43,10,1.0,8,0.00976325757575758,5,0.007537494458281233
43,10,1.0,9,-0.0029071969696969667,7,0.008412057717409896
43,10,1.0,10,-0.01237689393939395,10,0.008358725679685547
43,10,2.0,1,-0.01353219696969698,9,0.006756378868198588
43,10,2.0,2,0.02517045454545454,2,0.006448247311802563
43,10,2.0,3,0.013484848484848468,3,0.007340708748868932
43,10,2.0,4,0.0009469696969696972,7,0.007591000290536646
43,10,2.0,5,0.030871212121212084,1,0.008553333093118527
43,10,2.0,6,0.010833333333333299,6,0.008629521562045437
43,10,2.0,7,0.011571969696969688,5,0.007631113806525568
43,10,2.0,8,0.013361742424242453,4,0.007412890582650382
43,10,2.0,9,-0.0025000000000000165,8,0.008100665951293985
43,10,2.0,10,-0.015397727272727271,10,0.007680124142673599
43,10,5.0,1,-0.014535984848484848,8,0.004906699063514769
43,10,5.0,2,0.04107007575757575,2,0.005255718587777464
43,10,5.0,3,0.02242424242424243,6,0.007267890693691355
43,10,5.0,4,-0.02201704545454548,9,0.005612525305514359
43,10,5.0,5,0.043210227272727275,1,0.008016842713666811
43,10,5.0,6,0.028712121212121217,3,0.008052226274038728
43,10,5.0,7,0.026723484848484837,4,0.007392729628506163
43,10,5.0,8,0.02635416666666666,5,0.007140478739688569
43,10,5.0,9,-0.0066477272727273025,7,0.005492032052350897
43,10,5.0,10,-0.023134469696969723,10,0.005955457038880698
43,10,10.0,1,-0.017121212121212124,8,0.003430767574485007
43,10,10.0,2,0.04768939393939393,2,0.004878971681555601
43,10,10.0,3,0.025473484848484843,6,0.006832693153930357
43,10,10.0,4,-0.031032196969696935,10,0.004826961114101715
43,10,10.0,5,0.04935606060606061,1,0.007528930561318342
43,10,10.0,6,0.03592803030303032,3,0.007398152742268431
43,10,10.0,7,0.034346590909090924,4,0.00721778358646189
43,10,10.0,8,0.03233901515151515,5,0.0067118226722162385
43,10,10.0,9,-0.011647727272727261,7,0.0039880468246869085
43,10,10.0,10,-0.026126893939393936,9,0.004424772934640718
43,10,No DP,1,0.002708333333333324,9,0.0015897260662750396
43,10,No DP,2,0.036287878787878786,3,0.004744344265941724
43,10,No DP,3,0.04247159090909091,2,0.0057753410226261594
43,10,No DP,4,0.006960227272727272,7,0.005178069355857917
43,10,No DP,5,0.057272727272727274,1,0.0062013788308022365
43,10,No DP,6,0.035625,4,0.005724708383047705
43,10,No DP,7,0.013219696969696978,6,0.0064359800442462325
43,10,No DP,8,0.029071969696969707,5,0.006392396174441174
43,10,No DP,9,-0.012424242424242433,10,0.002520337388320098
43,10,No DP,10,0.0037689393939393935,8,0.004093165851291636
44,10,0.5,1,-0.004535984848484844,9,0.006797993245909429
44,10,0.5,2,-0.0004071969696969641,6,0.007590105435422709
44,10,0.5,3,-0.0010606060606060614,7,0.006865827840992575
44,10,0.5,4,-0.0030871212121212155,8,0.0064458470896158315
44,10,0.5,5,0.004857954545454549,4,0.00752831564407413
44,10,0.5,6,0.006638257575757592,3,0.00711932920333778
44,10,0.5,7,0.019696969696969685,1,0.006158842222606195
44,10,0.5,8,-0.008910984848484843,10,0.008820087093956834
44,10,0.5,9,0.0028409090909091075,5,0.0058977741040549345
44,10,0.5,10,0.012376893939393936,2,0.006164507322755951
44,10,1.0,1,-0.008399621212121193,9,0.007488556550957252
44,10,1.0,2,0.010587121212121211,5,0.007906912079788891
44,10,1.0,3,0.00632575757575756,6,0.007536925571677272
44,10,1.0,4,5.6818181818193426e-05,8,0.007060506231818003
44,10,1.0,5,0.011193181818181831,4,0.008037707644266588
44,10,1.0,6,0.019507575757575776,3,0.007473505006961095
44,10,1.0,7,0.031212121212121205,1,0.006842888736683234
44,10,1.0,8,0.006297348484848474,7,0.009304490501690027
44,10,1.0,9,-0.013977272727272717,10,0.005989313759055181
44,10,1.0,10,0.02431818181818181,2,0.006881478081611182
44,10,2.0,1,-0.011590909090909098,9,0.007722839730365916
44,10,2.0,2,0.02746212121212122,4,0.007295637938630771
44,10,2.0,3,0.014147727272727275,7,0.007432075191320999
44,10,2.0,4,0.006534090909090921,8,0.007218064926905733
44,10,2.0,5,0.017159090909090912,6,0.007727798184748724
44,10,2.0,6,0.03536931818181823,2,0.007475621044569392
44,10,2.0,7,0.04157196969696968,1,0.006700806021460103
44,10,2.0,8,0.027405303030303026,5,0.008618286045817871
44,10,2.0,9,-0.035378787878787885,10,0.006152235832541717
44,10,2.0,10,0.03072916666666666,3,0.007074128263173274
44,10,5.0,1,0.0004261363636363619,9,0.005869675003454423
44,10,5.0,2,0.04377840909090908,2,0.007302602177171054
44,10,5.0,3,0.018124999999999995,8,0.0057105966260766125
44,10,5.0,4,0.019422348484848487,7,0.006911886279415055
44,10,5.0,5,0.02700757575757576,6,0.006357312762672811
44,10,5.0,6,0.043276515151515135,3,0.007421530261796934
44,10,5.0,7,0.03465909090909089,4,0.006820391056221013
44,10,5.0,8,0.04385416666666669,1,0.007201624479064017
44,10,5.0,9,-0.0569318181818182,10,0.006848735728007355
44,10,5.0,10,0.028087121212121213,5,0.007467769887490916
44,10,10.0,1,0.011212121212121205,9,0.004726123020885083
44,10,10.0,2,0.045217803030303025,1,0.007913679920405748
44,10,10.0,3,0.01564393939393938,8,0.0058223541404191
44,10,10.0,4,0.021098484848484853,7,0.007040693650478607
44,10,10.0,5,0.03496212121212121,4,0.0075710885233178675
44,10,10.0,6,0.03694128787878787,3,0.007629890579159221
44,10,10.0,7,0.03755681818181819,2,0.00645435011130281
44,10,10.0,8,0.032964015151515154,5,0.007502626364737822
44,10,10.0,9,-0.056562500000000016,10,0.007252549727682932
44,10,10.0,10,0.027405303030303033,6,0.006974363607743143
44,10,No DP,1,-0.0016193181818181823,9,0.0024269521654337336
44,10,No DP,2,0.05141098484848485,1,0.007311787162696197
44,10,No DP,3,0.047509469696969696,3,0.00447493142953836
44,10,No DP,4,0.01946022727272729,7,0.003861532380744299
44,10,No DP,5,0.04757575757575758,2,0.007511232310623245
44,10,No DP,6,0.04364583333333334,4,0.006822837412531517
44,10,No DP,7,0.014081439393939396,8,0.005239792302598328
44,10,No DP,8,0.04100378787878788,5,0.005420282817621492
44,10,No DP,9,-0.04470643939393941,10,0.004554368922080104
44,10,No DP,10,0.024062499999999997,6,0.0036940338712142516
45,10,0.5,1,-0.011534090909090912,10,0.010216204553822189
45,10,0.5,2,-0.005056818181818158,8,0.008843979311939754
45,10,0.5,3,-0.010653409090909066,9,0.010092434782272503
45,10,0.5,4,0.01144886363636365,3,0.00961405214635367
45,10,0.5,5,0.01291666666666667,2,0.010014082714711313
45,10,0.5,6,-0.0006912878787878712,7,0.009018054176439042
45,10,0.5,7,0.014640151515151516,1,0.00964182968217466
45,10,0.5,8,0.009119318181818202,4,0.007674517898205018
45,10,0.5,9,0.009034090909090915,5,0.008797582115174164
45,10,0.5,10,0.005814393939393949,6,0.009930583830156183
45,10,1.0,1,-0.013778409090909098,10,0.010175949497111172
45,10,1.0,2,-0.0035416666666666773,8,0.009080364188885859
45,10,1.0,3,-0.011553030303030317,9,0.010245485676931005
45,10,1.0,4,0.030577651515151513,1,0.009797657073486945
45,10,1.0,5,0.027187500000000003,2,0.010216361805777289
45,10,1.0,6,0.002234848484848492,6,0.008871448658311758
45,10,1.0,7,0.02535037878787879,3,0.010103894686564117
45,10,1.0,8,0.015719696969696977,4,0.007815822296345028
45,10,1.0,9,0.0007291666666666863,7,0.008456920341187859
45,10,1.0,10,0.013248106060606068,5,0.010208003865136438
45,10,2.0,1,-0.02201704545454546,10,0.009463315795091997
45,10,2.0,2,-0.006070075757575768,7,0.008732283723816469
45,10,2.0,3,-0.017168560606060607,9,0.009723499005062825
45,10,2.0,4,0.06270833333333332,1,0.00914559565634303
45,10,2.0,5,0.04995265151515151,2,0.009556143071420487
45,10,2.0,6,0.007452651515151514,6,0.007978484169701518
45,10,2.0,7,0.04605113636363636,3,0.009961514980041993
45,10,2.0,8,0.027698863636363626,4,0.007634506755790617
45,10,2.0,9,-0.016392045454545454,8,0.00736269633635062
45,10,2.0,10,0.0221401515151515,5,0.009945767881596242
45,10,5.0,1,-0.02554924242424241,9,0.008418203540847793
45,10,5.0,2,-0.00349431818181816,7,0.005937638872161665
45,10,5.0,3,-0.020785984848484852,8,0.00710069900494015
45,10,5.0,4,0.07526515151515153,2,0.008416791962354623
45,10,5.0,5,0.07861742424242425,1,0.009065176055925838
45,10,5.0,6,0.008740530303030306,6,0.005549240081057525
45,10,5.0,7,0.05910037878787879,3,0.00819276124207739
45,10,5.0,8,0.037926136363636384,4,0.0062832331408799015
45,10,5.0,9,-0.032140151515151524,10,0.005030144367591791
45,10,5.0,10,0.03633522727272728,5,0.007206242219956185
45,10,10.0,1,-0.02418560606060606,8,0.0062799788932876004
45,10,10.0,2,0.011107954545454555,7,0.003413424618133523
45,10,10.0,3,-0.026259469696969687,9,0.004135056902282298
45,10,10.0,4,0.06105113636363633,2,0.00843391706865352
45,10,10.0,5,0.08595643939393939,1,0.009418001462221843
45,10,10.0,6,0.01584280303030305,6,0.004734713160944982
45,10,10.0,7,0.05543560606060605,3,0.007957672320131772
45,10,10.0,8,0.03200757575757574,5,0.005954112917053006
45,10,10.0,9,-0.03563446969696969,10,0.004090112309295615
45,10,10.0,10,0.04342803030303031,4,0.00636690510610652
45,10,No DP,1,-0.008844696969696983,10,0.0013205539110546882
45,10,No DP,2,0.009138257575757558,7,0.0031758482221893674
45,10,No DP,3,-0.002509469696969716,8,0.0012475135250255471
45,10,No DP,4,0.05106060606060606,2,0.00688697252450305
45,10,No DP,5,0.0772064393939394,1,0.007867083825213523
45,10,No DP,6,0.02354166666666667,5,0.005089889798640522
45,10,No DP,7,0.03998106060606061,4,0.006319539392973831
45,10,No DP,8,0.013958333333333326,6,0.0026941785490957547
45,10,No DP,9,-0.007888257575757588,9,0.0023146021936136037
45,10,No DP,10,0.040151515151515146,3,0.004353218769981642
46,10,0.5,1,0.004147727272727275,6,0.005670993160286201
46,10,0.5,2,0.007206439393939407,4,0.0061864580861868326
46,10,0.5,3,0.0035984848484848495,7,0.0054509273564225195
46,10,0.5,4,0.018806818181818164,2,0.006665886716169867
46,10,0.5,5,0.0023674242424242585,8,0.005899697212409935
46,10,0.5,6,-0.0001515151515151425,9,0.005280589015558745
46,10,0.5,7,-0.011164772727272758,10,0.004528224426072661
46,10,0.5,8,0.01232007575757578,3,0.006266256621211097
46,10,0.5,9,0.02002840909090907,1,0.00619721128240569
46,10,0.5,10,0.004393939393939371,5,0.005136671601789243
46,10,1.0,1,0.00666666666666667,6,0.005873867923282345
46,10,1.0,2,0.00592803030303028,8,0.006172871489832071
46,10,1.0,3,0.008352272727272719,4,0.005804041778788855
46,10,1.0,4,0.023257575757575782,2,0.006939696322146811
46,10,1.0,5,0.00664772727272727,7,0.0059055535862448305
46,10,1.0,6,-0.004583333333333323,9,0.004980605463708603
46,10,1.0,7,-0.014820075757575742,10,0.00429282107474636
46,10,1.0,8,0.017878787878787876,3,0.006464235728152838
46,10,1.0,9,0.029782196969696955,1,0.0067167509892708515
46,10,1.0,10,0.007064393939393939,5,0.00498153622858854
46,10,2.0,1,0.01509469696969696,6,0.006211584476535505
46,10,2.0,2,0.005170454545454541,8,0.006064413754155351
46,10,2.0,3,0.015435606060606042,5,0.006118882636460574
46,10,2.0,4,0.03160984848484846,2,0.007528698298237625
46,10,2.0,5,0.017320075757575767,4,0.0057944842071168574
46,10,2.0,6,-0.01268939393939393,9,0.004287566744990174
46,10,2.0,7,-0.020653409090909104,10,0.0036867828937670924
46,10,2.0,8,0.02377840909090907,3,0.006114710191052218
46,10,2.0,9,0.04607954545454547,1,0.007254853697708915
46,10,2.0,10,0.009535984848484846,7,0.004867318398065078
46,10,5.0,1,0.028626893939393952,4,0.006990520489533599
46,10,5.0,2,0.005909090909090904,8,0.005682214632633399
46,10,5.0,3,0.03150568181818185,3,0.007663938204283112
46,10,5.0,4,0.03509469696969696,2,0.007843605660963097
46,10,5.0,5,0.025265151515151532,6,0.005954818936968991
46,10,5.0,6,-0.018446969696969705,9,0.002937605623992445
46,10,5.0,7,-0.0237784090909091,10,0.0026810080191589803
46,10,5.0,8,0.027452651515151527,5,0.0059972794608689674
46,10,5.0,9,0.05798295454545455,1,0.007348971191634286
46,10,5.0,10,0.011259469696969686,7,0.0048539360151340204
46,10,10.0,1,0.03373106060606061,3,0.007527983597657635
46,10,10.0,2,0.01429924242424244,7,0.0052534802923877915
46,10,10.0,3,0.03116477272727272,5,0.0072394838667681925
46,10,10.0,4,0.03642045454545456,2,0.007863161267907126
46,10,10.0,5,0.029706439393939403,6,0.006053968533285313
46,10,10.0,6,-0.023229166666666676,9,0.001886797851859334
46,10,10.0,7,-0.025965909090909095,10,0.0024767260598290183
46,10,10.0,8,0.03234848484848487,4,0.005829253787966167
46,10,10.0,9,0.058598484848484865,1,0.007219701938056737
46,10,10.0,10,0.009895833333333335,8,0.004802982786275571
46,10,No DP,1,0.036988636363636355,4,0.00435630392930429
46,10,No DP,2,-0.010833333333333322,8,0.0039040270304695987
46,10,No DP,3,0.03190340909090909,5,0.006054398676610426
46,10,No DP,4,0.031249999999999997,6,0.00659058254154476
46,10,No DP,5,0.05803977272727272,1,0.006297074996909365
46,10,No DP,6,-0.026070075757575754,10,0.0025349250322966362
46,10,No DP,7,-0.018115530303030283,9,0.0031421320733946226
46,10,No DP,8,0.045454545454545456,3,0.006022384805395683
46,10,No DP,9,0.05503787878787879,2,0.006723408556972195
46,10,No DP,10,0.029299242424242457,7,0.0051720814817406875
47,10,0.5,1,0.02253787878787878,1,0.005623054709034024
47,10,0.5,2,0.006534090909090891,4,0.004714625372924639
47,10,0.5,3,0.004564393939393949,5,0.005398132294745974
47,10,0.5,4,5.681818181816178e-05,6,0.005413185931337181
47,10,0.5,5,-0.0006155303030302911,7,0.0050136366891661305
47,10,0.5,6,-0.00554924242424244,9,0.004995029884593266
47,10,0.5,7,-0.005236742424242439,8,0.0048091976098211964
47,10,0.5,8,0.020104166666666656,2,0.005378885492472132
47,10,0.5,9,-0.006912878787878788,10,0.004565385988633009
47,10,0.5,10,0.013759469696969714,3,0.005010560741443851
47,10,1.0,1,0.03314393939393939,2,0.00595632647915329
47,10,1.0,2,0.0140625,4,0.004804793505077489
47,10,1.0,3,0.006751893939393943,5,0.0054141936337767736
47,10,1.0,4,-0.0007575757575757664,7,0.005224218200657474
47,10,1.0,5,-0.00030303030303028,6,0.0050730693073296074
47,10,1.0,6,-0.007187500000000003,9,0.004899908826964934
47,10,1.0,7,-0.004611742424242408,8,0.004768528978867861
47,10,1.0,8,0.0343560606060606,1,0.005518876998877755
47,10,1.0,9,-0.012282196969696967,10,0.004580171535736905
47,10,1.0,10,0.026789772727272707,3,0.00533005652109605
47,10,2.0,1,0.051268939393939374,1,0.006240350965372737
47,10,2.0,2,0.013267045454545467,4,0.004550334639626767
47,10,2.0,3,0.006638257575757579,5,0.005291662853705704
47,10,2.0,4,-0.008210227272727274,8,0.004982249667241562
47,10,2.0,5,-0.0013920454545454475,6,0.004918693242018597
47,10,2.0,6,-0.014384469696969694,9,0.0043346951125979374
47,10,2.0,7,-0.004308712121212117,7,0.004464866720276477
47,10,2.0,8,0.050615530303030294,2,0.0058270020337848885
47,10,2.0,9,-0.027178030303030308,10,0.0039016645492137543
47,10,2.0,10,0.046373106060606045,3,0.0057311847653988635
47,10,5.0,1,0.06803030303030302,2,0.007256244144619013
47,10,5.0,2,0.01601325757575756,5,0.004440956628953456
47,10,5.0,3,0.01708333333333332,4,0.005830933439820278
47,10,5.0,4,-0.019431818181818203,9,0.0043116660703389365
47,10,5.0,5,0.0009659090909091006,7,0.004642933226187669
47,10,5.0,6,-0.01915719696969696,8,0.0031228428907165186
47,10,5.0,7,0.0027935606060605915,6,0.0045386702645823195
47,10,5.0,8,0.058314393939393944,3,0.006632063314142946
47,10,5.0,9,-0.047130681818181815,10,0.0038618686306230742
47,10,5.0,10,0.07687499999999999,1,0.005698450718698405
47,10,10.0,1,0.07434659090909089,2,0.007406277727356432
47,10,10.0,2,0.013693181818181816,5,0.0046861017198213265
47,10,10.0,3,0.021969696969696955,4,0.0058178014149238046
47,10,10.0,4,-0.02702651515151515,9,0.0037237329019690194
47,10,10.0,5,0.005179924242424227,7,0.004463020159968995
47,10,10.0,6,-0.02200757575757576,8,0.0024329610620362893
47,10,10.0,7,0.0075946969696969804,6,0.004494146582684802
47,10,10.0,8,0.057196969696969725,3,0.0068547786764037374
47,10,10.0,9,-0.061714015151515166,10,0.005436497772253786
47,10,10.0,10,0.08701704545454547,1,0.006140554811101582
47,10,No DP,1,0.04661931818181819,3,0.006493379636375853
47,10,No DP,2,0.03742424242424243,4,0.005023751980805431
47,10,No DP,3,0.01663825757575757,7,0.0047171117602086655
47,10,No DP,4,0.021714015151515154,6,0.006904964530986747
47,10,No DP,5,0.016259469696969675,8,0.005021530473959788
47,10,No DP,6,-0.0012500000000000018,9,0.0009915527922672986
47,10,No DP,7,0.028276515151515157,5,0.003896823911718874
47,10,No DP,8,0.06925189393939395,1,0.007200976443978178
47,10,No DP,9,-0.030303030303030328,10,0.005786364553825695
47,10,No DP,10,0.056732954545454545,2,0.007160206830917166
48,10,0.5,1,0.007291666666666654,4,0.005219916527356656
48,10,0.5,2,-0.011780303030303012,9,0.005703546207101973
48,10,0.5,3,0.0013920454545454514,7,0.00530200637774501
48,10,0.5,4,0.004640151515151533,5,0.004680703674225116
48,10,0.5,5,0.0019412878787878817,6,0.005282365971714318
48,10,0.5,6,0.011155303030303036,2,0.0053457857732747355
48,10,0.5,7,-0.008749999999999994,8,0.005594293034391146
48,10,0.5,8,-0.01577651515151516,10,0.005261321707732665
48,10,0.5,9,0.007414772727272718,3,0.005223498153426482
48,10,0.5,10,0.026145833333333323,1,0.005660168586664632
48,10,1.0,1,0.01100378787878788,4,0.005738195365093434
48,10,1.0,2,-0.016846590909090912,8,0.006114906705327936
48,10,1.0,3,0.008948863636363652,5,0.005596941405088993
48,10,1.0,4,0.00652462121212122,6,0.005225177565814891
48,10,1.0,5,-0.0002083333333333248,7,0.005600580539709457
48,10,1.0,6,0.026003787878787894,2,0.005958440190049156
48,10,1.0,7,-0.018399621212121214,9,0.005943127121225987
48,10,1.0,8,-0.027083333333333313,10,0.005475221230293909
48,10,1.0,9,0.019687499999999997,3,0.0057166121365884665
48,10,1.0,10,0.0557102272727273,1,0.00646776913064012
48,10,2.0,1,0.009071969696969691,6,0.005729568605985787
48,10,2.0,2,-0.018598484848484854,8,0.006057846199262656
48,10,2.0,3,0.02422348484848483,4,0.005793847878401921
48,10,2.0,4,0.01357007575757575,5,0.005470552306973316
48,10,2.0,5,-0.001496212121212126,7,0.005686490818547997
48,10,2.0,6,0.04978219696969695,2,0.0065660485371899415
48,10,2.0,7,-0.027064393939393944,9,0.005867303501017196
48,10,2.0,8,-0.0334375,10,0.0054766409684015764
48,10,2.0,9,0.03330492424242424,3,0.005532881543314341
48,10,2.0,10,0.09647727272727273,1,0.00719456798043918
48,10,5.0,1,-0.013200757575757581,8,0.003454319607350268
48,10,5.0,2,-0.008503787878787885,7,0.0041001268380848705
48,10,5.0,3,0.05407196969696969,3,0.007050448549788442
48,10,5.0,4,0.028428030303030295,5,0.004914106336558706
48,10,5.0,5,0.0024242424242424134,6,0.004443040537421611
48,10,5.0,6,0.06785037878787877,2,0.007122727804025397
48,10,5.0,7,-0.032395833333333346,9,0.003967346356702186
48,10,5.0,8,-0.03273674242424243,10,0.004099892261534057
48,10,5.0,9,0.04915719696969696,4,0.005742746162495536
48,10,5.0,10,0.09229166666666666,1,0.007897255136312651
48,10,10.0,1,-0.028674242424242446,9,0.0029495964280920554
48,10,10.0,2,-0.006183712121212097,7,0.0030620512252940205
48,10,10.0,3,0.06071022727272728,3,0.00788455516944987
48,10,10.0,4,0.03648674242424245,5,0.005617126271112901
48,10,10.0,5,0.00209280303030304,6,0.0035641125293463215
48,10,10.0,6,0.06809659090909088,2,0.007472438152888845
48,10,10.0,7,-0.03239583333333333,10,0.003044011812220213
48,10,10.0,8,-0.027452651515151506,8,0.0030971409424854035
48,10,10.0,9,0.05849431818181819,4,0.006510729744538352
48,10,10.0,10,0.0828409090909091,1,0.00814792978348841
48,10,No DP,1,0.014867424242424236,5,0.005051805979862314
48,10,No DP,2,-0.004053030303030305,8,0.0015802243109188968
48,10,No DP,3,0.05819128787878789,4,0.008328515039118899
48,10,No DP,4,0.01160037878787881,6,0.004723155542912105
48,10,No DP,5,0.0021590909090909278,7,0.0033996892666438945
48,10,No DP,6,0.05821969696969696,3,0.008708543402372228
48,10,No DP,7,-0.0315056818181818,10,0.0033956715840992675
48,10,No DP,8,-0.01856060606060606,9,0.0038910430582643533
48,10,No DP,9,0.06074810606060606,2,0.007396510791829648
48,10,No DP,10,0.09643939393939395,1,0.009308608271870552
49,10,0.5,1,0.012784090909090915,3,0.005976309176955146
49,10,0.5,2,0.010880681818181814,4,0.008058411611300447
49,10,0.5,3,0.014441287878787885,2,0.0065824867680880795
49,10,0.5,4,-0.00540719696969697,7,0.007801551039818553
49,10,0.5,5,0.004365530303030312,5,0.006915756652418491
49,10,0.5,6,-0.013333333333333329,9,0.007722091437312015
49,10,0.5,7,-0.010539772727272738,8,0.007051010138033784
49,10,0.5,8,-0.031363636363636364,10,0.007045941759791173
49,10,0.5,9,-0.0035511363636363696,6,0.007118030184001459
49,10,0.5,10,0.02929924242424241,1,0.007214614285724598
49,10,1.0,1,0.03214962121212123,2,0.005470541160169849
49,10,1.0,2,0.005208333333333342,4,0.007924993581858455
49,10,1.0,3,0.031837121212121226,3,0.005962221984728433
49,10,1.0,4,-0.011543560606060597,8,0.007631185665108694
49,10,1.0,5,0.004621212121212128,5,0.006927214794522993
49,10,1.0,6,-0.02610795454545455,9,0.007860330568914109
49,10,1.0,7,-0.0016950757575757557,7,0.006686106286011982
49,10,1.0,8,-0.05197916666666666,10,0.0066773235968857715
49,10,1.0,9,0.004384469696969695,6,0.0066508649543940025
49,10,1.0,10,0.050056818181818195,1,0.0066743700650781015
49,10,2.0,1,0.06267992424242425,2,0.005379749683934036
49,10,2.0,2,-0.007395833333333344,7,0.007302673891383921
49,10,2.0,3,0.05459280303030302,3,0.005595354985180241
49,10,2.0,4,-0.02682765151515151,8,0.007173969615285205
49,10,2.0,5,0.0001325757575757336,6,0.006149210562952017
49,10,2.0,6,-0.048655303030303035,9,0.008076189075046184
49,10,2.0,7,0.014157196969696965,4,0.005583466559587071
49,10,2.0,8,-0.09074810606060607,10,0.005601724863467862
49,10,2.0,9,0.009734848484848483,5,0.005934124687027881
49,10,2.0,10,0.080625,1,0.00605918573555947
49,10,5.0,1,0.08835227272727271,2,0.006364150693951708
49,10,5.0,2,-0.025378787878787872,7,0.006504448021596956
49,10,5.0,3,0.06774621212121215,3,0.005264749889303745
49,10,5.0,4,-0.04653409090909091,8,0.005765716122852432
49,10,5.0,5,-0.012092803030303037,6,0.004475588675203748
49,10,5.0,6,-0.06318181818181819,9,0.00665045269177292
49,10,5.0,7,0.04357954545454545,4,0.004274663168924471
49,10,5.0,8,-0.12813446969696968,10,0.005683754326052747
49,10,5.0,9,0.02876893939393939,5,0.004043433750050424
49,10,5.0,10,0.0989583333333333,1,0.006005482924374915
49,10,10.0,1,0.08980113636363636,2,0.007272814262717596
49,10,10.0,2,-0.029261363636363627,7,0.005743345839835035
49,10,10.0,3,0.06936553030303033,3,0.0056965146894527585
49,10,10.0,4,-0.04826704545454545,8,0.005569332476836513
49,10,10.0,5,-0.01238636363636363,6,0.0036816954244406354
49,10,10.0,6,-0.06233901515151516,9,0.005952727968227402
49,10,10.0,7,0.05643939393939394,4,0.00575182565240194
49,10,10.0,8,-0.13939393939393938,10,0.006424461853921194
49,10,10.0,9,0.03771780303030304,5,0.0048120981453331855
49,10,10.0,10,0.09703598484848489,1,0.006554883679381204
49,10,No DP,1,0.06750946969696969,2,0.00818488972183903
49,10,No DP,2,0.03147727272727272,6,0.00504734173346527
49,10,No DP,3,0.06961174242424244,1,0.008394601894033392
49,10,No DP,4,-0.029583333333333312,9,0.0021869514266896115
49,10,No DP,5,0.002708333333333331,7,0.002350584807711922
49,10,No DP,6,4.7348484848474535e-05,8,0.0022992991715202744
49,10,No DP,7,0.057945075757575785,3,0.007888987322551534
49,10,No DP,8,-0.07442234848484848,10,0.006279931413663618
49,10,No DP,9,0.05245265151515152,5,0.008792805068003064
49,10,No DP,10,0.055208333333333345,4,0.007749088383912034
50,10,0.5,1,0.007651515151515158,2,0.00936338697630532
50,10,0.5,2,-0.015767045454545447,9,0.010230730116712931
50,10,0.5,3,0.0008617424242424343,6,0.010013049041437518
50,10,0.5,4,0.006278409090909094,3,0.00884302040068186
50,10,0.5,5,0.006041666666666672,4,0.010099659612214597
50,10,0.5,6,0.0003598484848485117,7,0.009104194246353949
50,10,0.5,7,-0.01085227272727274,8,0.009332052876365519
50,10,0.5,8,-0.02126893939393938,10,0.009842723219949199
50,10,0.5,9,0.011969696969696974,1,0.009053976430844332
50,10,0.5,10,0.0014678030303030315,5,0.007842125589554107
50,10,1.0,1,0.009507575757575763,4,0.009468095697950374
50,10,1.0,2,-0.016410984848484862,9,0.010077164181479052
50,10,1.0,3,-0.0008333333333333371,7,0.00994678217645025
50,10,1.0,4,0.0196685606060606,2,0.008911330571256915
50,10,1.0,5,0.02484848484848484,1,0.010246064385872704
50,10,1.0,6,0.0036174242424242466,6,0.009177688910783202
50,10,1.0,7,-0.004696969696969716,8,0.009397756281024692
50,10,1.0,8,-0.019554924242424224,10,0.009882075718428975
50,10,1.0,9,0.01900568181818183,3,0.00933079237805536
50,10,1.0,10,0.0036742424242424297,5,0.007829203676696816
50,10,2.0,1,0.011202651515151502,4,0.008727814988266537
50,10,2.0,2,-0.011392045454545441,9,0.00960165124662359
50,10,2.0,3,-0.008409090909090916,8,0.009015223930190443
50,10,2.0,4,0.036022727272727276,2,0.008211334945027553
50,10,2.0,5,0.05291666666666669,1,0.009048415918596165
50,10,2.0,6,0.0027178030303030075,7,0.008364917923315719
50,10,2.0,7,0.009431818181818184,5,0.008729169748580954
50,10,2.0,8,-0.01648674242424243,10,0.009222212039223954
50,10,2.0,9,0.031571969696969675,3,0.008881901546099785
50,10,2.0,10,0.004166666666666665,6,0.007273799932733407
50,10,5.0,1,0.011931818181818193,5,0.0072455126268219415
50,10,5.0,2,-0.004015151515151528,8,0.00823234390489751
50,10,5.0,3,-0.017859848484848468,10,0.006431228390080071
50,10,5.0,4,0.035160984848484844,4,0.007203142973914339
50,10,5.0,5,0.07307765151515153,1,0.008359388664136682
50,10,5.0,6,-0.0037310606060605845,7,0.0053408556976699256
50,10,5.0,7,0.035369318181818196,3,0.0060333991446334945
50,10,5.0,8,-0.007386363636363625,9,0.005720904071902286
50,10,5.0,9,0.04487689393939394,2,0.0063924157440445354
50,10,5.0,10,-0.0007575757575757381,6,0.005024082556308039
50,10,10.0,1,0.014356060606060617,5,0.005739772614783751
50,10,10.0,2,0.002414772727272745,6,0.0053936284111653025
50,10,10.0,3,-0.015748106060606056,10,0.0035465160599699647
50,10,10.0,4,0.02773674242424244,4,0.006075374037972812
50,10,10.0,5,0.07253787878787879,1,0.00784600825995253
50,10,10.0,6,-0.005710227272727282,8,0.0037266946604195433
50,10,10.0,7,0.03560606060606061,3,0.005482406616783719
50,10,10.0,8,-0.003636363636363612,7,0.004209974654698621
50,10,10.0,9,0.046060606060606066,2,0.005654868536557537
50,10,10.0,10,-0.007897727272727294,9,0.0029091001568271567
50,10,No DP,1,0.015975378787878785,7,0.004221544919845481
50,10,No DP,2,0.021553030303030303,5,0.002065311166820704
50,10,No DP,3,-0.017840909090909088,10,0.003152163850049262
50,10,No DP,4,0.035236742424242413,3,0.006273062005575267
50,10,No DP,5,0.030738636363636367,4,0.006919574642192949
50,10,No DP,6,0.019753787878787878,6,0.003133282756134499
50,10,No DP,7,0.06017045454545454,1,0.006629253500962801
50,10,No DP,8,0.010255681818181834,9,0.005168269723068196
50,10,No DP,9,0.051117424242424214,2,0.006767342287123031
50,10,No DP,10,0.010729166666666654,8,0.002592278477772906
51,10,0.5,1,-0.005094696969696961,7,0.007142911260330541
51,10,0.5,2,0.003484848484848515,4,0.007408146784055018
51,10,0.5,3,-0.018248106060606045,9,0.006235705286847237
51,10,0.5,4,0.002679924242424246,6,0.007775919351908804
51,10,0.5,5,-0.006884469696969715,8,0.007058169314182345
51,10,0.5,6,0.010880681818181819,3,0.007864131443058892
51,10,0.5,7,0.015104166666666656,2,0.00830216898898473
51,10,0.5,8,-0.024223484848484852,10,0.006378375956162687
51,10,0.5,9,0.0031912878787878833,5,0.006228421412502854
51,10,0.5,10,0.01816287878787879,1,0.007856668989987282
51,10,1.0,1,0.004602272727272728,7,0.007082839828457446
51,10,1.0,2,0.012395833333333326,4,0.007225150357304924
51,10,1.0,3,-0.020397727272727272,9,0.005546113310039395
51,10,1.0,4,0.007481060606060577,6,0.007226992055489627
51,10,1.0,5,-0.005785984848484819,8,0.006948820727070042
51,10,1.0,6,0.022954545454545484,3,0.007653297778393095
51,10,1.0,7,0.024024621212121216,2,0.008232219015372976
51,10,1.0,8,-0.027045454545454525,10,0.0057512693482536185
51,10,1.0,9,0.01155303030303031,5,0.006136261339401718
51,10,1.0,10,0.029876893939393925,1,0.007693024396263982
51,10,2.0,1,0.01818181818181817,5,0.007152975582775813
51,10,2.0,2,0.02231060606060607,4,0.00765680275969796
51,10,2.0,3,-0.010861742424242435,9,0.004978169439050903
51,10,2.0,4,0.0062121212121212365,8,0.007064232978099642
51,10,2.0,5,0.006240530303030295,7,0.006517272148158048
51,10,2.0,6,0.02875946969696971,3,0.008084200547311585
51,10,2.0,7,0.03041666666666669,2,0.008551868110239492
51,10,2.0,8,-0.021363636363636383,10,0.004936325501647817
51,10,2.0,9,0.010767045454545454,6,0.00623939721342928
51,10,2.0,10,0.03528409090909092,1,0.007892725370861695
51,10,5.0,1,0.033636363636363624,2,0.007902749838163385
51,10,5.0,2,0.03015151515151513,5,0.007627401152137536
51,10,5.0,3,-0.01058712121212124,10,0.0036692449808290043
51,10,5.0,4,-0.009602272727272721,9,0.006363368895443272
51,10,5.0,5,0.019848484848484848,6,0.007338751461538483
51,10,5.0,6,0.03041666666666665,4,0.008215302204557849
51,10,5.0,7,0.03361742424242425,3,0.008897560170715677
51,10,5.0,8,-0.009251893939393945,8,0.004008755603913478
51,10,5.0,9,0.01372159090909093,7,0.00624926096124146
51,10,5.0,10,0.03376893939393938,1,0.008341983071183815
51,10,10.0,1,0.039270833333333345,1,0.007584671070195172
51,10,10.0,2,0.038143939393939376,2,0.007319041490695083
51,10,10.0,3,-0.020331439393939423,10,0.0025964056182921935
51,10,10.0,4,-0.012178030303030319,9,0.005559430287612131
51,10,10.0,5,0.023390151515151506,6,0.0068208972391580105
51,10,10.0,6,0.03127840909090911,5,0.007763597578717462
51,10,10.0,7,0.035435606060606056,3,0.008179485278728183
51,10,10.0,8,-0.0027367424242424098,8,0.003287578073063803
51,10,10.0,9,0.020615530303030285,7,0.00590927081541885
51,10,10.0,10,0.032717803030303035,4,0.007860137989830743
51,10,No DP,1,0.047026515151515146,3,0.0054180607842516625
51,10,No DP,2,0.03714962121212123,4,0.0056387549753371385
51,10,No DP,3,-0.010719696969696976,9,0.002972817672690286
51,10,No DP,4,-0.025880681818181806,10,0.0027445153783951506
51,10,No DP,5,0.008181818181818179,7,0.002393924410194766
51,10,No DP,6,0.030028409090909102,5,0.004619742823270206
51,10,No DP,7,0.05173295454545454,2,0.007199083309552439
51,10,No DP,8,0.0022916666666666727,8,0.00230894360835151
51,10,No DP,9,0.027897727272727275,6,0.004979429606806069
51,10,No DP,10,0.0671401515151515,1,0.006512721699386111
52,10,0.5,1,-0.006884469696969689,5,0.006969579305145611
52,10,0.5,2,-0.007803030303030304,7,0.00622229165603067
52,10,0.5,3,-0.0018844696969697046,4,0.006850767762245334
52,10,0.5,4,0.014005681818181822,2,0.0077623019415776345
52,10,0.5,5,0.0014299242424242443,3,0.006908057874305508
52,10,0.5,6,-0.011789772727272723,8,0.006172504737229287
52,10,0.5,7,0.07608901515151512,1,0.007194594093073217
52,10,0.5,8,-0.018172348484848475,10,0.006793709962686452
52,10,0.5,9,-0.01742424242424241,9,0.00734324780192883
52,10,0.5,10,-0.007679924242424247,6,0.007417594897631552
52,10,1.0,1,-0.012168560606060634,7,0.006454018806206012
52,10,1.0,2,-0.008541666666666668,5,0.0056327582070876524
52,10,1.0,3,0.013285984848484844,4,0.005991654031809842
52,10,1.0,4,0.02780303030303031,2,0.007010192488505243
52,10,1.0,5,0.019289772727272735,3,0.006204764198955106
52,10,1.0,6,-0.014166666666666692,8,0.00530236941228141
52,10,1.0,7,0.12431818181818181,1,0.0076559449373267575
52,10,1.0,8,-0.01553030303030303,9,0.005860617885474266
52,10,1.0,9,-0.023068181818181824,10,0.006409292388838243
52,10,1.0,10,-0.010842803030303019,6,0.006643657227150643
52,10,2.0,1,-0.0159375,9,0.005597256712562378
52,10,2.0,2,-0.007992424242424245,5,0.004545598956039346
52,10,2.0,3,0.03529356060606061,4,0.006229460842234169
52,10,2.0,4,0.04250000000000002,3,0.0069361671859798826
52,10,2.0,5,0.044744318181818184,2,0.0066360941201801344
52,10,2.0,6,-0.009204545454545472,7,0.0037851097833595908
52,10,2.0,7,0.13339962121212123,1,0.008660343658136881
52,10,2.0,8,-0.008106060606060611,6,0.004586195262248553
52,10,2.0,9,-0.022462121212121194,10,0.005087335562622321
52,10,2.0,10,-0.011363636363636364,8,0.005621587323098458
52,10,5.0,1,-0.006657196969696963,8,0.00423291122189883
52,10,5.0,2,0.0037310606060606153,5,0.0034366734543477043
52,10,5.0,3,0.05727272727272724,4,0.00924934423320166
52,10,5.0,4,0.057575757575757586,3,0.009265013301454288
52,10,5.0,5,0.06792613636363636,2,0.009458979304269182
52,10,5.0,6,-0.00125,7,0.0026582328322841864
52,10,5.0,7,0.10278409090909094,1,0.009745384913781938
52,10,5.0,8,-0.0010700757575758013,6,0.003964663793048247
52,10,5.0,9,-0.012840909090909115,9,0.003948314492010951
52,10,5.0,10,-0.013683712121212156,10,0.004440659381613804
52,10,10.0,1,-0.0005018939393939414,8,0.0028614614844651672
52,10,10.0,2,0.011117424242424236,5,0.0035119075655009177
52,10,10.0,3,0.05998106060606059,4,0.010221871995730892
52,10,10.0,4,0.060255681818181805,3,0.009878529483034802
52,10,10.0,5,0.07053977272727271,2,0.010028337509044326
52,10,10.0,6,0.0029071969696969503,6,0.0026285959876147244
52,10,10.0,7,0.08839015151515146,1,0.00982710218802633
52,10,10.0,8,-0.00036931818181819455,7,0.0032613145552478308
52,10,10.0,9,-0.008768939393939398,9,0.0027036812397778906
52,10,10.0,10,-0.013664772727272742,10,0.0031075977522658084
52,10,No DP,1,-0.0024715909090909094,7,0.001689532741189534
52,10,No DP,2,0.009895833333333333,5,0.0019874804992228443
52,10,No DP,3,0.06717803030303031,3,0.008808455574406342
52,10,No DP,4,0.049214015151515154,4,0.00808577333127307
52,10,No DP,5,0.07200757575757576,2,0.008921991680598483
52,10,No DP,6,-0.00608901515151514,8,0.002526235978794904
52,10,No DP,7,0.08819128787878791,1,0.008403593435309425
52,10,No DP,8,-0.007869318181818174,9,0.0034941692041412973
52,10,No DP,9,0.001382575757575753,6,0.0012962365285589714
52,10,No DP,10,-0.017651515151515165,10,0.003937447617970401
53,10,0.5,1,-0.008314393939393922,8,0.006139630104700415
53,10,0.5,2,-0.01227272727272729,10,0.006740520990312603
53,10,0.5,3,0.01863636363636364,1,0.006021638456944459
53,10,0.5,4,-0.000890151515151521,6,0.006377246055024604
53,10,0.5,5,-0.0007196969696969635,5,0.005449448507703174
53,10,0.5,6,0.0005492424242424277,4,0.005465782104932015
53,10,0.5,7,0.01536931818181819,2,0.005774199346402889
53,10,0.5,8,-0.010198863636363638,9,0.005387431285501768
53,10,0.5,9,0.008721590909090913,3,0.005978601442721866
53,10,0.5,10,-0.006145833333333333,7,0.005890082927959827
53,10,1.0,1,-0.0052462121212121125,8,0.00676418035081941
53,10,1.0,2,-0.02430871212121212,10,0.0062881362756470865
53,10,1.0,3,0.03162878787878791,2,0.006782947681282498
53,10,1.0,4,0.00852272727272729,5,0.00644479497202238
53,10,1.0,5,-0.0006723484848484774,6,0.005683606016069569
53,10,1.0,6,0.009337121212121212,4,0.0059147793982050265
53,10,1.0,7,0.03378787878787879,1,0.006146612162912774
53,10,1.0,8,-0.014876893939393936,9,0.005426380868017092
53,10,1.0,9,0.02249053030303031,3,0.006780215408588227
53,10,1.0,10,-0.002897727272727272,7,0.006112127421178171
53,10,2.0,1,-0.010217803030303016,8,0.006821486139016944
53,10,2.0,2,-0.03545454545454546,10,0.005190470746497656
53,10,2.0,3,0.04342803030303031,2,0.007299828421147378
53,10,2.0,4,0.022670454545454532,5,0.006914095731406808
53,10,2.0,5,0.002689393939393932,6,0.0058549646892919706
53,10,2.0,6,0.023948863636363615,4,0.006920428305480929
53,10,2.0,7,0.05671401515151515,1,0.0068390213798508095
53,10,2.0,8,-0.020956439393939395,9,0.0053361159282662406
53,10,2.0,9,0.03190340909090909,3,0.007760804573661613
53,10,2.0,10,0.001751893939393936,7,0.006069453399641531
53,10,5.0,1,-0.021761363636363634,8,0.00492504327695137
53,10,5.0,2,-0.04540719696969697,10,0.004660002663159077
53,10,5.0,3,0.05040719696969699,2,0.00785496214258357
53,10,5.0,4,0.04625,3,0.007479438834569976
53,10,5.0,5,0.013323863636363637,7,0.0061691024658270055
53,10,5.0,6,0.03978219696969696,4,0.00726782425034925
53,10,5.0,7,0.06967803030303028,1,0.007680854575044652
53,10,5.0,8,-0.027888257575757552,9,0.0036246896488138247
53,10,5.0,9,0.03379734848484848,5,0.007630327783385097
53,10,5.0,10,0.01795454545454546,6,0.006356359701490242
53,10,10.0,1,-0.025890151515151488,8,0.0041858678616876616
53,10,10.0,2,-0.05903409090909091,10,0.005499949455586269
53,10,10.0,3,0.05541666666666668,3,0.008226419887155018
53,10,10.0,4,0.05701704545454547,2,0.007455163449358171
53,10,10.0,5,0.019270833333333334,7,0.006507830064681241
53,10,10.0,6,0.05017992424242423,4,0.00766945484272861
53,10,10.0,7,0.07723484848484849,1,0.008444159319817296
53,10,10.0,8,-0.034630681818181824,9,0.0029080529721422868
53,10,10.0,9,0.03789772727272728,5,0.007848762033320498
53,10,10.0,10,0.021401515151515185,6,0.006649386286123984
53,10,No DP,1,-0.0058712121212121035,8,0.004510002211695131
53,10,No DP,2,-0.03947916666666667,10,0.0053921205430317865
53,10,No DP,3,0.04116477272727275,5,0.007372929398653395
53,10,No DP,4,0.062244318181818185,3,0.006355018388362506
53,10,No DP,5,0.018475378787878798,6,0.0038884032163236113
53,10,No DP,6,0.07110795454545457,1,0.007931458820384553
53,10,No DP,7,0.07089015151515153,2,0.007547687342683911
53,10,No DP,8,-0.023323863636363615,9,0.0027332391793545557
53,10,No DP,9,0.042253787878787905,4,0.006678020366018146
53,10,No DP,10,0.010643939393939417,7,0.0033384441277659396
54,10,0.5,1,-0.009128787878787892,9,0.009117548169897152
54,10,0.5,2,0.002414772727272745,6,0.008387023313393189
54,10,0.5,3,0.005833333333333333,4,0.007927281469362018
54,10,0.5,4,0.011145833333333357,3,0.009032064275809697
54,10,0.5,5,0.017452651515151525,1,0.008810312672213971
54,10,0.5,6,-0.0028787878787878674,7,0.007795164651381574
54,10,0.5,7,-0.006325757575757565,8,0.008938780795613542
54,10,0.5,8,0.005795454545454541,5,0.009030479790953576
54,10,0.5,9,-0.010946969696969688,10,0.008297360373297705
54,10,0.5,10,0.012206439393939394,2,0.00842912504594143
54,10,1.0,1,0.0005587121212121449,7,0.008837881992200926
54,10,1.0,2,0.0028219696969696982,6,0.008155151944792556
54,10,1.0,3,0.014715909090909102,4,0.007755819642095031
54,10,1.0,4,0.025151515151515175,3,0.00913919782413571
54,10,1.0,5,0.03250000000000001,1,0.008153897189134934
54,10,1.0,6,-0.0053693181818181765,9,0.007735253498563631
54,10,1.0,7,-0.0014204545454545435,8,0.00852587799505408
54,10,1.0,8,0.007992424242424244,5,0.009419357870149666
54,10,1.0,9,-0.0058617424242424195,10,0.007755533758808003
54,10,1.0,10,0.025501893939393946,2,0.008515603662221267
54,10,2.0,1,0.012585227272727264,5,0.007609257077170642
54,10,2.0,2,0.0022443181818182045,8,0.007469660173686959
54,10,2.0,3,0.011515151515151513,6,0.0069227658643810485
54,10,2.0,4,0.030293560606060584,2,0.008990742904888712
54,10,2.0,5,0.04347537878787879,1,0.008157451077702674
54,10,2.0,6,0.0009753787878788,9,0.006924485055074493
54,10,2.0,7,0.011325757575757591,7,0.007475531616237252
54,10,2.0,8,0.012736742424242418,4,0.009424564561613526
54,10,2.0,9,-0.0007575757575757868,10,0.006337357242611271
54,10,2.0,10,0.02712121212121212,3,0.008011638096165494
54,10,5.0,1,0.029043560606060618,3,0.007132147458434876
54,10,5.0,2,0.012613636363636369,7,0.006991572636016989
54,10,5.0,3,0.00662878787878788,8,0.005766042419117585
54,10,5.0,4,0.01629734848484847,6,0.007409882610436393
54,10,5.0,5,0.03542613636363637,1,0.007434539557790528
54,10,5.0,6,0.017774621212121224,4,0.006684906594343958
54,10,5.0,7,0.0340814393939394,2,0.007446018512094201
54,10,5.0,8,0.005880681818181816,9,0.006916565732755363
54,10,5.0,9,0.0057007575757576,10,0.005875807402561949
54,10,5.0,10,0.017424242424242408,5,0.0068973336008340035
54,10,10.0,1,0.031647727272727265,3,0.006367245380376839
54,10,10.0,2,0.011458333333333343,7,0.005328091149491636
54,10,10.0,3,0.006477272727272736,8,0.005189181730896673
54,10,10.0,4,0.012376893939393953,6,0.005996154318692856
54,10,10.0,5,0.03414772727272727,2,0.006670698408548033
54,10,10.0,6,0.024384469696969734,4,0.007169622271869869
54,10,10.0,7,0.04030303030303033,1,0.007424934742766662
54,10,10.0,8,0.003418560606060607,10,0.005669587451543156
54,10,10.0,9,0.005577651515151521,9,0.004625147646583557
54,10,10.0,10,0.012973484848484852,5,0.005905136290821513
54,10,No DP,1,0.03613636363636364,4,0.0056568060577522885
54,10,No DP,2,-0.01673295454545453,10,0.002270597763389777
54,10,No DP,3,0.012168560606060634,7,0.004020271156227361
54,10,No DP,4,0.036202651515151535,3,0.005718079602126949
54,10,No DP,5,0.055085227272727286,1,0.006276502792891219
54,10,No DP,6,0.0218844696969697,6,0.006011548238916686
54,10,No DP,7,0.03695075757575756,2,0.007293830601771402
54,10,No DP,8,0.0038068181818181955,9,0.004752617793340593
54,10,No DP,9,0.0087026515151515,8,0.003501245366419589
54,10,No DP,10,0.028333333333333367,5,0.005812136813895069
55,10,0.5,1,-0.006363636363636342,8,0.007554813378023823
55,10,0.5,2,-0.0023295454545454535,7,0.007277625944509663
55,10,0.5,3,-0.02039772727272728,10,0.006955277048153785
55,10,0.5,4,0.02670454545454546,2,0.007729071296182307
55,10,0.5,5,-0.012215909090909093,9,0.00798694138196149
55,10,0.5,6,0.009166666666666672,4,0.007408243622929515
55,10,0.5,7,0.04817234848484848,1,0.007939285224630853
55,10,0.5,8,0.007320075757575757,5,0.006896031450280483
55,10,0.5,9,0.021723484848484857,3,0.007635745215684725
55,10,0.5,10,0.0068181818181818074,6,0.007138807545727166
55,10,1.0,1,-0.011657196969696955,9,0.006700741717074435
55,10,1.0,2,-0.0018560606060606004,8,0.006047673820838114
55,10,1.0,3,-0.02641098484848485,10,0.005978250447530222
55,10,1.0,4,0.036164772727272705,2,0.006486247423603951
55,10,1.0,5,0.0013068181818181696,7,0.006617845134574139
55,10,1.0,6,0.023437499999999997,4,0.0067779666148646625
55,10,1.0,7,0.08241477272727271,1,0.007736625993615956
55,10,1.0,8,0.012499999999999995,5,0.006223514819456042
55,10,1.0,9,0.031051136363636357,3,0.006570663663236673
55,10,1.0,10,0.007405303030303039,6,0.0059638551659210014
55,10,2.0,1,-0.013181818181818175,9,0.005483235521664397
55,10,2.0,2,-0.003049242424242431,8,0.004498426623346102
55,10,2.0,3,-0.02988636363636364,10,0.0051454593416474775
55,10,2.0,4,0.03154356060606061,4,0.006562448005281801
55,10,2.0,5,0.020407196969696964,6,0.005207478838306678
55,10,2.0,6,0.04254734848484848,2,0.006855710780774694
55,10,2.0,7,0.08722537878787878,1,0.008533146987015326
55,10,2.0,8,0.0218276515151515,5,0.005486108159775915
55,10,2.0,9,0.03166666666666667,3,0.006478564575232983
55,10,2.0,10,0.009763257575757583,7,0.004580822295337134
55,10,5.0,1,-0.0029924242424242244,9,0.002808486704005352
55,10,5.0,2,0.009649621212121193,8,0.0034502901662205156
55,10,5.0,3,-0.022907196969696977,10,0.004338375972226114
55,10,5.0,4,0.02003787878787878,6,0.007078086595963863
55,10,5.0,5,0.049488636363636374,2,0.007418461967764726
55,10,5.0,6,0.046022727272727285,3,0.008007444954638222
55,10,5.0,7,0.06085227272727274,1,0.008142723878634362
55,10,5.0,8,0.03336174242424244,4,0.007796268204418822
55,10,5.0,9,0.02464962121212121,5,0.00732840086542985
55,10,5.0,10,0.017632575757575764,7,0.004937569015337539
55,10,10.0,1,0.013399621212121213,9,0.0028102951195619137
55,10,10.0,2,0.016666666666666677,7,0.004512387615006321
55,10,10.0,3,-0.01847537878787877,10,0.0028134880865593984
55,10,10.0,4,0.014810606060606071,8,0.0065183098845596355
55,10,10.0,5,0.05588068181818184,1,0.008928226916603808
55,10,10.0,6,0.04179924242424242,3,0.00790905122515587
55,10,10.0,7,0.045814393939393946,2,0.0072734150262719465
55,10,10.0,8,0.02930871212121213,4,0.007593071774554897
55,10,10.0,9,0.021714015151515154,5,0.0071694456616083185
55,10,10.0,10,0.01961174242424242,6,0.0056293233914426226
55,10,No DP,1,0.03910037878787881,3,0.0059696551340394964
55,10,No DP,2,0.011534090909090931,8,0.0040648806332624545
55,10,No DP,3,-0.0287689393939394,10,0.0035769335709041556
55,10,No DP,4,-0.022604166666666644,9,0.003728864504241129
55,10,No DP,5,0.01895833333333334,7,0.002661304305206897
55,10,No DP,6,0.04706439393939395,2,0.00510757391757201
55,10,No DP,7,0.08282196969696969,1,0.006786680437797567
55,10,No DP,8,0.020823863636363665,6,0.006102945958550777
55,10,No DP,9,0.026922348484848486,4,0.00541213280731795
55,10,No DP,10,0.02195075757575755,5,0.0037925250859787026
56,10,0.5,1,-0.015681818181818165,10,0.0050001850861059955
56,10,0.5,2,0.0050378787878788064,4,0.0049624443279023146
56,10,0.5,3,-0.007007575757575755,5,0.004646061480642503
56,10,0.5,4,-0.011401515151515152,7,0.004539787344637093
56,10,0.5,5,-0.007395833333333321,6,0.004833029324977768
56,10,0.5,6,0.007850378787878799,3,0.004537937577874603
56,10,0.5,7,-0.014706439393939388,9,0.004760450762728201
56,10,0.5,8,-0.013494318181818187,8,0.0043948041330054335
56,10,0.5,9,0.0140625,2,0.004112866660753121
56,10,0.5,10,0.027585227272727275,1,0.0048039961262166695
56,10,1.0,1,-0.017073863636363647,10,0.00449162122259245
56,10,1.0,2,0.0034943181818181805,4,0.0045071717852782954
56,10,1.0,3,-0.012244318181818186,6,0.004484624033817115
56,10,1.0,4,-0.01396780303030301,7,0.004413882034969838
56,10,1.0,5,-0.0034564393939394023,5,0.004406053193606735
56,10,1.0,6,0.01268939393939393,3,0.004253232984126727
56,10,1.0,7,-0.015501893939393949,9,0.004400376827422017
56,10,1.0,8,-0.015464015151515149,8,0.004130070324008508
56,10,1.0,9,0.020994318181818194,2,0.003947717909328406
56,10,1.0,10,0.048106060606060604,1,0.00489591575746806
56,10,2.0,1,-0.019602272727272704,7,0.004160237377863729
56,10,2.0,2,-0.001912878787878801,4,0.004111854959865849
56,10,2.0,3,-0.025236742424242425,10,0.004017191783477737
56,10,2.0,4,-0.01891098484848486,6,0.0040551859664944515
56,10,2.0,5,-0.0034090909090909146,5,0.004171893243985311
56,10,2.0,6,0.02253787878787878,3,0.0041080370606575035
56,10,2.0,7,-0.02116477272727272,8,0.004180812227182665
56,10,2.0,8,-0.023674242424242414,9,0.0037667259756051334
56,10,2.0,9,0.03266098484848485,2,0.004055872317619192
56,10,2.0,10,0.07575757575757579,1,0.005433411419481478
56,10,5.0,1,-0.02399621212121211,6,0.0029335653953174836
56,10,5.0,2,-0.006789772727272727,5,0.0036960957570095396
56,10,5.0,3,-0.039943181818181815,9,0.0038367673675432324
56,10,5.0,4,-0.024687500000000008,7,0.0031641049326729953
56,10,5.0,5,-0.0014772727272727366,4,0.003270058448156822
56,10,5.0,6,0.036401515151515136,3,0.004329015185321886
56,10,5.0,7,-0.025123106060606054,8,0.002999083230321293
56,10,5.0,8,-0.04267992424242426,10,0.004121293391822054
56,10,5.0,9,0.050132575757575765,2,0.004925222440358042
56,10,5.0,10,0.1132007575757576,1,0.006338961960284212
56,10,10.0,1,-0.022329545454545453,6,0.002807703030893365
56,10,10.0,2,-0.009886363636363641,5,0.003481921943096155
56,10,10.0,3,-0.040861742424242425,10,0.003776863125476427
56,10,10.0,4,-0.024933712121212127,7,0.002776480754210431
56,10,10.0,5,0.002196969696969693,4,0.0024618618744537387
56,10,10.0,6,0.03762310606060604,3,0.004608559254714275
56,10,10.0,7,-0.02697916666666667,8,0.002259807620022336
56,10,10.0,8,-0.040255681818181815,9,0.004411283180609628
56,10,10.0,9,0.055662878787878796,2,0.005588013218470227
56,10,10.0,10,0.1246875,1,0.006772601949026079
56,10,No DP,1,-0.031164772727272742,10,0.002633839045869689
56,10,No DP,2,0.029043560606060604,5,0.00624354083991124
56,10,No DP,3,0.01090909090909091,6,0.002389348482014127
56,10,No DP,4,-0.016770833333333336,9,0.002930784622013588
56,10,No DP,5,0.041808712121212094,4,0.00648091801941428
56,10,No DP,6,0.047708333333333346,3,0.006872074728270687
56,10,No DP,7,-0.004034090909090909,7,0.002167738364694547
56,10,No DP,8,-0.009744318181818173,8,0.0023367825730179963
56,10,No DP,9,0.05352272727272725,2,0.008057565661070408
56,10,No DP,10,0.09273674242424244,1,0.008996274471474523
57,10,0.5,1,-0.018181818181818188,10,0.005223033662145449
57,10,0.5,2,0.0005113636363636403,4,0.0054870895592115205
57,10,0.5,3,-0.009753787878787867,9,0.005612383501769694
57,10,0.5,4,0.01542613636363637,1,0.005859765463726985
57,10,0.5,5,-0.0036647727272727196,7,0.006048411248541661
57,10,0.5,6,0.0024431818181818166,2,0.005906391732500498
57,10,0.5,7,0.00218750000000001,3,0.005734207571342926
57,10,0.5,8,-0.0031534090909090796,6,0.00562769447185822
57,10,0.5,9,-0.0013731060606060462,5,0.0061151425141228385
57,10,0.5,10,-0.0052746212121211914,8,0.005885479594485496
57,10,1.0,1,-0.021325757575757567,10,0.00544295050751637
57,10,1.0,2,0.0025568181818181783,5,0.005680310721742814
57,10,1.0,3,-0.006875000000000004,7,0.005728980713235667
57,10,1.0,4,0.03874999999999998,1,0.006085438001519671
57,10,1.0,5,-0.005445075757575761,6,0.006372372574185455
57,10,1.0,6,0.007746212121212133,3,0.006040558996494329
57,10,1.0,7,0.004280303030303027,4,0.005800859655150359
57,10,1.0,8,-0.009375000000000012,9,0.005848739678366481
57,10,1.0,9,0.009422348484848478,2,0.006377169488403682
57,10,1.0,10,-0.00931818181818182,8,0.005936717905573595
57,10,2.0,1,-0.03026515151515152,10,0.005733084998665935
57,10,2.0,2,0.002708333333333325,5,0.005527464960335889
57,10,2.0,3,-0.0026231060606060615,6,0.005683031041635311
57,10,2.0,4,0.07738636363636361,1,0.00662091090431962
57,10,2.0,5,-0.009403409090909094,8,0.006348120048438881
57,10,2.0,6,0.014990530303030308,3,0.006056847422916319
57,10,2.0,7,0.008200757575757577,4,0.006148309255206539
57,10,2.0,8,-0.014678030303030314,9,0.005976354192107633
57,10,2.0,9,0.023901515151515174,2,0.006776415107583411
57,10,2.0,10,-0.008664772727272734,7,0.005854147595505342
57,10,5.0,1,-0.03840909090909092,10,0.004713784966438915
57,10,5.0,2,0.011874999999999991,6,0.004860610503214362
57,10,5.0,3,0.012755681818181834,5,0.004725169178414144
57,10,5.0,4,0.11648674242424245,1,0.006044537989089784
57,10,5.0,5,-0.021619318181818174,8,0.004941876478497869
57,10,5.0,6,0.03280303030303029,3,0.005613358400062142
57,10,5.0,7,0.012765151515151514,4,0.004947796232404091
57,10,5.0,8,-0.025416666666666664,9,0.0048233903141927745
57,10,5.0,9,0.052367424242424236,2,0.006859859204265172
57,10,5.0,10,-0.017244318181818194,7,0.004631800908185144
57,10,10.0,1,-0.034952651515151506,10,0.003063768073658851
57,10,10.0,2,0.014801136363636396,4,0.003749513450797476
57,10,10.0,3,0.014659090909090894,5,0.0035140992824929723
57,10,10.0,4,0.12051136363636364,1,0.0058764276077446385
57,10,10.0,5,-0.023172348484848504,8,0.0032871296091280234
57,10,10.0,6,0.040823863636363644,3,0.005019937990279478
57,10,10.0,7,0.008106060606060643,6,0.004216330228904461
57,10,10.0,8,-0.029924242424242412,9,0.0036383113076340844
57,10,10.0,9,0.05979166666666669,2,0.006202731320328612
57,10,10.0,10,-0.02291666666666665,7,0.0032482302962370305
57,10,No DP,1,0.008342803030303027,7,0.0023357999540484756
57,10,No DP,2,0.02476325757575757,4,0.0056725204070420115
57,10,No DP,3,0.020142045454545444,5,0.0020965427901598094
57,10,No DP,4,0.06377840909090908,1,0.008719358149944532
57,10,No DP,5,0.008257575757575767,8,0.003974522858900533
57,10,No DP,6,0.0036553030303030465,9,0.0048172567216294895
57,10,No DP,7,0.04553030303030304,3,0.005889096051786091
57,10,No DP,8,0.0010416666666666886,10,0.0045669767462994245
57,10,No DP,9,0.05321969696969697,2,0.007031375942653314
57,10,No DP,10,0.01842803030303031,6,0.002972140088697225
58,10,0.5,1,-0.02109848484848483,10,0.007595866776831217
58,10,0.5,2,-0.004526515151515158,5,0.007145958825167673
58,10,0.5,3,0.00885416666666667,3,0.007276984615946577
58,10,0.5,4,-0.007803030303030296,7,0.007386935681034404
58,10,0.5,5,-0.007329545454545458,6,0.0073648752601498
58,10,0.5,6,-0.008371212121212121,8,0.007376410349030342
58,10,0.5,7,-0.012178030303030316,9,0.007730173670041848
58,10,0.5,8,0.008920454545454544,2,0.007440882471198136
58,10,0.5,9,0.0026515151515151413,4,0.00811691693715898
58,10,0.5,10,0.016259469696969724,1,0.007080662261227004
58,10,1.0,1,-0.021268939393939396,10,0.007504893710678776
58,10,1.0,2,0.0019318181818182001,8,0.006620529487728904
58,10,1.0,3,0.021231060606060614,3,0.006929400917737548
58,10,1.0,4,0.004573863636363621,7,0.007106274819391108
58,10,1.0,5,0.00557765151515153,5,0.006996265634793124
58,10,1.0,6,0.00517992424242425,6,0.007113317863569682
58,10,1.0,7,-0.010833333333333337,9,0.0072372442685629075
58,10,1.0,8,0.022272727272727267,2,0.006851199515600985
58,10,1.0,9,0.02007575757575757,4,0.007627204572991031
58,10,1.0,10,0.02985795454545453,1,0.006863596318512355
58,10,2.0,1,-0.016278409090909086,10,0.006681603647328127
58,10,2.0,2,0.007812499999999996,8,0.00576035330668207
58,10,2.0,3,0.02593750000000001,4,0.006472382288480387
58,10,2.0,4,0.015274621212121213,7,0.006253365929614797
58,10,2.0,5,0.021723484848484832,5,0.006235273341042195
58,10,2.0,6,0.01812499999999999,6,0.0058869842527050995
58,10,2.0,7,-0.003996212121212111,9,0.006030949278699811
58,10,2.0,8,0.04114583333333332,1,0.0058821741354197305
58,10,2.0,9,0.03289772727272726,2,0.006302887174675193
58,10,2.0,10,0.03160037878787876,3,0.00613662163634114
58,10,5.0,1,-0.008267045454545456,10,0.005211274221365939
58,10,5.0,2,0.019962121212121233,7,0.006190121220391448
58,10,5.0,3,0.04013257575757574,1,0.0075502503831499064
58,10,5.0,4,0.028096590909090894,4,0.005988893540349317
58,10,5.0,5,0.028030303030303006,5,0.006859421263238965
58,10,5.0,6,0.01584280303030304,8,0.005729485262240969
58,10,5.0,7,0.007339015151515141,9,0.005351817904472567
58,10,5.0,8,0.03530303030303029,2,0.005206647109958579
58,10,5.0,9,0.031098484848484816,3,0.0057383819575571385
58,10,5.0,10,0.0259469696969697,6,0.006265276326117464
58,10,10.0,1,-0.005994318181818177,10,0.0039112497846649705
58,10,10.0,2,0.02412878787878787,6,0.0065737362266448055
58,10,10.0,3,0.04526515151515151,1,0.00790957254280643
58,10,10.0,4,0.028361742424242418,5,0.006380726158921099
58,10,10.0,5,0.03075757575757578,3,0.007085200187468985
58,10,10.0,6,0.015388257575757604,8,0.005544818910597533
58,10,10.0,7,0.010909090909090941,9,0.005558760195445411
58,10,10.0,8,0.030577651515151502,4,0.005058188708130533
58,10,10.0,9,0.032660984848484856,2,0.006058156687220323
58,10,10.0,10,0.0237405303030303,7,0.006530168110445336
58,10,No DP,1,-0.017717803030303046,10,0.003798713080400538
58,10,No DP,2,0.0243939393939394,6,0.005781001735046103
58,10,No DP,3,0.038087121212121204,4,0.005965872715136817
58,10,No DP,4,0.030643939393939404,5,0.0045001195652925015
58,10,No DP,5,0.0406344696969697,3,0.007214008625401792
58,10,No DP,6,-0.0026231060606060454,9,0.003285557865674222
58,10,No DP,7,0.008806818181818176,7,0.0030140276714353746
58,10,No DP,8,0.0628125,1,0.005201356466847229
58,10,No DP,9,0.04256628787878787,2,0.0074194743380741075
58,10,No DP,10,0.00250946969696969,8,0.004819254763533251
59,10,0.5,1,-0.018409090909090917,9,0.008394674801637792
59,10,0.5,2,-0.012073863636363645,7,0.00798764729381228
59,10,0.5,3,-0.016524621212121206,8,0.008423298116067509
59,10,0.5,4,0.010937500000000006,2,0.007082654407079755
59,10,0.5,5,-0.02210227272727273,10,0.008618144533666633
59,10,0.5,6,-0.001164772727272722,4,0.006795269464199433
59,10,0.5,7,0.004687499999999997,3,0.006981104987095646
59,10,0.5,8,-0.0026988636363636386,5,0.0073422997903813654
59,10,0.5,9,-0.004034090909090916,6,0.0064595914863534
59,10,0.5,10,0.02160984848484848,1,0.007307261216676954
59,10,1.0,1,-0.009820075757575762,7,0.008028221828204146
59,10,1.0,2,-0.018570075757575757,8,0.007993309396895461
59,10,1.0,3,-0.022263257575757565,9,0.008749605369150922
59,10,1.0,4,0.014990530303030295,2,0.007098636127050581
59,10,1.0,5,-0.026609848484848486,10,0.008745063911730317
59,10,1.0,6,0.010814393939393931,4,0.006653136828181092
59,10,1.0,7,0.01419507575757576,3,0.007148768198662417
59,10,1.0,8,-0.0020454545454545534,6,0.0073894069099742655
59,10,1.0,9,0.00786931818181818,5,0.006432743543897082
59,10,1.0,10,0.05037878787878787,1,0.006909647958172467
59,10,2.0,1,0.0011647727272727233,7,0.006590444501541913
59,10,2.0,2,-0.025037878787878796,8,0.007862510045892664
59,10,2.0,3,-0.026609848484848486,9,0.0085859032650724
59,10,2.0,4,0.020331439393939398,5,0.00681683297632248
59,10,2.0,5,-0.02833333333333331,10,0.008545179600804725
59,10,2.0,6,0.02329545454545455,4,0.0058112005098716075
59,10,2.0,7,0.024138257575757556,3,0.006617150160301173
59,10,2.0,8,0.004318181818181815,6,0.007045687720155789
59,10,2.0,9,0.02704545454545455,2,0.005379209997307516
59,10,2.0,10,0.10089962121212125,1,0.006899431386665787
59,10,5.0,1,0.03135416666666666,5,0.003546092250948684
59,10,5.0,2,-0.04283143939393936,10,0.00719877438248386
59,10,5.0,3,-0.029469696969696983,8,0.00699296285558138
59,10,5.0,4,0.0217897727272727,6,0.005395708271389644
59,10,5.0,5,-0.029820075757575754,9,0.007082390035532885
59,10,5.0,6,0.03619318181818181,4,0.00443162756971597
59,10,5.0,7,0.04384469696969696,3,0.004595106420213291
59,10,5.0,8,0.003948863636363641,7,0.005490465543509922
59,10,5.0,9,0.05550189393939393,2,0.005801793532039752
59,10,5.0,10,0.095094696969697,1,0.008895782930289918
59,10,10.0,1,0.05074810606060606,4,0.0069437626717101545
59,10,10.0,2,-0.04426136363636363,10,0.005940370723541062
59,10,10.0,3,-0.029924242424242423,9,0.005320840627563487
59,10,10.0,4,0.016089015151515153,6,0.0048534667342891805
59,10,10.0,5,-0.021865530303030307,8,0.0038561576971389926
59,10,10.0,6,0.04065340909090908,5,0.004943059454395169
59,10,10.0,7,0.057556818181818174,3,0.005538446487193496
59,10,10.0,8,0.0030018939393939357,7,0.003654887296777626
59,10,10.0,9,0.06555871212121216,1,0.007869948956869734
59,10,10.0,10,0.06225378787878789,2,0.007833387138244965
59,10,No DP,1,0.059753787878787906,1,0.00886541175401243
59,10,No DP,2,-0.028162878787878806,10,0.0027952011105041178
59,10,No DP,3,-0.004999999999999994,9,0.00335874225921252
59,10,No DP,4,0.009280303030303024,8,0.004831884460333932
59,10,No DP,5,0.009876893939393928,7,0.002310771192248813
59,10,No DP,6,0.02452651515151516,6,0.005194739491321055
59,10,No DP,7,0.049005681818181795,3,0.00747415742828571
59,10,No DP,8,0.04214962121212123,4,0.004525910774125144
59,10,No DP,9,0.038835227272727264,5,0.008022800765376464
59,10,No DP,10,0.05446969696969699,2,0.006307862890086354
60,10,0.5,1,-0.012632575757575757,8,0.008639625704710423
60,10,0.5,2,-0.01469696969696971,9,0.01165247254903305
60,10,0.5,3,0.013560606060606053,4,0.009009239769713701
60,10,0.5,4,-0.011155303030303026,7,0.00991186970900691
60,10,0.5,5,0.03165719696969697,1,0.010220521191449764
60,10,0.5,6,0.004318181818181797,6,0.009576587262075893
60,10,0.5,7,0.012481060606060605,5,0.009317146060629593
60,10,0.5,8,-0.025464015151515154,10,0.009030823520930747
60,10,0.5,9,0.015378787878787863,3,0.010082600490182485
60,10,0.5,10,0.015909090909090907,2,0.009403547368448355
60,10,1.0,1,-0.016268939393939398,9,0.007886186930384302
60,10,1.0,2,-0.008579545454545472,8,0.010882505715213004
60,10,1.0,3,0.018967803030303026,4,0.008053513294315398
60,10,1.0,4,0.007537878787878784,6,0.008026873106122944
60,10,1.0,5,0.040568181818181843,1,0.00904470304540301
60,10,1.0,6,0.0021212121212121128,7,0.008530511176076184
60,10,1.0,7,0.018655303030303008,5,0.008256169300921712
60,10,1.0,8,-0.031846590909090894,10,0.008651299292386849
60,10,1.0,9,0.019299242424242417,3,0.009068269829767071
60,10,1.0,10,0.026249999999999992,2,0.008215398261499031
60,10,2.0,1,-0.023854166666666655,9,0.0066695405172601755
60,10,2.0,2,0.0041856060606060615,7,0.008642084885584675
60,10,2.0,3,0.031060606060606073,4,0.00612777937258079
60,10,2.0,4,0.04092803030303032,3,0.005622234615103103
60,10,2.0,5,0.04106060606060605,2,0.007079629561573775
60,10,2.0,6,-0.003124999999999987,8,0.006585730016280428
60,10,2.0,7,0.029659090909090927,5,0.006204868618327633
60,10,2.0,8,-0.03920454545454544,10,0.0076741012655658775
60,10,2.0,9,0.023513257575757573,6,0.006525838208948585
60,10,2.0,10,0.042556818181818175,1,0.006706254864687662
60,10,5.0,1,-0.02732007575757578,9,0.005370318085374168
60,10,5.0,2,0.03199810606060607,5,0.005458888852953113
60,10,5.0,3,0.038882575757575755,3,0.006187515072655117
60,10,5.0,4,0.0646875,1,0.007675908730054577
60,10,5.0,5,0.0288352272727273,6,0.006980475533593919
60,10,5.0,6,-0.004261363636363644,8,0.003651314258745158
60,10,5.0,7,0.03535984848484852,4,0.005568024309769789
60,10,5.0,8,-0.04714962121212124,10,0.0067115811050351675
60,10,5.0,9,0.026619318181818164,7,0.0041033388040535605
60,10,5.0,10,0.04837121212121213,2,0.007466658557465587
60,10,10.0,1,-0.025227272727272744,9,0.004739420519862688
60,10,10.0,2,0.051354166666666645,2,0.0071792402109554804
60,10,10.0,3,0.04396780303030303,4,0.007328912340031589
60,10,10.0,4,0.06685606060606063,1,0.008826905651039895
60,10,10.0,5,0.02307765151515151,7,0.007153610604325433
60,10,10.0,6,-0.00032196969696969335,8,0.002077307918882772
60,10,10.0,7,0.0359090909090909,5,0.006625657810785268
60,10,10.0,8,-0.04881628787878787,10,0.007040506354901876
60,10,10.0,9,0.024280303030303037,6,0.004393868370638114
60,10,10.0,10,0.04672348484848485,3,0.008321166867593629
60,10,No DP,1,-0.030539772727272735,9,0.0029383654858378626
60,10,No DP,2,0.03674242424242424,5,0.005740433137055955
60,10,No DP,3,0.05705492424242427,3,0.007733610821182142
60,10,No DP,4,0.07150568181818182,1,0.009299632920502565
60,10,No DP,5,0.04104166666666667,4,0.0052668581684636815
60,10,No DP,6,0.007547348484848488,8,0.0029875792372719466
60,10,No DP,7,0.026344696969696976,7,0.006896740450352738
60,10,No DP,8,-0.05823863636363636,10,0.0067918327672399515
60,10,No DP,9,0.02958333333333333,6,0.005305466837440153
60,10,No DP,10,0.058541666666666686,2,0.007516462791500103
61,10,0.5,1,-0.003200757575757567,8,0.005339310084622552
61,10,0.5,2,0.02260416666666668,1,0.006335555023342416
61,10,0.5,3,0.014488636363636384,2,0.004905367014324714
61,10,0.5,4,-0.004933712121212125,9,0.004519938939691293
61,10,0.5,5,0.00035984848484847285,6,0.005929645377336168
61,10,0.5,6,-0.0030681818181818076,7,0.0057787054963061996
61,10,0.5,7,-0.0093087121212121,10,0.005468273296814728
61,10,0.5,8,0.004507575757575746,4,0.0058527802074761675
61,10,0.5,9,0.0006534090909091228,5,0.006152981715551226
61,10,0.5,10,0.011988636363636371,3,0.006133326443937769
61,10,1.0,1,0.0016003787878787778,6,0.0051870898549788895
61,10,1.0,2,0.03481060606060607,1,0.006796869574135239
61,10,1.0,3,0.01972537878787877,3,0.004860216316620191
61,10,1.0,4,-0.002784090909090929,7,0.004214660318334564
61,10,1.0,5,0.0038636363636363434,4,0.005601254594312155
61,10,1.0,6,-0.004062500000000013,9,0.00560833631060118
61,10,1.0,7,-0.0033049242424242607,8,0.005166038584163377
61,10,1.0,8,0.00214962121212121,5,0.005477887879215134
61,10,1.0,9,-0.006136363636363662,10,0.005741190425738496
61,10,1.0,10,0.021373106060606085,2,0.006634403127612637
61,10,2.0,1,0.004696969696969716,6,0.004833794179844088
61,10,2.0,2,0.04829545454545453,1,0.0069232876181757235
61,10,2.0,3,0.02228219696969696,3,0.004846254795354294
61,10,2.0,4,-0.004195075757575764,9,0.004270891179981825
61,10,2.0,5,0.006818181818181801,5,0.005555557349058479
61,10,2.0,6,-0.001543560606060611,8,0.005250409500596643
61,10,2.0,7,0.008532196969696976,4,0.004955330461366583
61,10,2.0,8,0.002850378787878799,7,0.0049624915827253865
61,10,2.0,9,-0.008352272727272724,10,0.004523768105832167
61,10,2.0,10,0.02951704545454545,2,0.006440118817823445
61,10,5.0,1,0.013768939393939382,5,0.004646030984442765
61,10,5.0,2,0.04589015151515152,1,0.0069482854678243
61,10,5.0,3,0.02709280303030304,3,0.004934737050377714
61,10,5.0,4,-0.010094696969696964,9,0.003858067045859744
61,10,5.0,5,-0.007613636363636375,8,0.004789849487744196
61,10,5.0,6,0.00839015151515152,6,0.004709763474625301
61,10,5.0,7,0.02374053030303031,4,0.005476535518072057
61,10,5.0,8,0.006657196969696967,7,0.004315012771719073
61,10,5.0,9,-0.02381628787878787,10,0.0027307681921693943
61,10,5.0,10,0.04571969696969698,2,0.007298477731955943
61,10,10.0,1,0.016609848484848495,5,0.004419283864483612
61,10,10.0,2,0.049649621212121214,2,0.006575860877012052
61,10,10.0,3,0.0315056818181818,3,0.005052149540902688
61,10,10.0,4,-0.009810606060606061,8,0.0038348536106786596
61,10,10.0,5,-0.01130681818181819,9,0.004071260949594975
61,10,10.0,6,0.011325757575757574,6,0.004821553101573681
61,10,10.0,7,0.028683712121212145,4,0.00572208419916709
61,10,10.0,8,0.004999999999999999,7,0.00395325722080044
61,10,10.0,9,-0.038229166666666654,10,0.0033480074463856416
61,10,10.0,10,0.050094696969696983,1,0.007355467872773998
61,10,No DP,1,0.033996212121212135,3,0.005171486396649865
61,10,No DP,2,0.08644886363636363,1,0.0068523619140677255
61,10,No DP,3,0.03048295454545455,4,0.005292682934640693
61,10,No DP,4,-0.025227272727272716,9,0.0029724448094266146
61,10,No DP,5,0.026316287878787877,5,0.004179201509478771
61,10,No DP,6,0.0012026515151514828,8,0.004464796021847033
61,10,No DP,7,0.024450757575757594,7,0.004012836578945184
61,10,No DP,8,0.0259564393939394,6,0.004753865125987132
61,10,No DP,9,-0.02569128787878788,10,0.003326187216631131
61,10,No DP,10,0.03702651515151514,2,0.005067739101128573
42,15,0.5,1,0.003181818181818176,4,0.0044594032726598485
42,15,0.5,2,0.002831439393939367,6,0.005110522603482422
42,15,0.5,3,-0.0031912878787878794,11,0.0052585331297748655
42,15,0.5,4,-0.0059943181818181875,13,0.005682971079371179
42,15,0.5,5,-0.007803030303030287,14,0.005037222274379597
42,15,0.5,6,0.0010795454545454613,8,0.005696949863460802
42,15,0.5,7,0.002888257575757584,5,0.005010344538234461
42,15,0.5,8,0.004905303030303029,3,0.005116448090623963
42,15,0.5,9,-0.0057102272727272705,12,0.005941379571432401
42,15,0.5,10,0.0006249999999999917,9,0.005173024599907568
42,15,0.5,11,-0.0007291666666666563,10,0.005619095957116853
42,15,0.5,12,0.012462121212121213,1,0.004512620521806503
42,15,0.5,13,0.005066287878787889,2,0.0054962821971756
42,15,0.5,14,-0.011136363636363637,15,0.005718162171161506
42,15,0.5,15,0.0015246212121212104,7,0.004927335403193336
42,15,1.0,1,0.0058143939393939395,5,0.004374323950783751
42,15,1.0,2,0.004498106060606072,6,0.005121528264151508
42,15,1.0,3,-0.009526515151515149,14,0.0053030103489884305
42,15,1.0,4,-0.003825757575757569,10,0.0058807034718773715
42,15,1.0,5,-0.007916666666666659,13,0.004998592260504637
42,15,1.0,6,0.008077651515151522,4,0.005782542418762002
42,15,1.0,7,-0.003929924242424243,11,0.005089296996711972
42,15,1.0,8,0.009308712121212112,3,0.0049884913860056895
42,15,1.0,9,-0.003967803030303022,12,0.005881553926329879
42,15,1.0,10,6.6287878787884e-05,8,0.005098625115562302
42,15,1.0,11,0.0009659090909090951,7,0.005345641506964581
42,15,1.0,12,0.014753787878787861,1,0.004404827891336468
42,15,1.0,13,0.012708333333333344,2,0.005719417575455863
42,15,1.0,14,-0.02207386363636364,15,0.005914607695108853
42,15,1.0,15,-0.00021780303030303816,9,0.004910836482788489
42,15,2.0,1,0.01044507575757575,5,0.004405973410227556
42,15,2.0,2,0.005662878787878776,6,0.005152924620573913
42,15,2.0,3,-0.019583333333333328,14,0.005440435770067297
42,15,2.0,4,-0.0017140151515151459,11,0.006168193015605647
42,15,2.0,5,-0.005700757575757585,12,0.004904863894582619
42,15,2.0,6,0.016562500000000015,4,0.006055210296344342
42,15,2.0,7,-0.017973484848484836,13,0.005167713156593021
42,15,2.0,8,0.020047348484848473,2,0.00550429840733706
42,15,2.0,9,0.000710227272727274,8,0.006099754817302892
42,15,2.0,10,-0.001013257575757583,9,0.005156930486304448
42,15,2.0,11,0.0010700757575757614,7,0.005523206825809444
42,15,2.0,12,0.01837121212121213,3,0.004653409476326127
42,15,2.0,13,0.023721590909090907,1,0.006173376365523306
42,15,2.0,14,-0.036723484848484825,15,0.006208562993792363
42,15,2.0,15,-0.0015719696969696895,10,0.00519148825522876
42,15,5.0,1,0.018229166666666664,5,0.004658790159515853
42,15,5.0,2,0.012329545454545445,6,0.004730016094635371
42,15,5.0,3,-0.03985795454545456,13,0.005873611053773292
42,15,5.0,4,0.007244318181818158,7,0.0056549455268427445
42,15,5.0,5,-0.006410984848484843,12,0.004306450351253595
42,15,5.0,6,0.030246212121212115,3,0.0061726564820363174
42,15,5.0,7,-0.04824810606060608,14,0.0055264972213710005
42,15,5.0,8,0.040577651515151504,1,0.0060947395655281175
42,15,5.0,9,-0.0010606060606060642,9,0.005304218616860108
42,15,5.0,10,-0.003797348484848493,11,0.004829647484810535
42,15,5.0,11,-0.0025189393939393893,10,0.0049682658433429835
42,15,5.0,12,0.026884469696969702,4,0.004647969893614249
42,15,5.0,13,0.03741477272727273,2,0.0074482702819212016
42,15,5.0,14,-0.06157196969696971,15,0.006583952539575937
42,15,5.0,15,9.469696969695574e-06,8,0.0045324643729128256
42,15,10.0,1,0.02615530303030303,5,0.004155174837806043
42,15,10.0,2,0.015643939393939404,7,0.0038613490332718345
42,15,10.0,3,-0.05142045454545455,13,0.005980719051506154
42,15,10.0,4,0.017821969696969694,6,0.004267806156890392
42,15,10.0,5,-0.00593749999999999,12,0.002782894216889028
42,15,10.0,6,0.03729166666666667,3,0.004486273911606742
42,15,10.0,7,-0.05867424242424242,14,0.00558434252936795
42,15,10.0,8,0.05883522727272728,1,0.006536665816211351
42,15,10.0,9,0.0002462121212121243,8,0.0038509339804531834
42,15,10.0,10,-0.004867424242424246,11,0.0030555007064740707
42,15,10.0,11,-0.003285984848484855,10,0.003741583928133233
42,15,10.0,12,0.0271780303030303,4,0.0045652288466883515
42,15,10.0,13,0.039081439393939404,2,0.006308081463592558
42,15,10.0,14,-0.0759659090909091,15,0.006564099678221608
42,15,10.0,15,-0.0022159090909091017,9,0.00292269337504103
42,15,No DP,1,0.025274621212121207,5,0.005084913281740094
42,15,No DP,2,0.016780303030303027,11,0.0035331763001774917
42,15,No DP,3,-0.03214015151515151,14,0.006536201624391766
42,15,No DP,4,0.0184090909090909,8,0.0041547332555966435
42,15,No DP,5,0.0005871212121212177,13,0.0024457050336865694
42,15,No DP,6,0.018124999999999995,9,0.004310886897040159
42,15,No DP,7,0.0049810606060606,12,0.00668191132132914
42,15,No DP,8,0.04421401515151516,1,0.0069442740667230735
42,15,No DP,9,0.03678977272727272,4,0.0058599197213892945
42,15,No DP,10,0.018428030303030293,7,0.003186702037355425
42,15,No DP,11,0.017537878787878793,10,0.0037610193546853384
42,15,No DP,12,0.04313446969696971,2,0.0070086937964570425
42,15,No DP,13,0.03885416666666665,3,0.009078713163566994
42,15,No DP,14,-0.034687499999999996,15,0.004304696659551134
42,15,No DP,15,0.021401515151515157,6,0.003530330463867916
43,15,0.5,1,0.014431818181818174,1,0.00607872115151902
43,15,0.5,2,-0.0075000000000000075,13,0.006275582971504034
43,15,0.5,3,-0.015340909090909093,15,0.00758864906929881
43,15,0.5,4,0.0005871212121212066,7,0.0073136448092592996
43,15,0.5,5,0.005814393939393935,6,0.006860937857965423
43,15,0.5,6,-0.0033333333333333357,11,0.0073862966197426
43,15,0.5,7,0.011439393939393932,3,0.0061937129093013864
43,15,0.5,8,0.01171401515151514,2,0.005540131350085958
43,15,0.5,9,-0.0023295454545454565,10,0.007277675232482264
43,15,0.5,10,-0.0023106060606060425,9,0.008024531141096986
43,15,0.5,11,0.006486742424242419,4,0.006521292568585933
43,15,0.5,12,-0.009128787878787884,14,0.007471339099724162
43,15,0.5,13,-0.004431818181818171,12,0.006735782607271042
43,15,0.5,14,0.006041666666666662,5,0.006453301881287477
43,15,0.5,15,-0.0017234848484848503,8,0.006549120560322305
43,15,1.0,1,0.016960227272727276,1,0.006170771574510106
43,15,1.0,2,-0.0038352272727272744,13,0.006099181434313573
43,15,1.0,3,-0.021373106060606054,15,0.007526452421064321
43,15,1.0,4,0.006960227272727271,7,0.007244329013162826
43,15,1.0,5,0.00975378787878788,5,0.0066010580712148
43,15,1.0,6,-0.0023863636363636374,12,0.007198333702481879
43,15,1.0,7,0.012111742424242424,3,0.006106262905866603
43,15,1.0,8,0.01232007575757576,2,0.0055025294807136286
43,15,1.0,9,0.001486742424242422,8,0.007391597492521394
43,15,1.0,10,0.0014583333333333232,9,0.008028900543980672
43,15,1.0,11,0.01049242424242423,4,0.00655116456186385
43,15,1.0,12,-0.011685606060606077,14,0.0073191289716612335
43,15,1.0,13,-0.001941287878787879,11,0.0064672882770227
43,15,1.0,14,0.008446969696969684,6,0.006634814360116245
43,15,1.0,15,-0.0018371212121212183,10,0.006685308549908818
43,15,2.0,1,0.01568181818181818,3,0.0059629520088442444
43,15,2.0,2,0.0010132575757575946,10,0.005915359058330209
43,15,2.0,3,-0.030142045454545463,15,0.006926344489274439
43,15,2.0,4,0.011297348484848478,6,0.006661112406801129
43,15,2.0,5,0.017026515151515164,1,0.006392935964905125
43,15,2.0,6,-0.00021780303030303428,11,0.006795045116525536
43,15,2.0,7,0.012840909090909092,4,0.005817051016610038
43,15,2.0,8,0.011136363636363628,7,0.0054629912779482325
43,15,2.0,9,0.0033996212121212024,9,0.007345654316133323
43,15,2.0,10,0.006344696969696973,8,0.007625576016193266
43,15,2.0,11,0.011884469696969702,5,0.00547024608946685
43,15,2.0,12,-0.017585227272727294,14,0.006924223451150154
43,15,2.0,13,-0.0015340909090909127,12,0.006278655898069559
43,15,2.0,14,0.016505681818181805,2,0.007023825025653005
43,15,2.0,15,-0.005568181818181841,13,0.006513985316697638
43,15,5.0,1,0.018049242424242405,5,0.00548567407826743
43,15,5.0,2,0.01114583333333333,8,0.005237656007629604
43,15,5.0,3,-0.0397253787878788,15,0.005361594489545837
43,15,5.0,4,0.02311553030303031,3,0.005928848558470817
43,15,5.0,5,0.029100378787878772,2,0.005993590407134252
43,15,5.0,6,0.00603219696969696,9,0.005854933061482611
43,15,5.0,7,0.02140151515151516,4,0.005095700165959439
43,15,5.0,8,0.014734848484848488,7,0.005258732052352443
43,15,5.0,9,0.005606060606060584,11,0.0062310847839634085
43,15,5.0,10,0.016079545454545454,6,0.005801918496132703
43,15,5.0,11,0.005852272727272713,10,0.0038519528672964426
43,15,5.0,12,-0.021231060606060614,14,0.005133207847134428
43,15,5.0,13,0.0009564393939393829,12,0.005944745033011792
43,15,5.0,14,0.030445075757575747,1,0.007613687893218505
43,15,5.0,15,-0.016448863636363643,13,0.004711526939744385
43,15,10.0,1,0.020890151515151514,5,0.004760890881402234
43,15,10.0,2,0.019195075757575772,6,0.005106737331936996
43,15,10.0,3,-0.04378787878787879,15,0.0050835979416746484
43,15,10.0,4,0.033532196969696976,3,0.00572150117979554
43,15,10.0,5,0.035416666666666666,1,0.005684090454727183
43,15,10.0,6,0.006070075757575752,9,0.004811185671805189
43,15,10.0,7,0.030700757575757562,4,0.004783522168621685
43,15,10.0,8,0.018806818181818178,8,0.005003048384899322
43,15,10.0,9,0.004744318181818172,10,0.00474263554734862
43,15,10.0,10,0.019034090909090907,7,0.005173722812655764
43,15,10.0,11,0.0002935606060606133,11,0.003315359572537118
43,15,10.0,12,-0.02710227272727273,14,0.0033590546233397793
43,15,10.0,13,-0.001619318181818185,12,0.004809847213322617
43,15,10.0,14,0.034905303030303036,2,0.007338105026655819
43,15,10.0,15,-0.018503787878787877,13,0.0037731584235505267
43,15,No DP,1,0.005170454545454546,10,0.00409794875155677
43,15,No DP,2,0.032452651515151525,4,0.005029307026914454
43,15,No DP,3,-0.024005681818181822,14,0.004935109203548864
43,15,No DP,4,0.03697916666666667,3,0.006095107392790447
43,15,No DP,5,0.04269886363636364,1,0.0055948215906751935
43,15,No DP,6,0.0014488636363636288,13,0.0022567086609549957
43,15,No DP,7,0.039848484848484834,2,0.0056849530493307135
43,15,No DP,8,0.014867424242424243,9,0.004596374743640484
43,15,No DP,9,0.018835227272727278,8,0.004194207683460553
43,15,No DP,10,0.023617424242424266,6,0.004248946977659565
43,15,No DP,11,0.02111742424242424,7,0.003071497343462943
43,15,No DP,12,-0.03166666666666669,15,0.006366345923872333
43,15,No DP,13,0.0015624999999999866,12,0.0040726826146527395
43,15,No DP,14,0.02794507575757577,5,0.005614364355297768
43,15,No DP,15,0.004090909090909096,11,0.003837316583916088
44,15,0.5,1,-0.005303030303030298,12,0.005736901552961726
44,15,0.5,2,-0.009820075757575753,14,0.006785097749741136
44,15,0.5,3,-0.001240530303030296,8,0.005357249460205138
44,15,0.5,4,0.005321969696969703,7,0.004982154721983581
44,15,0.5,5,0.006089015151515158,6,0.005779002429610097
44,15,0.5,6,0.007907196969696974,5,0.005356959532356172
44,15,0.5,7,-0.002869318181818167,9,0.005984855302427072
44,15,0.5,8,0.008712121212121204,3,0.004479036531519776
44,15,0.5,9,-0.0034469696969696923,10,0.004896566309940061
44,15,0.5,10,-0.013844696969696963,15,0.006543756301068812
44,15,0.5,11,0.00794507575757576,4,0.00442606575568349
44,15,0.5,12,-0.004999999999999994,11,0.006327615518296202
44,15,0.5,13,-0.0064488636363636285,13,0.006846423189927775
44,15,0.5,14,0.013532196969696979,1,0.005584605478171262
44,15,0.5,15,0.008882575757575758,2,0.004154311485659281
44,15,1.0,1,-0.009668560606060597,14,0.00597423503616905
44,15,1.0,2,-0.008096590909090895,13,0.007095228514261795
44,15,1.0,3,0.0043276515151515075,7,0.005541500556112517
44,15,1.0,4,0.00384469696969696,8,0.005125106734201789
44,15,1.0,5,0.016761363636363623,3,0.006266843408192095
44,15,1.0,6,0.021960227272727267,2,0.005594606808094614
44,15,1.0,7,-0.00556818181818181,12,0.006435901459323552
44,15,1.0,8,0.011931818181818168,5,0.004593984149907914
44,15,1.0,9,-0.00042613636363636356,9,0.005234547922975927
44,15,1.0,10,-0.019043560606060595,15,0.006848180729851695
44,15,1.0,11,0.010255681818181817,6,0.00443155623983085
44,15,1.0,12,-0.004848484848484854,11,0.006555948290596923
44,15,1.0,13,-0.0043844696969697,10,0.007098113112719596
44,15,1.0,14,0.022547348484848486,1,0.005730312228946954
44,15,1.0,15,0.014384469696969686,4,0.004465254738314687
44,15,2.0,1,-0.01885416666666667,14,0.006353751665872468
44,15,2.0,2,-0.005785984848484848,13,0.0076583201695158394
44,15,2.0,3,0.013617424242424243,7,0.006171188417861762
44,15,2.0,4,0.004782196969696962,9,0.005458463039039947
44,15,2.0,5,0.02756628787878787,3,0.006674811750710767
44,15,2.0,6,0.043664772727272726,1,0.006068914389797864
44,15,2.0,7,-0.005340909090909078,12,0.007058444566076743
44,15,2.0,8,0.017054924242424253,5,0.005159455483019089
44,15,2.0,9,0.00858901515151517,8,0.0056427675561739775
44,15,2.0,10,-0.026164772727272717,15,0.007433195250801354
44,15,2.0,11,0.01403409090909093,6,0.0049261065090610255
44,15,2.0,12,-0.0018844696969696833,11,0.006974616580901448
44,15,2.0,13,0.0027367424242424297,10,0.0077144024275223435
44,15,2.0,14,0.040454545454545486,2,0.006572571145301899
44,15,2.0,15,0.021893939393939396,4,0.0052192255251756105
44,15,5.0,1,-0.03304924242424244,15,0.00560915499928596
44,15,5.0,2,0.00614583333333332,10,0.005983702047249246
44,15,5.0,3,0.023304924242424224,5,0.006111600318445403
44,15,5.0,4,0.0028693181818181994,12,0.0038586767921180917
44,15,5.0,5,0.028087121212121216,3,0.006316567846232683
44,15,5.0,6,0.05920454545454546,1,0.00715766881017439
44,15,5.0,7,-0.012642045454545463,13,0.005649344939734699
44,15,5.0,8,0.016751893939393945,8,0.004119583651320516
44,15,5.0,9,0.02226325757575758,7,0.005840162506205336
44,15,5.0,10,-0.027803030303030312,14,0.007034238791872477
44,15,5.0,11,0.023693181818181818,4,0.00488808806487584
44,15,5.0,12,0.004365530303030319,11,0.006232555645803877
44,15,5.0,13,0.007263257575757588,9,0.006192617882187718
44,15,5.0,14,0.05192234848484849,2,0.007302997578965254
44,15,5.0,15,0.02269886363636363,6,0.005860058672235752
44,15,10.0,1,-0.03928977272727272,15,0.005217321703449846
44,15,10.0,2,0.009327651515151502,11,0.0051334558223184
44,15,10.0,3,0.022679924242424244,6,0.0059013366802816904
44,15,10.0,4,0.00628787878787879,12,0.0029482717969368777
44,15,10.0,5,0.01990530303030301,7,0.006463080044944157
44,15,10.0,6,0.052234848484848474,2,0.007476152974091088
44,15,10.0,7,-0.023115530303030322,13,0.003796842967749866
44,15,10.0,8,0.01564393939393939,9,0.0033198947858160944
44,15,10.0,9,0.027736742424242428,4,0.0068898835966494255
44,15,10.0,10,-0.02381628787878787,14,0.005928943544114738
44,15,10.0,11,0.03253787878787878,3,0.00622509270253771
44,15,10.0,12,0.01820075757575758,8,0.00644036283931784
44,15,10.0,13,0.013986742424242436,10,0.005099321557008341
44,15,10.0,14,0.053456439393939396,1,0.007616361064071142
44,15,10.0,15,0.02350378787878787,5,0.006060315748255133
44,15,No DP,1,-0.027035984848484844,15,0.004017593574644674
44,15,No DP,2,0.018039772727272727,7,0.00319740430295772
44,15,No DP,3,0.0075852272727272825,10,0.004360186102262306
44,15,No DP,4,-0.00012310606060605633,11,0.0009392349839549967
44,15,No DP,5,0.03333333333333332,3,0.005609147005637667
44,15,No DP,6,0.07085227272727272,1,0.007397904978935899
44,15,No DP,7,-0.018702651515151516,14,0.0022866279050211867
44,15,No DP,8,-0.003541666666666677,12,0.0030978683307145973
44,15,No DP,9,0.03248106060606062,4,0.006263050252682864
44,15,No DP,10,-0.0051136363636363705,13,0.0016138541964221733
44,15,No DP,11,0.030975378787878784,5,0.005817297280630256
44,15,No DP,12,0.009668560606060625,9,0.0026497658934982625
44,15,No DP,13,0.030795454545454543,6,0.004534560809553357
44,15,No DP,14,0.05201704545454547,2,0.006713450886127614
44,15,No DP,15,0.011193181818181826,8,0.0032470258385748677
45,15,0.5,1,-0.011051136363636362,13,0.009623309533000628
45,15,0.5,2,-0.015549242424242429,14,0.008086014268504547
45,15,0.5,3,-0.018465909090909092,15,0.0074310335842133115
45,15,0.5,4,0.009810606060606053,2,0.0071975119412952164
45,15,0.5,5,-0.006799242424242434,10,0.00873657819643452
45,15,0.5,6,0.006950757575757579,5,0.0068805181231518546
45,15,0.5,7,0.0020359848484848464,6,0.006698917115708256
45,15,0.5,8,0.001013257575757578,7,0.006023177736513071
45,15,0.5,9,-0.007424242424242429,11,0.007825118597223051
45,15,0.5,10,0.011818181818181828,1,0.0068647985503452885
45,15,0.5,11,0.008617424242424248,3,0.008971162293610632
45,15,0.5,12,0.00820075757575756,4,0.007643696547258117
45,15,0.5,13,-0.0035511363636363835,9,0.006272291156863045
45,15,0.5,14,-0.009242424242424246,12,0.009440343901320895
45,15,0.5,15,0.0009090909090909178,8,0.0065401393832222165
45,15,1.0,1,-0.0074810606060605935,13,0.009850892952968518
45,15,1.0,2,-0.01261363636363636,14,0.008172473356607705
45,15,1.0,3,-0.023096590909090907,15,0.00743869736090731
45,15,1.0,4,0.006467803030303027,5,0.007109176631835304
45,15,1.0,5,-0.005397727272727283,9,0.008820223383568143
45,15,1.0,6,0.01790719696969696,3,0.007228227761033104
45,15,1.0,7,0.0030965909090909004,6,0.007028223254261523
45,15,1.0,8,-0.0015624999999999966,7,0.006099475483605398
45,15,1.0,9,-0.005482954545454539,11,0.007894698375930032
45,15,1.0,10,0.020113636363636354,2,0.007343530136110513
45,15,1.0,11,0.02938446969696968,1,0.009172069600672714
45,15,1.0,12,0.011960227272727261,4,0.00776354213505182
45,15,1.0,13,-0.005473484848484858,10,0.006266358012426277
45,15,1.0,14,-0.004782196969696977,8,0.009609651166363887
45,15,1.0,15,-0.005994318181818186,12,0.006308809276541452
45,15,2.0,1,-0.0012121212121212089,7,0.009932886805996261
45,15,2.0,2,-0.00586174242424243,12,0.008001750435776162
45,15,2.0,3,-0.03002840909090908,15,0.0071290567562527375
45,15,2.0,4,-0.00385416666666667,9,0.006868243390259911
45,15,2.0,5,-0.0029545454545454384,8,0.008845551431700231
45,15,2.0,6,0.033513257575757585,2,0.007227083814771827
45,15,2.0,7,0.0067613636363636365,6,0.007286339799626408
45,15,2.0,8,-0.003901515151515164,10,0.006142487825013637
45,15,2.0,9,-0.004261363636363626,11,0.007823683455595637
45,15,2.0,10,0.03100378787878786,3,0.0079646695583836
45,15,2.0,11,0.07087121212121213,1,0.008791303946534266
45,15,2.0,12,0.013068181818181803,4,0.0076150731721301435
45,15,2.0,13,-0.008721590909090898,13,0.006289294733212859
45,15,2.0,14,0.010416666666666661,5,0.009861078777479031
45,15,2.0,15,-0.022452651515151512,14,0.005420494498693363
45,15,5.0,1,0.013996212121212118,6,0.00921736329277178
45,15,5.0,2,0.017755681818181827,5,0.004874279878266016
45,15,5.0,3,-0.03531249999999999,14,0.006062474484127384
45,15,5.0,4,-0.013607954545454532,13,0.005520381027134376
45,15,5.0,5,0.0006439393939393956,10,0.008226544156171748
45,15,5.0,6,0.053276515151515165,2,0.008366139583056598
45,15,5.0,7,0.01318181818181819,7,0.0068104659624246226
45,15,5.0,8,-0.007490530303030282,11,0.005253319749713903
45,15,5.0,9,0.004450757575757591,9,0.007074218582632774
45,15,5.0,10,0.04517992424242424,3,0.007563333740345521
45,15,5.0,11,0.09844696969696969,1,0.009844404020499391
45,15,5.0,12,0.012632575757575757,8,0.005850038494277376
45,15,5.0,13,-0.0093844696969697,12,0.0056080932631262835
45,15,5.0,14,0.037926136363636356,4,0.006962209506954047
45,15,5.0,15,-0.03851325757575759,15,0.004625964997948804
45,15,10.0,1,0.02955492424242427,5,0.005299770626279316
45,15,10.0,2,0.025274621212121224,6,0.00350835837753538
45,15,10.0,3,-0.038835227272727285,14,0.005006819539442127
45,15,10.0,4,-0.017698863636363648,13,0.004218570805295395
45,15,10.0,5,0.008049242424242426,10,0.004130904986121299
45,15,10.0,6,0.050085227272727295,2,0.008532148570054094
45,15,10.0,7,0.013096590909090907,8,0.003750383909603123
45,15,10.0,8,-0.008636363636363642,11,0.003991323485480524
45,15,10.0,9,0.01576704545454545,7,0.0052768797698369545
45,15,10.0,10,0.046193181818181814,3,0.006646453462954194
45,15,10.0,11,0.08502840909090909,1,0.008736618381211538
45,15,10.0,12,0.012187500000000009,9,0.003849304388662002
45,15,10.0,13,-0.01249999999999999,12,0.0050603459207770275
45,15,10.0,14,0.043816287878787864,4,0.006424362120432049
45,15,10.0,15,-0.039261363636363615,15,0.004301253117452502
45,15,No DP,1,0.03247159090909091,6,0.007378082661352335
45,15,No DP,2,0.0353409090909091,4,0.005947963027444724
45,15,No DP,3,-0.0073484848484848654,12,0.0033069483469123006
45,15,No DP,4,-0.019384469696969716,14,0.003622340557941952
45,15,No DP,5,0.03276515151515151,5,0.006297469524924706
45,15,No DP,6,0.04760416666666668,3,0.006982524003851294
45,15,No DP,7,0.00045454545454545135,10,0.003385002226168576
45,15,No DP,8,-0.017026515151515167,13,0.0022368129848003688
45,15,No DP,9,0.004214015151515154,9,0.00546908204422902
45,15,No DP,10,0.02973484848484848,7,0.0055224492801132456
45,15,No DP,11,0.05836174242424241,1,0.007233034327025535
45,15,No DP,12,0.016742424242424246,8,0.005186937457743421
45,15,No DP,13,-0.005217803030303051,11,0.0009278848641446939
45,15,No DP,14,0.050227272727272704,2,0.007750018976397874
45,15,No DP,15,-0.02314393939393938,15,0.003330758302903407
46,15,0.5,1,-0.008361742424242445,15,0.0038580864541722373
46,15,0.5,2,-0.006638257575757576,14,0.004580935835975205
46,15,0.5,3,9.46969696969613e-06,7,0.005021234734563252
46,15,0.5,4,0.005132575757575761,2,0.00516358497193536
46,15,0.5,5,-0.0028977272727272775,10,0.00397065692548231
46,15,0.5,6,-0.00422348484848485,12,0.004127406722700267
46,15,0.5,7,4.734848484849396e-05,6,0.005393063093159777
46,15,0.5,8,-0.0019412878787878729,9,0.005823307361336705
46,15,0.5,9,0.010994318181818185,1,0.005145591357194221
46,15,0.5,10,-0.006089015151515156,13,0.004447598310553267
46,15,0.5,11,-0.0013352272727272586,8,0.004776485394345343
46,15,0.5,12,-0.0032765151515151657,11,0.004643327994381484
46,15,0.5,13,0.001250000000000011,4,0.0049244951858205595
46,15,0.5,14,0.00099431818181816,5,0.004946616111516802
46,15,0.5,15,0.004024621212121213,3,0.00507003675727294
46,15,1.0,1,-0.01089962121212122,15,0.0036601204467537917
46,15,1.0,2,-0.007859848484848487,14,0.004572667514093328
46,15,1.0,3,-0.0008333333333333392,11,0.0049309082214567465
46,15,1.0,4,0.010558712121212132,2,0.00541177025926038
46,15,1.0,5,0.0031060606060606044,5,0.004098619627537991
46,15,1.0,6,-0.0007954545454545559,10,0.004305447897732806
46,15,1.0,7,0.000511363636363641,9,0.00530780392560108
46,15,1.0,8,0.0009753787878787923,8,0.005755464235394959
46,15,1.0,9,0.014668560606060602,1,0.005399562669745247
46,15,1.0,10,-0.004725378787878796,13,0.004501812567787445
46,15,1.0,11,0.0028977272727272853,7,0.004746686338131886
46,15,1.0,12,-0.004280303030303015,12,0.004344506250602518
46,15,1.0,13,0.0029261363636363647,6,0.004769947464128789
46,15,1.0,14,0.006818181818181835,4,0.00517664256747072
46,15,1.0,15,0.007765151515151527,3,0.005140623931529891
46,15,2.0,1,-0.017225378787878772,15,0.0034497963092060212
46,15,2.0,2,-0.007746212121212133,14,0.004414775977274783
46,15,2.0,3,0.002405303030303033,10,0.004808861306719453
46,15,2.0,4,0.015104166666666658,4,0.005383260367797565
46,15,2.0,5,0.014498106060606064,5,0.004042167522252132
46,15,2.0,6,0.0037499999999999955,8,0.004003832673697983
46,15,2.0,7,-0.002935606060606064,12,0.004455540225325648
46,15,2.0,8,0.0064488636363636154,6,0.006069147848402907
46,15,2.0,9,0.023797348484848487,1,0.005456331498807024
46,15,2.0,10,-0.0023958333333333392,11,0.004574352877874641
46,15,2.0,11,0.0043655303030302964,7,0.004820827228287933
46,15,2.0,12,-0.007007575757575761,13,0.003954933656784702
46,15,2.0,13,0.003229166666666676,9,0.004676018901865536
46,15,2.0,14,0.01837121212121212,2,0.005315411007668245
46,15,2.0,15,0.015416666666666684,3,0.005337097689046385
46,15,5.0,1,-0.028560606060606054,15,0.0028835412312189293
46,15,5.0,2,-0.00981060606060606,13,0.00378229986886019
46,15,5.0,3,0.01044507575757576,7,0.004874097370434933
46,15,5.0,4,0.02509469696969697,4,0.005716285920968012
46,15,5.0,5,0.029251893939393935,3,0.004384457322942156
46,15,5.0,6,0.008986742424242425,9,0.004153377028541835
46,15,5.0,7,-0.007348484848484858,12,0.002941804306943096
46,15,5.0,8,0.014763257575757565,6,0.0055665404036824104
46,15,5.0,9,0.030804924242424248,2,0.005912026013840472
46,15,5.0,10,0.0019318181818181834,11,0.004800845353083566
46,15,5.0,11,0.010075757575757573,8,0.004406890526648685
46,15,5.0,12,-0.01033143939393939,14,0.003732985174105243
46,15,5.0,13,0.006003787878787881,10,0.004400184547610512
46,15,5.0,14,0.03628787878787878,1,0.0060117121015649845
46,15,5.0,15,0.022556818181818185,5,0.005656150672739937
46,15,10.0,1,-0.030946969696969716,15,0.002801266336853893
46,15,10.0,2,-0.014346590909090916,14,0.0027575970578077647
46,15,10.0,3,0.014242424242424239,7,0.004987104582943104
46,15,10.0,4,0.03336174242424243,4,0.006319883849280771
46,15,10.0,5,0.037708333333333316,2,0.004968647757984991
46,15,10.0,6,0.012301136363636363,8,0.004310043812688913
46,15,10.0,7,-0.009545454545454544,12,0.002654411297114976
46,15,10.0,8,0.02324810606060607,5,0.005971188365825702
46,15,10.0,9,0.034034090909090924,3,0.00621943311596613
46,15,10.0,10,0.005899621212121216,11,0.004548035390264641
46,15,10.0,11,0.010880681818181817,9,0.004388374361683438
46,15,10.0,12,-0.011515151515151504,13,0.0031017766558643486
46,15,10.0,13,0.0063541666666666755,10,0.0035459000535542013
46,15,10.0,14,0.03818181818181817,1,0.006198144615226242
46,15,10.0,15,0.02249053030303031,6,0.0054148349142400815
46,15,No DP,1,-0.005956439393939385,13,0.002216082897547823
46,15,No DP,2,0.008560606060606076,10,0.002663996597145939
46,15,No DP,3,0.02106060606060608,7,0.003099677013743799
46,15,No DP,4,0.029744318181818177,4,0.006245724188795453
46,15,No DP,5,0.049176136363636366,1,0.004839399761593764
46,15,No DP,6,0.010265151515151526,9,0.0037759927148437143
46,15,No DP,7,0.0015246212121212154,11,0.002598388734804751
46,15,No DP,8,0.031619318181818186,3,0.004070755963402739
46,15,No DP,9,0.0184185606060606,8,0.005803948997988057
46,15,No DP,10,-0.0019507575757575723,12,0.0036427653364405482
46,15,No DP,11,0.023626893939393944,5,0.0035451938915695867
46,15,No DP,12,-0.00940340909090908,14,0.0028296257937055172
46,15,No DP,13,-0.015047348484848504,15,0.0020215483154108396
46,15,No DP,14,0.0485132575757576,2,0.006037819007892916
46,15,No DP,15,0.022803030303030297,6,0.006081133560159013
47,15,0.5,1,0.005861742424242431,4,0.005068627238857667
47,15,0.5,2,0.011571969696969697,2,0.0048908318043112495
47,15,0.5,3,0.0010037878787878824,5,0.004185902138849387
47,15,0.5,4,-0.002462121212121216,9,0.0050285963413175105
47,15,0.5,5,-0.006401515151515157,13,0.004218771149999698
47,15,0.5,6,-0.005198863636363622,11,0.00436678306073583
47,15,0.5,7,-0.004696969696969699,10,0.0044980944975927944
47,15,0.5,8,-0.0017803030303030392,8,0.004567384755077928
47,15,0.5,9,-0.009053030303030302,14,0.004826579600317411
47,15,0.5,10,-0.000587121212121211,7,0.004526253241440141
47,15,0.5,11,0.01351325757575758,1,0.0043350501001367435
47,15,0.5,12,-0.009270833333333334,15,0.003853300918139786
47,15,0.5,13,0.006515151515151516,3,0.00439345526982909
47,15,0.5,14,-0.006259469696969682,12,0.0038357976334214413
47,15,0.5,15,0.0006155303030303133,6,0.004135046492720272
47,15,1.0,1,0.013267045454545443,3,0.005256893032013722
47,15,1.0,2,0.016439393939393934,2,0.005163000370964397
47,15,1.0,3,0.0012784090909090868,7,0.004131379829142115
47,15,1.0,4,-0.0032954545454545302,9,0.005059220147958543
47,15,1.0,5,-0.005501893939393938,12,0.004083288861531875
47,15,1.0,6,-0.008977272727272721,15,0.004104728167739937
47,15,1.0,7,-0.0037500000000000038,10,0.004510139804232126
47,15,1.0,8,-0.0017424242424242337,8,0.0046666051747227665
47,15,1.0,9,-0.007926136363636377,14,0.004668601999785758
47,15,1.0,10,0.0041761363636363584,5,0.004621757275811598
47,15,1.0,11,0.01949810606060605,1,0.004498795700721433
47,15,1.0,12,-0.0071875000000000055,13,0.003937392388336651
47,15,1.0,13,0.0075094696969696915,4,0.0044963663900610676
47,15,1.0,14,-0.005104166666666665,11,0.0037522685736429964
47,15,1.0,15,0.0030965909090908917,6,0.004308781946653664
47,15,2.0,1,0.023579545454545457,3,0.005592022439343497
47,15,2.0,2,0.028248106060606046,2,0.005486560594548837
47,15,2.0,3,0.004053030303030309,7,0.004154922325865566
47,15,2.0,4,-0.005700757575757581,11,0.005062081941495519
47,15,2.0,5,-0.005435606060606053,10,0.0041102547453163735
47,15,2.0,6,-0.01580492424242424,15,0.004235965876023456
47,15,2.0,7,-0.0019696969696969707,8,0.0044667001702518
47,15,2.0,8,-0.004517045454545461,9,0.004470777327543507
47,15,2.0,9,-0.011354166666666663,14,0.0044085786492682345
47,15,2.0,10,0.012499999999999987,4,0.004948766147899211
47,15,2.0,11,0.02930871212121211,1,0.004689869216839943
47,15,2.0,12,-0.005909090909090919,12,0.0040443726563775895
47,15,2.0,13,0.010994318181818168,5,0.004642912270088541
47,15,2.0,14,-0.006600378787878785,13,0.003686460837648808
47,15,2.0,15,0.005426136363636362,6,0.004482595966858997
47,15,5.0,1,0.04792613636363636,2,0.0065638580709210335
47,15,5.0,2,0.048352272727272744,1,0.005934891408989837
47,15,5.0,3,0.0080965909090909,6,0.004019178025896001
47,15,5.0,4,-0.012840909090909104,12,0.0045288585920653076
47,15,5.0,5,-0.004914772727272725,10,0.003819252058661727
47,15,5.0,6,-0.03425189393939394,15,0.0037266369089607046
47,15,5.0,7,0.007670454545454532,7,0.004175169956208147
47,15,5.0,8,-0.019015151515151527,14,0.003972888998279941
47,15,5.0,9,-0.016410984848484852,13,0.003908015670736875
47,15,5.0,10,0.030198863636363645,4,0.005054741071962035
47,15,5.0,11,0.04261363636363636,3,0.005051122515916526
47,15,5.0,12,0.00044507575757575247,8,0.003895867285064413
47,15,5.0,13,0.016496212121212127,5,0.004816831527128991
47,15,5.0,14,-0.0028125000000000255,9,0.0034498940465208386
47,15,5.0,15,-0.00738636363636362,11,0.0036959003203746025
47,15,10.0,1,0.05942234848484849,1,0.00730085232861417
47,15,10.0,2,0.057916666666666686,2,0.006726814689737208
47,15,10.0,3,0.009630681818181814,7,0.003356444689313672
47,15,10.0,4,-0.027481060606060613,13,0.0025765226971903076
47,15,10.0,5,-0.003285984848484849,10,0.0034350979534311862
47,15,10.0,6,-0.043967803030303045,15,0.0031348345880717076
47,15,10.0,7,0.012471590909090913,6,0.003908268073745753
47,15,10.0,8,-0.029053030303030313,14,0.003388878421870362
47,15,10.0,9,-0.014640151515151524,11,0.0031180023811271233
47,15,10.0,10,0.042765151515151506,4,0.005680850927769937
47,15,10.0,11,0.048996212121212156,3,0.005206294711218747
47,15,10.0,12,0.009460227272727268,8,0.00396863905544734
47,15,10.0,13,0.021420454545454545,5,0.004782370983932699
47,15,10.0,14,0.005350378787878786,9,0.0033427728505376402
47,15,10.0,15,-0.016429924242424235,12,0.0028150137666803836
47,15,No DP,1,0.051988636363636355,2,0.00801122371645132
47,15,No DP,2,0.05089962121212123,3,0.007724352061955211
47,15,No DP,3,0.04167613636363637,4,0.003970243043598344
47,15,No DP,4,0.0038257575757575757,11,0.0026364534336849135
47,15,No DP,5,-0.012698863636363631,15,0.0025600111586482578
47,15,No DP,6,-0.012073863636363646,14,0.0025527947791168103
47,15,No DP,7,0.008257575757575766,9,0.0022315589555064043
47,15,No DP,8,0.0076988636363636365,10,0.0033418949695906788
47,15,No DP,9,-0.009024621212121218,13,0.0014833581318345246
47,15,No DP,10,0.019242424242424224,6,0.004088998922729454
47,15,No DP,11,0.02666666666666667,5,0.005796641540158166
47,15,No DP,12,0.010823863636363638,8,0.004423032906450099
47,15,No DP,13,0.01359848484848485,7,0.005032758989954138
47,15,No DP,14,-0.0008238636363636609,12,0.002027561636836989
47,15,No DP,15,0.0613068181818182,1,0.005183439475342245
48,15,0.5,1,-0.008456439393939398,12,0.004654878743116714
48,15,0.5,2,-0.01439393939393939,14,0.005155239017258935
48,15,0.5,3,-0.003655303030303034,9,0.00454468546208265
48,15,0.5,4,-0.004744318181818188,10,0.004613880777193892
48,15,0.5,5,-0.0023484848484848376,7,0.004348426281149254
48,15,0.5,6,0.019393939393939404,1,0.00469124773658215
48,15,0.5,7,-0.008683712121212108,13,0.004138854643669071
48,15,0.5,8,-0.00604166666666666,11,0.0043026572508211795
48,15,0.5,9,0.005179924242424249,3,0.004750664021750549
48,15,0.5,10,-0.0029261363636363664,8,0.004677591206695838
48,15,0.5,11,-0.0021685606060606005,6,0.004278381318909958
48,15,0.5,12,-0.01482007575757576,15,0.004356603535829249
48,15,0.5,13,0.0033428030303030414,4,0.0044676190719318675
48,15,0.5,14,-0.0006344696969696878,5,0.004285936202505173
48,15,0.5,15,0.011600378787878785,2,0.004777710823331098
48,15,1.0,1,-0.013816287878787888,12,0.0046944506739455575
48,15,1.0,2,-0.021164772727272733,15,0.005482445464276614
48,15,1.0,3,-0.000738636363636353,7,0.004641457376544874
48,15,1.0,4,-0.003551136363636362,8,0.00471971777486416
48,15,1.0,5,-0.006240530303030294,11,0.004668821735735938
48,15,1.0,6,0.037083333333333336,1,0.005255344310757359
48,15,1.0,7,-0.017064393939393952,13,0.004372539236465017
48,15,1.0,8,-0.0036079545454545526,9,0.004397442091835268
48,15,1.0,9,0.010303030303030316,3,0.004912688222046456
48,15,1.0,10,-0.0003882575757575751,6,0.004838173646661541
48,15,1.0,11,-0.0037405303030302994,10,0.004509810827812129
48,15,1.0,12,-0.019100378787878777,14,0.004427932587478484
48,15,1.0,13,0.004772727272727267,5,0.004636360541690391
48,15,1.0,14,0.007689393939393952,4,0.004771511088432466
48,15,1.0,15,0.03051136363636363,2,0.005133861169130177
48,15,2.0,1,-0.024185606060606067,13,0.004882717911159122
48,15,2.0,2,-0.0322064393939394,15,0.005758595762295168
48,15,2.0,3,0.003626893939393934,6,0.004625170137310653
48,15,2.0,4,-0.0024526515151515223,8,0.005018047644477628
48,15,2.0,5,-0.013996212121212142,11,0.0049769105738593335
48,15,2.0,6,0.06940340909090909,1,0.006482189773210236
48,15,2.0,7,-0.030321969696969705,14,0.004250554050878525
48,15,2.0,8,-0.0026799242424242636,9,0.004650499727996844
48,15,2.0,9,0.022613636363636357,4,0.00532635360796827
48,15,2.0,10,0.0019318181818181724,7,0.005118017203158598
48,15,2.0,11,-0.003532196969696988,10,0.00476810019137337
48,15,2.0,12,-0.022623106060606087,12,0.004401176425675781
48,15,2.0,13,0.005710227272727262,5,0.004865258166039162
48,15,2.0,14,0.027140151515151513,3,0.005419583276545729
48,15,2.0,15,0.06596590909090909,2,0.006003268367256466
48,15,5.0,1,-0.030918560606060602,12,0.004104791413728362
48,15,5.0,2,-0.03352272727272728,13,0.004624296505452452
48,15,5.0,3,0.01899621212121213,5,0.003817000271879477
48,15,5.0,4,0.006439393939393931,9,0.00384441706698692
48,15,5.0,5,-0.0384280303030303,15,0.0037559301328384696
48,15,5.0,6,0.08883522727272729,1,0.007328281434640467
48,15,5.0,7,-0.03593750000000001,14,0.00358593742966654
48,15,5.0,8,0.011874999999999985,8,0.004042006123741256
48,15,5.0,9,0.04206439393939393,3,0.005853087554827111
48,15,5.0,10,0.015928030303030284,6,0.004486905512724708
48,15,5.0,11,-0.006780303030303028,10,0.0036668818807363765
48,15,5.0,12,-0.01662878787878787,11,0.003332642404287875
48,15,5.0,13,0.011912878787878788,7,0.004491216414233073
48,15,5.0,14,0.041619318181818195,4,0.005526042863462273
48,15,5.0,15,0.0874242424242424,2,0.006935567271460305
48,15,10.0,1,-0.03255681818181818,13,0.004428473793147387
48,15,10.0,2,-0.03265151515151514,14,0.0040810873960565475
48,15,10.0,3,0.03080492424242423,5,0.004382463932696344
48,15,10.0,4,0.013750000000000017,8,0.0030749691107618588
48,15,10.0,5,-0.04476325757575758,15,0.0036279163000479788
48,15,10.0,6,0.08897727272727274,1,0.007830127267236486
48,15,10.0,7,-0.03129734848484848,12,0.003542815377437993
48,15,10.0,8,0.025748106060606072,6,0.004906321099892487
48,15,10.0,9,0.04820075757575758,3,0.006933920084123549
48,15,10.0,10,0.025198863636363634,7,0.004672120373588008
48,15,10.0,11,-0.0024621212121212085,10,0.003095794425414274
48,15,10.0,12,-0.008721590909090917,11,0.0027265918434047154
48,15,10.0,13,0.013636363636363644,9,0.004222529277686337
48,15,10.0,14,0.03409090909090909,4,0.005832180253016284
48,15,10.0,15,0.07564393939393937,2,0.007598725599678559
48,15,No DP,1,-0.014138257575757566,12,0.001688861715916665
48,15,No DP,2,-0.04527462121212123,15,0.004962278345158384
48,15,No DP,3,0.03460227272727272,6,0.006015671789288896
48,15,No DP,4,0.009867424242424238,8,0.0036322967907228216
48,15,No DP,5,-0.02260416666666665,14,0.002701625215247596
48,15,No DP,6,0.06777462121212122,2,0.008388839496140069
48,15,No DP,7,-0.01858901515151514,13,0.003602162569413091
48,15,No DP,8,0.035918560606060614,5,0.0070704242353582135
48,15,No DP,9,0.05399621212121212,4,0.00712359148878119
48,15,No DP,10,0.03459280303030303,7,0.005596301763412104
48,15,No DP,11,0.0008333333333333437,9,0.0020900494362587475
48,15,No DP,12,-0.011960227272727258,10,0.002486463835106858
48,15,No DP,13,-0.01267992424242423,11,0.0016571101167716588
48,15,No DP,14,0.05506628787878789,3,0.00550257641610257
48,15,No DP,15,0.08070075757575762,1,0.007303826686663957
49,15,0.5,1,-0.002878787878787883,8,0.006751434650110355
49,15,0.5,2,0.009431818181818182,2,0.006819482725220265
49,15,0.5,3,0.003162878787878778,5,0.006200536303691611
49,15,0.5,4,-0.0036553030303030348,10,0.005694777203932865
49,15,0.5,5,-0.008958333333333318,14,0.005805062038010577
49,15,0.5,6,-0.007329545454545458,13,0.006826326417036353
49,15,0.5,7,0.007282196969696972,3,0.006203796375374866
49,15,0.5,8,0.009602272727272727,1,0.006775844723090436
49,15,0.5,9,-0.01799242424242425,15,0.0067055485253758925
49,15,0.5,10,0.0065151515151515085,4,0.005546725434971898
49,15,0.5,11,-0.0052178030303030466,11,0.005914801760934574
49,15,0.5,12,-0.0034564393939393893,9,0.005607250190510357
49,15,0.5,13,-0.006515151515151518,12,0.007346767410989992
49,15,0.5,14,0.0004640151515151475,7,0.005605588620973877
49,15,0.5,15,0.0006060606060606061,6,0.005673281465741998
49,15,1.0,1,-0.007443181818181821,11,0.006677499860763447
49,15,1.0,2,0.012784090909090913,2,0.0067257985242324585
49,15,1.0,3,0.009034090909090908,5,0.006241118287469883
49,15,1.0,4,-0.004857954545454538,9,0.005693684814545833
49,15,1.0,5,-0.014839015151515138,13,0.005918523560490122
49,15,1.0,6,-0.008011363636363626,12,0.006488482956048867
49,15,1.0,7,0.019469696969696967,1,0.005976201439313328
49,15,1.0,8,0.007433712121212137,6,0.006716844445431258
49,15,1.0,9,-0.023503787878787877,15,0.006604343185759601
49,15,1.0,10,0.01097537878787879,3,0.005534599938607062
49,15,1.0,11,-0.002348484848484841,8,0.0055981766583889404
49,15,1.0,12,-0.005606060606060601,10,0.005720256344310814
49,15,1.0,13,-0.015359848484848481,14,0.007298594455914785
49,15,1.0,14,0.006344696969696965,7,0.005338280771190002
49,15,1.0,15,0.01024621212121212,4,0.005473425539680772
49,15,2.0,1,-0.016278409090909073,12,0.006279925701804962
49,15,2.0,2,0.016600378787878792,5,0.006341296225080622
49,15,2.0,3,0.01898674242424243,3,0.006210625151869308
49,15,2.0,4,-0.0036647727272727214,9,0.005234861075693098
49,15,2.0,5,-0.026515151515151512,13,0.0059680732005625335
49,15,2.0,6,-0.01118371212121211,11,0.005938997971470511
49,15,2.0,7,0.03938446969696969,1,0.005779434418209712
49,15,2.0,8,0.0053882575757575775,7,0.006080558642445
49,15,2.0,9,-0.02866477272727272,14,0.006329199398783146
49,15,2.0,10,0.017159090909090912,4,0.0049905263498345575
49,15,2.0,11,0.0003314393939393989,8,0.005100895586320242
49,15,2.0,12,-0.007462121212121193,10,0.00576525355303322
49,15,2.0,13,-0.029261363636363627,15,0.0068869180965738545
49,15,2.0,14,0.016164772727272726,6,0.004955887084794577
49,15,2.0,15,0.02700757575757576,2,0.004850805108877896
49,15,5.0,1,-0.02714015151515153,12,0.0051635161987858575
49,15,5.0,2,0.025767045454545463,5,0.004271101982916512
49,15,5.0,3,0.03562500000000002,3,0.005082321696857543
49,15,5.0,4,-0.001070075757575753,9,0.0033685152378883005
49,15,5.0,5,-0.04400568181818183,13,0.005077690986786101
49,15,5.0,6,-0.020047348484848487,11,0.004546027721910805
49,15,5.0,7,0.06362689393939394,1,0.0055532114096464285
49,15,5.0,8,0.0011553030303030193,8,0.004339014324828301
49,15,5.0,9,-0.046022727272727285,14,0.005967697543377835
49,15,5.0,10,0.023409090909090918,6,0.0037437792756067774
49,15,5.0,11,0.0047348484848484945,7,0.0035453867595825078
49,15,5.0,12,-0.008513257575757584,10,0.004584771073490521
49,15,5.0,13,-0.05035037878787879,15,0.005745820944491684
49,15,5.0,14,0.02958333333333334,4,0.004088477812884191
49,15,5.0,15,0.04355113636363636,2,0.004331938625646782
49,15,10.0,1,-0.028579545454545458,12,0.00468290408302652
49,15,10.0,2,0.0303219696969697,5,0.0035161784395009573
49,15,10.0,3,0.04183712121212122,3,0.004265389091962309
49,15,10.0,4,-0.0023674242424242486,9,0.0027482196163076595
49,15,10.0,5,-0.052982954545454534,14,0.0044223256723504795
49,15,10.0,6,-0.022291666666666682,11,0.0035756708025873503
49,15,10.0,7,0.07277462121212121,1,0.0057158446884487575
49,15,10.0,8,0.0018655303030303016,8,0.002416293156219446
49,15,10.0,9,-0.04913825757575758,13,0.0052707502218809175
49,15,10.0,10,0.0240530303030303,6,0.0038041789434022635
49,15,10.0,11,0.007945075757575757,7,0.0027813160968611353
49,15,10.0,12,-0.009469696969696982,10,0.004014146350740179
49,15,10.0,13,-0.06325757575757576,15,0.005474091006595053
49,15,10.0,14,0.03633522727272725,4,0.004198220207224105
49,15,10.0,15,0.05367424242424242,2,0.0049721208231294995
49,15,No DP,1,-0.003352272727272734,12,0.0015277306894404589
49,15,No DP,2,0.028664772727272733,5,0.005997763308781127
49,15,No DP,3,0.0338541666666667,4,0.006240154880761614
49,15,No DP,4,0.0184185606060606,9,0.005251548931258184
49,15,No DP,5,-0.04353219696969696,14,0.004011430142772855
49,15,No DP,6,0.006410984848484857,11,0.003211130956876524
49,15,No DP,7,0.055814393939393955,2,0.008751832460946221
49,15,No DP,8,0.02697916666666666,7,0.003804779884549058
49,15,No DP,9,-0.01600378787878786,13,0.003231470785538213
49,15,No DP,10,0.058181818181818175,1,0.006390443401930591
49,15,No DP,11,0.028570075757575763,6,0.00548126241421845
49,15,No DP,12,0.010909090909090908,10,0.0010676410354723293
49,15,No DP,13,-0.05100378787878789,15,0.00578565192713774
49,15,No DP,14,0.0268844696969697,8,0.006419950243334749
49,15,No DP,15,0.05215909090909092,3,0.00786798684176256
50,15,0.5,1,-0.009147727272727292,12,0.009056924522207537
50,15,0.5,2,0.01321969696969696,2,0.007614707165013455
50,15,0.5,3,0.008285984848484841,4,0.008115860409731973
50,15,0.5,4,-0.0018939393939394011,10,0.007376194923508106
50,15,0.5,5,0.00715909090909091,5,0.00840190366481534
50,15,0.5,6,-0.004659090909090907,11,0.007375352126190833
50,15,0.5,7,0.004592803030303016,7,0.007178984392796651
50,15,0.5,8,-0.011013257575757577,13,0.007272735349091948
50,15,0.5,9,0.015549242424242427,1,0.008141551579120096
50,15,0.5,10,-0.0005113636363636431,9,0.00698938594362312
50,15,0.5,11,-0.012178030303030316,14,0.007416242259268737
50,15,0.5,12,0.007092803030303035,6,0.008167540842890373
50,15,0.5,13,0.003740530303030305,8,0.007534134889015715
50,15,0.5,14,-0.015492424242424247,15,0.006792545976474216
50,15,0.5,15,0.008513257575757577,3,0.00809230343462489
50,15,1.0,1,-0.0034185606060606042,10,0.009027943391104715
50,15,1.0,2,0.016628787878787875,3,0.007826638033870171
50,15,1.0,3,0.01044507575757576,6,0.008087691757870618
50,15,1.0,4,0.00857007575757576,8,0.0069992192060731
50,15,1.0,5,0.009005681818181833,7,0.008492681624634176
50,15,1.0,6,-0.007509469696969715,12,0.007417623428843506
50,15,1.0,7,0.010653409090909083,5,0.007411129990195634
50,15,1.0,8,-0.010946969696969698,13,0.007269870019540247
50,15,1.0,9,0.02053977272727272,1,0.008329552075579245
50,15,1.0,10,0.0009753787878787834,9,0.006982326221927046
50,15,1.0,11,-0.01637310606060606,14,0.00763879191518504
50,15,1.0,12,0.01290719696969697,4,0.008251738264974991
50,15,1.0,13,-0.0034564393939393906,11,0.007531575413337091
50,15,1.0,14,-0.018617424242424244,15,0.006805059183609225
50,15,1.0,15,0.01699810606060606,2,0.008288699501200454
50,15,2.0,1,0.0067140151515151505,9,0.0087041722527105
50,15,2.0,2,0.02297348484848486,4,0.0077063160471819575
50,15,2.0,3,0.011969696969696972,8,0.007731617818026318
50,15,2.0,4,0.02646780303030304,3,0.00595797294116592
50,15,2.0,5,0.012225378787878785,7,0.00866159068703553
50,15,2.0,6,-0.011373106060606073,12,0.006809897310658575
50,15,2.0,7,0.021486742424242432,5,0.00706339986862056
50,15,2.0,8,-0.010435606060606069,11,0.0069678050894920645
50,15,2.0,9,0.028020833333333335,2,0.00878542014938808
50,15,2.0,10,0.0034753787878787847,10,0.006409817535619358
50,15,2.0,11,-0.022272727272727257,14,0.007386418026217775
50,15,2.0,12,0.019554924242424256,6,0.00788490182677596
50,15,2.0,13,-0.014327651515151512,13,0.006916713016684789
50,15,2.0,14,-0.02500000000000001,15,0.006285040090333415
50,15,2.0,15,0.03279356060606059,1,0.007792860472896614
50,15,5.0,1,0.028721590909090922,7,0.006587316906301631
50,15,5.0,2,0.02918560606060607,6,0.005909536757170009
50,15,5.0,3,0.014318181818181825,9,0.005652723487690055
50,15,5.0,4,0.04714015151515153,2,0.004744338595492283
50,15,5.0,5,0.015009469696969702,8,0.006871234242367755
50,15,5.0,6,-0.02083333333333332,12,0.00499698600618468
50,15,5.0,7,0.031553030303030305,4,0.005679448369427416
50,15,5.0,8,-0.003153409090909093,11,0.004966493689297183
50,15,5.0,9,0.03857954545454547,3,0.007884938732145467
50,15,5.0,10,0.0012973484848484863,10,0.004162158696887773
50,15,5.0,11,-0.028910984848484846,13,0.006430620903817944
50,15,5.0,12,0.031325757575757576,5,0.005990055751521524
50,15,5.0,13,-0.030464015151515148,14,0.005446879724227416
50,15,5.0,14,-0.03581439393939392,15,0.004868204969222227
50,15,5.0,15,0.050606060606060634,1,0.006440080734319613
50,15,10.0,1,0.0512121212121212,1,0.006370209335381689
50,15,10.0,2,0.030871212121212115,7,0.005000304886250811
50,15,10.0,3,0.015833333333333355,8,0.003224708666306586
50,15,10.0,4,0.047594696969696974,2,0.005254608817576965
50,15,10.0,5,0.012888257575757567,9,0.0037258629530475353
50,15,10.0,6,-0.03553030303030302,13,0.003653081637775122
50,15,10.0,7,0.03483901515151516,6,0.005312513419607099
50,15,10.0,8,-8.52272727272757e-05,10,0.0028658030210808117
50,15,10.0,9,0.038267045454545456,5,0.006650034874780823
50,15,10.0,10,-0.004185606060606075,11,0.002704164119835633
50,15,10.0,11,-0.030899621212121208,12,0.005208723384154926
50,15,10.0,12,0.041666666666666685,4,0.005825949675675874
50,15,10.0,13,-0.037575757575757575,14,0.0043227663728064155
50,15,10.0,14,-0.040028409090909094,15,0.003992998649632441
50,15,10.0,15,0.043693181818181825,3,0.005680082121139849
50,15,No DP,1,0.058816287878787905,1,0.008741160174208751
50,15,No DP,2,0.019640151515151506,6,0.004531695162737647
50,15,No DP,3,0.016600378787878792,9,0.004407906529426962
50,15,No DP,4,0.03505681818181817,4,0.0060467701324479674
50,15,No DP,5,-0.0032007575757575834,12,0.003349055231312009
50,15,No DP,6,-0.009242424242424248,13,0.0037007527294407026
50,15,No DP,7,0.04303977272727275,2,0.00532045930187504
50,15,No DP,8,0.016685606060606054,8,0.0028682016029268477
50,15,No DP,9,0.038219696969696966,3,0.005023038634711413
50,15,No DP,10,0.008910984848484847,10,0.0037409760714437004
50,15,No DP,11,-0.022727272727272742,15,0.0019471226063053422
50,15,No DP,12,0.029441287878787876,5,0.007478843829120526
50,15,No DP,13,-0.01010416666666666,14,0.003104473882175931
50,15,No DP,14,-0.002926136363636361,11,0.0018633945530946352
50,15,No DP,15,0.01947916666666667,7,0.005410127552577517
51,15,0.5,1,0.00596590909090908,5,0.0065579343731585055
51,15,0.5,2,0.0007481060606060586,6,0.007101064227990958
51,15,0.5,3,-0.001638257575757574,9,0.0056517489536241
51,15,0.5,4,0.0168939393939394,3,0.005344966087548467
51,15,0.5,5,0.025359848484848485,1,0.006378030089318169
51,15,0.5,6,-0.01119318181818181,14,0.007043970039515001
51,15,0.5,7,-0.0065814393939393956,13,0.0066629715864943585
51,15,0.5,8,0.0001231060606060569,7,0.006645779831623985
51,15,0.5,9,-0.0015056818181818287,8,0.006050833963018176
51,15,0.5,10,-0.014223484848484836,15,0.005787046101156049
51,15,0.5,11,0.022537878787878798,2,0.007207478372521015
51,15,0.5,12,-0.0023200757575757565,11,0.005932088706025066
51,15,0.5,13,-0.0032102272727272873,12,0.007125742723338893
51,15,0.5,14,0.013825757575757555,4,0.007069279426128466
51,15,0.5,15,-0.002168560606060598,10,0.005648772193008857
51,15,1.0,1,0.0087405303030303,5,0.0060884754432331874
51,15,1.0,2,0.006268939393939393,6,0.006506746968513449
51,15,1.0,3,-0.004431818181818186,11,0.005158523530408104
51,15,1.0,4,0.019990530303030298,3,0.00501575611957405
51,15,1.0,5,0.03700757575757576,1,0.0064693720644412355
51,15,1.0,6,-0.005767045454545453,12,0.006716773952905054
51,15,1.0,7,-0.009261363636363637,14,0.006052545243108938
51,15,1.0,8,-0.007717803030303038,13,0.006215013055073658
51,15,1.0,9,-0.002433712121212117,10,0.005477043101954562
51,15,1.0,10,-0.013106060606060631,15,0.005358404747198795
51,15,1.0,11,0.03414772727272728,2,0.00723763456786612
51,15,1.0,12,-0.0016382575757575984,9,0.0056113505031685565
51,15,1.0,13,-2.8409090909101707e-05,8,0.006701862572588445
51,15,1.0,14,0.01008522727272728,4,0.006646787993191511
51,15,1.0,15,0.0039015151515151454,7,0.0052037217876311406
51,15,2.0,1,0.013683712121212116,4,0.005628544041554656
51,15,2.0,2,0.012755681818181817,5,0.006007020073821793
51,15,2.0,3,-0.008257575757575757,12,0.004655877032689565
51,15,2.0,4,0.022575757575757582,3,0.0048039040047516265
51,15,2.0,5,0.05019886363636365,2,0.00681035818756721
51,15,2.0,6,0.0011742424242424255,9,0.006035030077761484
51,15,2.0,7,-0.01052083333333332,14,0.005360365361494695
51,15,2.0,8,-0.016344696969696947,15,0.0052554279217951975
51,15,2.0,9,7.575757575757902e-05,10,0.005000747476267501
51,15,2.0,10,-0.00875,13,0.004925191487796193
51,15,2.0,11,0.05144886363636363,1,0.0072901421935509855
51,15,2.0,12,-0.0006628787878787846,11,0.005313310179673969
51,15,2.0,13,0.006998106060606073,8,0.0067197211910456495
51,15,2.0,14,0.008475378787878778,7,0.00637736635205525
51,15,2.0,15,0.011619318181818196,6,0.004965117629154256
51,15,5.0,1,0.015738636363636385,6,0.004344636287256867
51,15,5.0,2,0.023948863636363636,3,0.006387972818739489
51,15,5.0,3,-0.00825757575757574,14,0.0035608095525345765
51,15,5.0,4,0.011543560606060614,8,0.004489629073674177
51,15,5.0,5,0.05190340909090909,2,0.0070227325719758715
51,15,5.0,6,0.010795454545454553,9,0.006012922025951647
51,15,5.0,7,-0.00637310606060606,13,0.004389893623788567
51,15,5.0,8,-0.025738636363636366,15,0.004000235390370753
51,15,5.0,9,0.005075757575757577,11,0.004882517719522466
51,15,5.0,10,-0.0033901515151514984,12,0.004213859377440904
51,15,5.0,11,0.05817234848484848,1,0.007269832212112949
51,15,5.0,12,0.006581439393939407,10,0.004871482637023026
51,15,5.0,13,0.02177083333333333,4,0.006810924365075843
51,15,5.0,14,0.012178030303030303,7,0.005883113853221204
51,15,5.0,15,0.016392045454545454,5,0.00462603555946313
51,15,10.0,1,0.005113636363636358,10,0.003723000253616665
51,15,10.0,2,0.029696969696969683,3,0.006484461277734842
51,15,10.0,3,-0.0064867424242424235,13,0.0027463223266811
51,15,10.0,4,0.004573863636363639,11,0.00433834207294236
51,15,10.0,5,0.051325757575757566,2,0.0070068334987726435
51,15,10.0,6,0.018532196969696962,5,0.005790892053729714
51,15,10.0,7,-0.009498106060606061,14,0.003643863965348917
51,15,10.0,8,-0.03417613636363636,15,0.0031044172655238446
51,15,10.0,9,0.00977272727272728,9,0.005296937110927092
51,15,10.0,10,-0.005681818181818197,12,0.003698980490481444
51,15,10.0,11,0.061439393939393946,1,0.007146707965572617
51,15,10.0,12,0.012859848484848507,7,0.005189414330307211
51,15,10.0,13,0.029640151515151508,4,0.0075924354771691694
51,15,10.0,14,0.011306818181818175,8,0.005396960006605731
51,15,10.0,15,0.012869318181818197,6,0.004560091156092275
51,15,No DP,1,0.017566287878787893,7,0.002732737810081282
51,15,No DP,2,0.033683712121212135,3,0.005255404630282607
51,15,No DP,3,-0.009602272727272727,14,0.001220968246289853
51,15,No DP,4,-0.0020738636363636224,12,0.0028744140105789536
51,15,No DP,5,0.04487689393939394,2,0.006616342415928805
51,15,No DP,6,0.024820075757575742,5,0.005156826845324618
51,15,No DP,7,-0.005189393939393942,13,0.002756494595330511
51,15,No DP,8,-0.0399715909090909,15,0.003146228829379783
51,15,No DP,9,0.011240530303030294,9,0.0024894914802608883
51,15,No DP,10,0.006657196969696958,11,0.002084428732341048
51,15,No DP,11,0.08297348484848488,1,0.007126911555072085
51,15,No DP,12,0.013731060606060583,8,0.0032308324593508186
51,15,No DP,13,0.030767045454545464,4,0.005377995817028634
51,15,No DP,14,0.0075662878787878755,10,0.002711724904122082
51,15,No DP,15,0.017803030303030307,6,0.0028912831892184336
52,15,0.5,1,-0.004479166666666654,11,0.005522138389203965
52,15,0.5,2,-0.0013257575757575756,9,0.00557875272094826
52,15,0.5,3,0.003143939393939397,5,0.005672006680145425
52,15,0.5,4,0.013295454545454534,3,0.005920354576600304
52,15,0.5,5,0.022708333333333348,1,0.006672851115174088
52,15,0.5,6,0.0028314393939393935,6,0.004337110770630542
52,15,0.5,7,0.01714015151515151,2,0.005962338096725164
52,15,0.5,8,-0.006344696969696985,13,0.006412565267801961
52,15,0.5,9,0.008342803030303023,4,0.006470758273229425
52,15,0.5,10,0.0019412878787878863,7,0.00589765816542976
52,15,0.5,11,-0.015303030303030292,15,0.0063783413703221966
52,15,0.5,12,-0.0008049242424242437,8,0.006363543004703889
52,15,0.5,13,-0.002736742424242415,10,0.006964637272773855
52,15,0.5,14,-0.005047348484848486,12,0.006158828463019822
52,15,0.5,15,-0.00968750000000001,14,0.006483968039189432
52,15,1.0,1,0.008248106060606048,6,0.004330775077085864
52,15,1.0,2,-0.0004261363636363602,8,0.005020500311161098
52,15,1.0,3,0.015426136363636362,5,0.004864757534295172
52,15,1.0,4,0.022575757575757572,3,0.005052289141955458
52,15,1.0,5,0.0453409090909091,1,0.00659913932321197
52,15,1.0,6,0.0018560606060606083,7,0.0037404205008816837
52,15,1.0,7,0.031051136363636374,2,0.005786958006615245
52,15,1.0,8,-0.010066287878787885,13,0.005837738384353782
52,15,1.0,9,0.0203787878787879,4,0.005559840949343949
52,15,1.0,10,-0.0009374999999999961,9,0.005247416976156915
52,15,1.0,11,-0.013986742424242436,14,0.005724505914752171
52,15,1.0,12,-0.003428030303030299,11,0.005739414201209795
52,15,1.0,13,-0.008049242424242433,12,0.006595322723257825
52,15,1.0,14,-0.0013541666666666645,10,0.005461975667769432
52,15,1.0,15,-0.023295454545454536,15,0.006267852144112777
52,15,2.0,1,0.022613636363636353,6,0.003646172258941324
52,15,2.0,2,0.00595643939393939,8,0.004395924622549014
52,15,2.0,3,0.030965909090909086,5,0.003969407356281414
52,15,2.0,4,0.034744318181818175,3,0.004823334073887735
52,15,2.0,5,0.06296401515151516,1,0.006960059715051788
52,15,2.0,6,0.0032291666666666606,9,0.0029031408322078072
52,15,2.0,7,0.04400568181818182,2,0.006490915421168539
52,15,2.0,8,-0.014886363636363642,14,0.004890474251726025
52,15,2.0,9,0.032045454545454544,4,0.004943176738648268
52,15,2.0,10,-0.0033428030303030453,10,0.004294681513967764
52,15,2.0,11,-0.008342803030303025,12,0.004659200521468667
52,15,2.0,12,-0.004630681818181816,11,0.004580180150487093
52,15,2.0,13,-0.012945075757575775,13,0.005705679929020024
52,15,2.0,14,0.009924242424242424,7,0.004534778339574334
52,15,2.0,15,-0.036581439393939395,15,0.005538706757711805
52,15,5.0,1,0.03456439393939394,6,0.0058379049751081935
52,15,5.0,2,0.01107954545454545,8,0.003851699567772194
52,15,5.0,3,0.04446969696969696,5,0.006616342754768427
52,15,5.0,4,0.04518939393939396,3,0.006051011581679232
52,15,5.0,5,0.057623106060606076,1,0.007658396046751288
52,15,5.0,6,0.006837121212121202,9,0.0022481539271409735
52,15,5.0,7,0.05096590909090909,2,0.008470403144179807
52,15,5.0,8,-0.017357954545454555,14,0.003115056926135498
52,15,5.0,9,0.04495265151515154,4,0.0069133387014921836
52,15,5.0,10,-0.0010416666666666586,11,0.003106825594081292
52,15,5.0,11,0.0019602272727272728,10,0.0029704449996658644
52,15,5.0,12,-0.008399621212121209,12,0.0026779879435486664
52,15,5.0,13,-0.016268939393939405,13,0.0035552723389089104
52,15,5.0,14,0.03173295454545457,7,0.005826942321877423
52,15,5.0,15,-0.04388257575757576,15,0.0060054936755599125
52,15,10.0,1,0.03815340909090909,7,0.007240749702899808
52,15,10.0,2,0.01440340909090907,8,0.004669132882590401
52,15,10.0,3,0.04232954545454544,5,0.007576343490600025
52,15,10.0,4,0.04221590909090911,6,0.006676494724961792
52,15,10.0,5,0.045482954545454535,4,0.007492588631783469
52,15,10.0,6,0.01030303030303029,10,0.003221347616096126
52,15,10.0,7,0.047992424242424246,1,0.008798972963823109
52,15,10.0,8,-0.014763257575757575,13,0.0019093640358225218
52,15,10.0,9,0.0459280303030303,2,0.00818810149971598
52,15,10.0,10,0.003285984848484849,11,0.0019499048868253266
52,15,10.0,11,0.011998106060606046,9,0.004346973703187684
52,15,10.0,12,-0.009109848484848488,12,0.0019393134822917925
52,15,10.0,13,-0.01478219696969696,14,0.002417496792390634
52,15,10.0,14,0.04555871212121211,3,0.008412927980273821
52,15,10.0,15,-0.04573863636363637,15,0.006709178387733461
52,15,No DP,1,0.03785037878787881,5,0.005423722210722874
52,15,No DP,2,0.016477272727272733,10,0.004486778000421779
52,15,No DP,3,0.033125,6,0.006191168528749429
52,15,No DP,4,0.03807765151515151,4,0.006179197430189113
52,15,No DP,5,0.040151515151515146,3,0.0063535103870091285
52,15,No DP,6,0.021903409090909085,8,0.0036903314320917827
52,15,No DP,7,0.025464015151515154,7,0.0070098774756932065
52,15,No DP,8,-0.008001893939393954,11,0.0025488573809237967
52,15,No DP,9,0.05584280303030302,1,0.007737217111564422
52,15,No DP,10,-0.008570075757575735,12,0.0014769312323821811
52,15,No DP,11,0.020132575757575745,9,0.004484351378188138
52,15,No DP,12,-0.016524621212121202,13,0.0015405293600186368
52,15,No DP,13,-0.02683712121212121,14,0.0029633107401906555
52,15,No DP,14,0.05235795454545454,2,0.007653006893569873
52,15,No DP,15,-0.02766098484848485,15,0.006366063849210119
53,15,0.5,1,0.0050378787878788,5,0.005717452650189815
53,15,0.5,2,-0.0025378787878787934,8,0.005927514136691664
53,15,0.5,3,-0.004299242424242431,10,0.004673991861930256
53,15,0.5,4,0.011174242424242418,2,0.005636466732928081
53,15,0.5,5,-0.00625946969696969,12,0.004883956988230984
53,15,0.5,6,-0.008607954545454554,14,0.0045158063822116025
53,15,0.5,7,-0.0020075757575757493,6,0.0038622964476930366
53,15,0.5,8,-0.007253787878787876,13,0.004822730262687219
53,15,0.5,9,0.01166666666666666,1,0.0058299330900715065
53,15,0.5,10,-0.01510416666666667,15,0.004648268545912516
53,15,0.5,11,-0.0024621212121212137,7,0.005398325325720382
53,15,0.5,12,0.008740530303030299,4,0.005161025767838896
53,15,0.5,13,0.009412878787878798,3,0.004346122969463991
53,15,0.5,14,-0.0046306818181818124,11,0.005504523881814068
53,15,0.5,15,-0.004232954545454539,9,0.004355472930549432
53,15,1.0,1,0.010407196969696976,4,0.005875891570563936
53,15,1.0,2,-0.0001893939393939448,9,0.006001681472567789
53,15,1.0,3,-0.007907196969696972,11,0.004852706920434811
53,15,1.0,4,0.009242424242424253,5,0.0053632290709509246
53,15,1.0,5,-0.011628787878787879,13,0.004842878950235072
53,15,1.0,6,-0.010104166666666666,12,0.004384235607174549
53,15,1.0,7,0.006240530303030314,6,0.003908727864241907
53,15,1.0,8,-0.012452651515151514,14,0.00484218071975445
53,15,1.0,9,0.02487689393939395,1,0.006205533031233757
53,15,1.0,10,-0.017329545454545462,15,0.004674664858004779
53,15,1.0,11,0.004640151515151516,7,0.005690184812177908
53,15,1.0,12,0.019365530303030308,3,0.005222181572504468
53,15,1.0,13,0.019507575757575765,2,0.004303557939535009
53,15,1.0,14,-0.0059185606060606155,10,0.005630280384914458
53,15,1.0,15,0.003446969696969686,8,0.0044443966473267805
53,15,2.0,1,0.0183996212121212,4,0.006672330677063604
53,15,2.0,2,0.00192234848484848,9,0.005928748126134839
53,15,2.0,3,-0.01149621212121211,12,0.004323474544141366
53,15,2.0,4,0.013049242424242428,6,0.005520087402178151
53,15,2.0,5,-0.015416666666666683,13,0.0046445186622753555
53,15,2.0,6,-0.006827651515151518,11,0.004220092549021001
53,15,2.0,7,0.013825757575757582,5,0.003986551226250893
53,15,2.0,8,-0.016865530303030316,15,0.00471818459690149
53,15,2.0,9,0.040018939393939384,1,0.0066913125380156134
53,15,2.0,10,-0.016117424242424253,14,0.004513658917289313
53,15,2.0,11,0.010738636363636367,7,0.00556294880103598
53,15,2.0,12,0.0341003787878788,2,0.006058852359318382
53,15,2.0,13,0.0268939393939394,3,0.0050551864351770955
53,15,2.0,14,-0.006117424242424231,10,0.0053950920600835785
53,15,2.0,15,0.006695075757575747,8,0.0041969725814657525
53,15,5.0,1,0.023248106060606073,4,0.007312830548967567
53,15,5.0,2,0.0159564393939394,7,0.006519050748591135
53,15,5.0,3,-0.016941287878787882,13,0.0031925351341554253
53,15,5.0,4,0.02140151515151515,5,0.0055376598534843755
53,15,5.0,5,-0.019119318181818175,14,0.0036191763317983934
53,15,5.0,6,-0.002945075757575777,11,0.0038989146001676953
53,15,5.0,7,0.018153409090909088,6,0.0036959744443619937
53,15,5.0,8,-0.021827651515151515,15,0.0034504897683642413
53,15,5.0,9,0.05168560606060607,1,0.007139035912766803
53,15,5.0,10,-0.00812500000000001,12,0.0038441646705705537
53,15,5.0,11,0.015681818181818172,8,0.005724387876739389
53,15,5.0,12,0.04882575757575756,2,0.0074385216539467796
53,15,5.0,13,0.03127840909090907,3,0.005781456762986663
53,15,5.0,14,0.0022632575757575678,10,0.00595155040662485
53,15,5.0,15,0.009024621212121185,9,0.004157929350652879
53,15,10.0,1,0.02743371212121213,5,0.007521413213662632
53,15,10.0,2,0.02568181818181819,6,0.007571687827306282
53,15,10.0,3,-0.023560606060606074,13,0.0027133046660380395
53,15,10.0,4,0.02748106060606061,4,0.005448458764621385
53,15,10.0,5,-0.024109848484848474,14,0.0024403326410062077
53,15,10.0,6,0.0030871212121212034,11,0.003305795665265275
53,15,10.0,7,0.018106060606060598,7,0.0032997859900831374
53,15,10.0,8,-0.030634469696969688,15,0.0026282930268998225
53,15,10.0,9,0.055113636363636385,1,0.007642684955030852
53,15,10.0,10,-0.004119318181818166,12,0.002690839846858114
53,15,10.0,11,0.01699810606060606,8,0.005741657355019496
53,15,10.0,12,0.050700757575757587,2,0.007515592291799528
53,15,10.0,13,0.030056818181818178,3,0.006197070123565748
53,15,10.0,14,0.008162878787878781,10,0.005963319844569882
53,15,10.0,15,0.008996212121212122,9,0.004369041511777442
53,15,No DP,1,0.033854166666666685,4,0.0062699746095495655
53,15,No DP,2,0.02836174242424244,5,0.006420278208336484
53,15,No DP,3,-0.014365530303030297,14,0.0040255915719685734
53,15,No DP,4,0.0174526515151515,9,0.00425728455864809
53,15,No DP,5,-0.028901515151515136,15,0.004469345453563355
53,15,No DP,6,0.021392045454545493,7,0.00304647952067122
53,15,No DP,7,0.014734848484848522,10,0.0033707950031362116
53,15,No DP,8,-0.0011931818181818265,12,0.001977449595886068
53,15,No DP,9,0.05255681818181819,1,0.00844209011968262
53,15,No DP,10,-0.006543560606060606,13,0.004366302497767273
53,15,No DP,11,0.035246212121212143,3,0.005805867736860313
53,15,No DP,12,0.03856060606060608,2,0.005402112785162672
53,15,No DP,13,0.02742424242424245,6,0.005887957547158011
53,15,No DP,14,0.00980113636363636,11,0.0046943223042254035
53,15,No DP,15,0.01972537878787878,8,0.003931351397490267
54,15,0.5,1,0.000946969696969695,7,0.00614502346767477
54,15,0.5,2,0.008267045454545464,3,0.006913136345866169
54,15,0.5,3,-0.005928030303030312,10,0.0059994939118326925
54,15,0.5,4,0.002812500000000007,5,0.0068696820649333384
54,15,0.5,5,-0.010189393939393937,13,0.007179893018085147
54,15,0.5,6,-0.014829545454545446,15,0.007036414604110948
54,15,0.5,7,0.006647727272727277,4,0.007034053427961043
54,15,0.5,8,-0.0013920454545454485,8,0.00744188600747135
54,15,0.5,9,-0.0036647727272727266,9,0.007313814933515539
54,15,0.5,10,-0.007433712121212126,11,0.006794392090666748
54,15,0.5,11,-0.007537878787878777,12,0.0072748591217319716
54,15,0.5,12,0.011865530303030315,2,0.006789455148208774
54,15,0.5,13,0.0010132575757575695,6,0.005839007088598607
54,15,0.5,14,-0.014687499999999989,14,0.007140220528060501
54,15,0.5,15,0.019905303030303023,1,0.007445723263009477
54,15,1.0,1,0.02000946969696969,2,0.005721415916069497
54,15,1.0,2,0.014810606060606064,4,0.007508012918043115
54,15,1.0,3,-0.0029545454545454406,10,0.006434675187283366
54,15,1.0,4,0.006212121212121212,6,0.007369740424263836
54,15,1.0,5,-0.01251893939393939,13,0.007427666910818124
54,15,1.0,6,-0.02119318181818184,14,0.007177490335091409
54,15,1.0,7,0.012083333333333343,5,0.007840658849029764
54,15,1.0,8,0.00030303030303029663,7,0.007906271266807926
54,15,1.0,9,-0.0005397727272727349,8,0.007880850625499727
54,15,1.0,10,-0.003390151515151517,11,0.007259449932378285
54,15,1.0,11,-0.009952651515151515,12,0.007517358897604742
54,15,1.0,12,0.015890151515151513,3,0.007505815630521763
54,15,1.0,13,-0.001107954545454538,9,0.0060532782256420125
54,15,1.0,14,-0.02175189393939395,15,0.007697115737232256
54,15,1.0,15,0.03440340909090908,1,0.007910536799200396
54,15,2.0,1,0.040189393939393935,2,0.00501603189082287
54,15,2.0,2,0.02293560606060603,3,0.007114832077114481
54,15,2.0,3,0.0013825757575757448,9,0.005637412015056403
54,15,2.0,4,0.01441287878787879,6,0.007624036269238549
54,15,2.0,5,-0.008702651515151521,13,0.006840238091169198
54,15,2.0,6,-0.02121212121212122,14,0.006274387109298965
54,15,2.0,7,0.020691287878787882,5,0.007653207028201802
54,15,2.0,8,-0.0013825757575757658,10,0.007583641967276204
54,15,2.0,9,0.011884469696969697,7,0.007054452330667736
54,15,2.0,10,0.0056628787878787975,8,0.006749814801646025
54,15,2.0,11,-0.007083333333333335,11,0.007058139139366126
54,15,2.0,12,0.02081439393939393,4,0.007390635662425794
54,15,2.0,13,-0.008219696969696978,12,0.005614993395049213
54,15,2.0,14,-0.027897727272727272,15,0.007200562550162109
54,15,2.0,15,0.04258522727272726,1,0.007609200037514849
54,15,5.0,1,0.03681818181818182,1,0.00473867799681345
54,15,5.0,2,0.02493371212121211,4,0.006800153129162753
54,15,5.0,3,0.0077178030303030306,9,0.004196654633966551
54,15,5.0,4,0.022376893939393926,6,0.00764792396926499
54,15,5.0,5,0.002907196969696972,11,0.005958287203750423
54,15,5.0,6,-0.013873106060606068,14,0.0044156086099141675
54,15,5.0,7,0.0350094696969697,2,0.007575123730586134
54,15,5.0,8,0.0019412878787878878,12,0.006522915000444116
54,15,5.0,9,0.01746212121212122,8,0.0064375181091331935
54,15,5.0,10,0.020160984848484848,7,0.006172430933715281
54,15,5.0,11,0.00527462121212122,10,0.006481760349005143
54,15,5.0,12,0.0293465909090909,3,0.007738735729923911
54,15,5.0,13,-0.004441287878787883,13,0.004082739787039503
54,15,5.0,14,-0.03820075757575759,15,0.005189345899467973
54,15,5.0,15,0.023967803030303044,5,0.006295328837105969
54,15,10.0,1,0.03696969696969698,2,0.004528216999715293
54,15,10.0,2,0.02318181818181818,5,0.006185756251771975
54,15,10.0,3,0.009346590909090903,10,0.0038678271009347067
54,15,10.0,4,0.02131628787878788,6,0.006803072681901311
54,15,10.0,5,0.00842803030303031,11,0.005929021059137585
54,15,10.0,6,-0.008570075757575757,14,0.00313944020780043
54,15,10.0,7,0.03988636363636365,1,0.0077473613654406095
54,15,10.0,8,-0.0007954545454545314,13,0.004576416017245564
54,15,10.0,9,0.01929924242424242,7,0.006014499394560757
54,15,10.0,10,0.02596590909090911,4,0.00663030529169052
54,15,10.0,11,0.010179924242424225,9,0.006481872688239486
54,15,10.0,12,0.028238636363636344,3,0.007404508356570691
54,15,10.0,13,-0.00026515151515152103,12,0.003260219593098748
54,15,10.0,14,-0.042206439393939386,15,0.00477534302944204
54,15,10.0,15,0.016524621212121202,8,0.005905377363008176
54,15,No DP,1,0.03625000000000001,5,0.005149026666114316
54,15,No DP,2,0.04221590909090909,3,0.005901303325544508
54,15,No DP,3,0.037613636363636356,4,0.005065979528990841
54,15,No DP,4,0.007736742424242443,10,0.0037118809591006516
54,15,No DP,5,0.016543560606060593,9,0.003458616868085985
54,15,No DP,6,-0.02403409090909091,15,0.00355505541321747
54,15,No DP,7,0.04243371212121214,2,0.0073496525426320234
54,15,No DP,8,-0.0164583333333333,13,0.0018738891337368908
54,15,No DP,9,0.04338068181818182,1,0.005332048161460261
54,15,No DP,10,0.027499999999999997,6,0.003940348077924918
54,15,No DP,11,-0.0032007575757575725,11,0.0014002207884572745
54,15,No DP,12,0.02453598484848488,7,0.00584761409593318
54,15,No DP,13,-0.011060606060606073,12,0.0016368545840400514
54,15,No DP,14,-0.020729166666666653,14,0.0027868562011591014
54,15,No DP,15,0.01981060606060607,8,0.006504995056601468
55,15,0.5,1,-0.0030397727272727377,10,0.006281304964833134
55,15,0.5,2,-0.023806818181818193,15,0.007139850337269921
55,15,0.5,3,0.0038920454545454453,6,0.005472434479666261
55,15,0.5,4,-0.01227272727272727,12,0.007236136447311773
55,15,0.5,5,-0.0013162878787878734,8,0.006485545053723859
55,15,0.5,6,0.0030965909090909065,7,0.006119210250940353
55,15,0.5,7,0.006354166666666669,3,0.006942796600577823
55,15,0.5,8,-0.013409090909090909,13,0.006999864204868063
55,15,0.5,9,-0.0103503787878788,11,0.006146617633921744
55,15,0.5,10,0.039981060606060596,1,0.006135042120607269
55,15,0.5,11,-0.0019412878787878785,9,0.006475865618360161
55,15,0.5,12,0.00440340909090909,5,0.006107071744401314
55,15,0.5,13,0.005151515151515152,4,0.005559677075400735
55,15,0.5,14,-0.020028409090909086,14,0.005883805150052997
55,15,0.5,15,0.008134469696969692,2,0.005995763071467321
55,15,1.0,1,-0.003996212121212122,10,0.006012692051670245
55,15,1.0,2,-0.018835227272727257,13,0.006232872177825604
55,15,1.0,3,0.010662878787878787,5,0.005027697832479587
55,15,1.0,4,-0.022272727272727274,15,0.007015537041896784
55,15,1.0,5,-0.004318181818181811,11,0.006128588883161135
55,15,1.0,6,0.010435606060606072,7,0.00603105930949349
55,15,1.0,7,0.0243560606060606,2,0.007215226544510808
55,15,1.0,8,-0.007642045454545455,12,0.006686373987466151
55,15,1.0,9,-9.469696969697571e-05,9,0.005224158121837042
55,15,1.0,10,0.06558712121212121,1,0.007026280574782416
55,15,1.0,11,6.628787878787568e-05,8,0.006095017350728529
55,15,1.0,12,0.010473484848484845,6,0.005643729976285629
55,15,1.0,13,0.015227272727272709,4,0.004743886827907716
55,15,1.0,14,-0.019715909090909096,14,0.005062762154669787
55,15,1.0,15,0.017717803030303018,3,0.00574644893678629
55,15,2.0,1,-0.0025662878787878784,10,0.005291201888847829
55,15,2.0,2,-0.01837121212121211,13,0.005340086305632801
55,15,2.0,3,0.01883522727272727,6,0.0049101067322252214
55,15,2.0,4,-0.03824810606060606,15,0.006278057645335219
55,15,2.0,5,-0.010179924242424239,12,0.005564321336835798
55,15,2.0,6,0.021524621212121217,5,0.006221855464026136
55,15,2.0,7,0.03732007575757575,2,0.0063593664511091535
55,15,2.0,8,-0.005047348484848482,11,0.0056732425023957355
55,15,2.0,9,0.01472537878787879,7,0.004260066616587855
55,15,2.0,10,0.07541666666666667,1,0.007283256168782627
55,15,2.0,11,0.0022253787878787775,9,0.005376075910827378
55,15,2.0,12,0.014242424242424261,8,0.004964414372972389
55,15,2.0,13,0.024204545454545454,3,0.003728158962452015
55,15,2.0,14,-0.02357954545454545,14,0.004016256905444746
55,15,2.0,15,0.023967803030303027,4,0.005635777716139708
55,15,5.0,1,0.010833333333333344,9,0.004430650908179983
55,15,5.0,2,0.0018560606060605978,12,0.0029618790104808924
55,15,5.0,3,0.024554924242424222,7,0.0053677439270668785
55,15,5.0,4,-0.04718750000000001,15,0.0053044176858049
55,15,5.0,5,-0.013115530303030302,13,0.004308667894378411
55,15,5.0,6,0.03386363636363635,3,0.006779854924247831
55,15,5.0,7,0.04109848484848486,2,0.007433694026227738
55,15,5.0,8,0.0036268939393939354,11,0.004134605797222687
55,15,5.0,9,0.02652462121212122,6,0.004787294668980273
55,15,5.0,10,0.06213068181818185,1,0.006970930687395578
55,15,5.0,11,0.006950757575757587,10,0.003952693259642207
55,15,5.0,12,0.02035984848484848,8,0.005525087372942635
55,15,5.0,13,0.02816287878787877,4,0.006188236777979634
55,15,5.0,14,-0.019839015151515153,14,0.002426844269903823
55,15,5.0,15,0.02756628787878787,5,0.006003696691186867
55,15,10.0,1,0.021893939393939386,7,0.00576204845211793
55,15,10.0,2,0.018740530303030287,10,0.004818639182093439
55,15,10.0,3,0.02010416666666668,9,0.005218444988144959
55,15,10.0,4,-0.048001893939393935,15,0.005184651653516183
55,15,10.0,5,-0.011164772727272733,13,0.002709137641483495
55,15,10.0,6,0.030994318181818192,3,0.006500984627669075
55,15,10.0,7,0.03599431818181819,2,0.007383297428364308
55,15,10.0,8,0.012187500000000004,12,0.0048587695540274105
55,15,10.0,9,0.028456439393939412,4,0.00570199031207497
55,15,10.0,10,0.048721590909090916,1,0.006463016150306709
55,15,10.0,11,0.014535984848484847,11,0.0035412456958935482
55,15,10.0,12,0.020833333333333336,8,0.00611168989610354
55,15,10.0,13,0.025085227272727294,6,0.006498399653220241
55,15,10.0,14,-0.01332386363636362,14,0.001593007668456367
55,15,10.0,15,0.026950757575757572,5,0.006083252846273086
55,15,No DP,1,0.008892045454545479,11,0.0029300379439163
55,15,No DP,2,0.0171780303030303,9,0.0044466659948692484
55,15,No DP,3,0.02048295454545454,8,0.004467703374580636
55,15,No DP,4,-0.1006344696969697,15,0.008328864751889575
55,15,No DP,5,-0.015123106060606068,13,0.0014347422218139237
55,15,No DP,6,0.041477272727272745,5,0.005870738617269965
55,15,No DP,7,0.0528787878787879,2,0.007398818171206705
55,15,No DP,8,-0.001212121212121189,12,0.002103512806516969
55,15,No DP,9,0.022935606060606056,7,0.0032602883570366074
55,15,No DP,10,0.07626893939393939,1,0.006869681608051824
55,15,No DP,11,0.011136363636363637,10,0.00270482528685589
55,15,No DP,12,0.025596590909090902,6,0.0053737748559696385
55,15,No DP,13,0.04294507575757576,4,0.005834799337996202
55,15,No DP,14,-0.028399621212121202,14,0.002263812020016679
55,15,No DP,15,0.04338068181818183,3,0.00449182565940999
56,15,0.5,1,-0.002386363636363632,5,0.003554846042148555
56,15,0.5,2,-0.007017045454545449,10,0.0038356620357765402
56,15,0.5,3,-0.0037973484848484902,7,0.004229139419466026
56,15,0.5,4,-0.006079545454545452,9,0.004083760677165775
56,15,0.5,5,-0.010842803030303019,13,0.004119859660510608
56,15,0.5,6,-0.013238636363636362,14,0.0041130978810736945
56,15,0.5,7,-0.00028409090909090664,3,0.003926705509186672
56,15,0.5,8,-0.003446969696969686,6,0.003861884072334936
56,15,0.5,9,-0.0007481060606060668,4,0.003700514646310038
56,15,0.5,10,-0.014374999999999988,15,0.0037314302424191724
56,15,0.5,11,-0.010785984848484854,12,0.0040654214216734276
56,15,0.5,12,-0.004876893939393946,8,0.004205491784542063
56,15,0.5,13,-0.010246212121212114,11,0.003741821794688354
56,15,0.5,14,0.0031628787878788013,2,0.0036600892083507213
56,15,0.5,15,0.0063636363636363664,1,0.004602722418484103
56,15,1.0,1,-0.00026515151515151214,4,0.003533810765472707
56,15,1.0,2,-0.010965909090909096,11,0.00386862747658277
56,15,1.0,3,-0.002357954545454544,7,0.004263456872251622
56,15,1.0,4,-0.0023768939393939365,8,0.003931635146926382
56,15,1.0,5,-0.01312499999999999,13,0.0039754915744752385
56,15,1.0,6,-0.014090909090909088,14,0.003982574028279379
56,15,1.0,7,0.0017897727272727353,3,0.0038559204882785227
56,15,1.0,8,-0.002159090909090911,6,0.0038775854847983926
56,15,1.0,9,-0.0008049242424242509,5,0.0037641866780593683
56,15,1.0,10,-0.016249999999999997,15,0.003533700122926325
56,15,1.0,11,-0.010018939393939394,10,0.003875991738223268
56,15,1.0,12,-0.008361742424242426,9,0.004337267080218743
56,15,1.0,13,-0.012329545454545449,12,0.0037237945515333397
56,15,1.0,14,0.007102272727272723,2,0.003719180536420423
56,15,1.0,15,0.014138257575757573,1,0.0045435455074148805
56,15,2.0,1,0.004384469696969698,4,0.003317521657338848
56,15,2.0,2,-0.020217803030303027,15,0.0036994744129079716
56,15,2.0,3,0.0007670454545454464,8,0.004107309974823115
56,15,2.0,4,0.0028882575757575813,6,0.003523500419189549
56,15,2.0,5,-0.017642045454545466,13,0.0036019136126879507
56,15,2.0,6,-0.014100378787878785,12,0.0037653424047321042
56,15,2.0,7,0.006780303030303018,3,0.0036343586644337544
56,15,2.0,8,0.002263257575757577,7,0.0037945702023856843
56,15,2.0,9,0.00361742424242424,5,0.003648092570368012
56,15,2.0,10,-0.01840909090909091,14,0.003484573646935629
56,15,2.0,11,-0.005994318181818178,9,0.0034703837390576025
56,15,2.0,12,-0.00873106060606061,10,0.0038738255981255
56,15,2.0,13,-0.012803030303030302,11,0.0031191255621196372
56,15,2.0,14,0.015795454545454543,2,0.0038882045303323455
56,15,2.0,15,0.023522727272727275,1,0.004145472093430428
56,15,5.0,1,0.013977272727272722,4,0.0031340868804040885
56,15,5.0,2,-0.031212121212121215,15,0.0036641467439692808
56,15,5.0,3,0.006022727272727284,7,0.0036760119528383576
56,15,5.0,4,0.007556818181818177,6,0.003190120953812581
56,15,5.0,5,-0.027395833333333328,14,0.0034606334817795284
56,15,5.0,6,-0.016571969696969696,11,0.003327638579854475
56,15,5.0,7,0.014829545454545448,3,0.003395575587237156
56,15,5.0,8,0.0032291666666666653,8,0.0035458444155220077
56,15,5.0,9,0.008361742424242419,5,0.0035122761381349175
56,15,5.0,10,-0.02337121212121213,13,0.0029477960495235722
56,15,5.0,11,-0.003087121212121204,9,0.0034867167052530304
56,15,5.0,12,-0.01516098484848484,10,0.0032667159199198464
56,15,5.0,13,-0.017660984848484856,12,0.0024401472448171827
56,15,5.0,14,0.03239583333333333,2,0.004700506042125107
56,15,5.0,15,0.03577651515151514,1,0.003798767021375559
56,15,10.0,1,0.018806818181818185,4,0.0030006844423164465
56,15,10.0,2,-0.0366003787878788,15,0.0036545025569982804
56,15,10.0,3,0.01128787878787878,7,0.0033775816572275
56,15,10.0,4,0.011306818181818175,6,0.0030000807065590366
56,15,10.0,5,-0.0316098484848485,14,0.0027025917897034097
56,15,10.0,6,-0.014147727272727267,10,0.0026332848674359244
56,15,10.0,7,0.022660984848484857,3,0.0034701304965614396
56,15,10.0,8,0.005748106060606042,8,0.0024009092161079715
56,15,10.0,9,0.014393939393939403,5,0.0036343162244350615
56,15,10.0,10,-0.02770833333333335,13,0.0034679943842741735
56,15,10.0,11,0.005388257575757548,9,0.003482987372552799
56,15,10.0,12,-0.022518939393939386,12,0.0030654209192336537
56,15,10.0,13,-0.021089015151515143,11,0.0019860578069786122
56,15,10.0,14,0.04236742424242422,2,0.004860263642840324
56,15,10.0,15,0.042547348484848466,1,0.003870552684116458
56,15,No DP,1,0.00925189393939393,9,0.003668327767325117
56,15,No DP,2,-0.009829545454545454,13,0.004332462017057623
56,15,No DP,3,0.05520833333333333,1,0.005034771697929856
56,15,No DP,4,0.017850378787878794,6,0.005175661557656261
56,15,No DP,5,-0.006032196969696975,12,0.0024147042102578924
56,15,No DP,6,0.024678030303030313,5,0.0037636731328719196
56,15,No DP,7,0.026941287878787867,4,0.004646281028071363
56,15,No DP,8,0.006695075757575762,10,0.0025493104911778197
56,15,No DP,9,0.04958333333333332,3,0.006462116216382309
56,15,No DP,10,0.0002462121212121221,11,0.002878090650216421
56,15,No DP,11,0.013124999999999996,7,0.0037196993805151727
56,15,No DP,12,-0.018314393939393946,15,0.0031339752882988056
56,15,No DP,13,-0.017111742424242425,14,0.003952852860192492
56,15,No DP,14,0.011316287878787877,8,0.0050264804517710275
56,15,No DP,15,0.05040719696969697,2,0.007476418474869842
57,15,0.5,1,-0.014412878787878773,14,0.005327840030490393
57,15,0.5,2,0.0054640151515151555,1,0.004529324580634272
57,15,0.5,3,-0.007850378787878788,11,0.004662213611535241
57,15,0.5,4,0.005274621212121219,2,0.004836749213733763
57,15,0.5,5,-0.017026515151515154,15,0.005219667076155768
57,15,0.5,6,-0.002443181818181821,8,0.0051652345583651175
57,15,0.5,7,0.005236742424242424,3,0.004596100717859881
57,15,0.5,8,-0.004346590909090908,10,0.00418783566610342
57,15,0.5,9,0.0009185606060606156,5,0.004637569918059683
57,15,0.5,10,-0.009659090909090902,12,0.004812879741854148
57,15,0.5,11,0.0007954545454545342,6,0.005114332865024525
57,15,0.5,12,-0.00995265151515151,13,0.005598769556847042
57,15,0.5,13,0.0007575757575757586,7,0.004387015345158861
57,15,0.5,14,0.0037594696969696795,4,0.0044646875618530755
57,15,0.5,15,-0.0029166666666666664,9,0.004670714897263068
57,15,1.0,1,-0.02104166666666667,14,0.00549564919688938
57,15,1.0,2,0.015994318181818176,2,0.0046226070415507515
57,15,1.0,3,-0.008200757575757585,10,0.004805611744749715
57,15,1.0,4,0.01946969696969696,1,0.005043648439135515
57,15,1.0,5,-0.021704545454545445,15,0.005594366129607789
57,15,1.0,6,-0.0013352272727272768,8,0.00519253967293396
57,15,1.0,7,0.015236742424242434,3,0.004663209850117492
57,15,1.0,8,-0.008342803030303044,11,0.004413055477507063
57,15,1.0,9,0.0014678030303030354,6,0.004645605464368131
57,15,1.0,10,-0.01719696969696969,13,0.004996747679614949
57,15,1.0,11,0.002537878787878781,5,0.005172845351344424
57,15,1.0,12,-0.011003787878787877,12,0.005550563822918865
57,15,1.0,13,0.00029356060606059386,7,0.004551225325900082
57,15,1.0,14,0.00735795454545455,4,0.004489172847846222
57,15,1.0,15,-0.0019412878787878746,9,0.00492308361583572
57,15,2.0,1,-0.026032196969696962,13,0.005647679876409255
57,15,2.0,2,0.03428030303030303,2,0.004932903222818515
57,15,2.0,3,-0.012339015151515144,10,0.004814713838375348
57,15,2.0,4,0.05402462121212122,1,0.005680924408869621
57,15,2.0,5,-0.03576704545454546,15,0.005648193672564568
57,15,2.0,6,0.002840909090909088,6,0.004920690006496724
57,15,2.0,7,0.03416666666666666,3,0.005108367094383738
57,15,2.0,8,-0.019157196969696987,12,0.0045208229194317094
57,15,2.0,9,0.0009469696969696945,7,0.0045964430280490826
57,15,2.0,10,-0.031221590909090925,14,0.005257114106636807
57,15,2.0,11,0.007462121212121213,5,0.005151084819370118
57,15,2.0,12,-0.014100378787878788,11,0.005736102660360929
57,15,2.0,13,0.0003977272727272746,9,0.00451445752051622
57,15,2.0,14,0.018996212121212136,4,0.004551346008362018
57,15,2.0,15,0.0006534090909091101,8,0.004830059668852106
57,15,5.0,1,-0.04071022727272729,13,0.0047673974983178605
57,15,5.0,2,0.0700094696969697,2,0.005114359779778238
57,15,5.0,3,-0.013854166666666674,10,0.004260493492810919
57,15,5.0,4,0.10285984848484844,1,0.006127776153055519
57,15,5.0,5,-0.054403409090909106,14,0.0049079964927367025
57,15,5.0,6,0.013731060606060597,6,0.004504978800543073
57,15,5.0,7,0.06128787878787879,3,0.0061838220441294955
57,15,5.0,8,-0.029176136363636373,12,0.004014362929099289
57,15,5.0,9,0.002926136363636343,7,0.004161758796003608
57,15,5.0,10,-0.058342803030303036,15,0.005709526739153824
57,15,5.0,11,0.01860795454545455,5,0.004366164480164364
57,15,5.0,12,-0.016543560606060607,11,0.0049456566536415945
57,15,5.0,13,0.0025757575757575724,8,0.0036561635429254364
57,15,5.0,14,0.030198863636363642,4,0.004748840972334316
57,15,5.0,15,0.0017424242424242487,9,0.0039723707164959505
57,15,10.0,1,-0.04360795454545454,13,0.004245876212452141
57,15,10.0,2,0.08765151515151513,2,0.006188841032757422
57,15,10.0,3,-0.013200757575757583,10,0.0033236294487127747
57,15,10.0,4,0.11837121212121214,1,0.006891298299454618
57,15,10.0,5,-0.0578503787878788,14,0.0038944085900777707
57,15,10.0,6,0.020331439393939377,6,0.004363926836101003
57,15,10.0,7,0.06744318181818182,3,0.006956658536755674
57,15,10.0,8,-0.03042613636363637,12,0.0034081347301735516
57,15,10.0,9,0.005473484848484844,7,0.0032431902460020876
57,15,10.0,10,-0.06778409090909092,15,0.005658477627411578
57,15,10.0,11,0.026581439393939393,5,0.0038586024238060996
57,15,10.0,12,-0.013929924242424244,11,0.00369952095336381
57,15,10.0,13,0.0045549242424242605,8,0.00281594763055413
57,15,10.0,14,0.027907196969696953,4,0.004738264960586254
57,15,10.0,15,0.0010606060606060703,9,0.0032910781633838913
57,15,No DP,1,-0.015284090909090903,14,0.0022412602233251103
57,15,No DP,2,0.03536931818181818,3,0.005929412399999101
57,15,No DP,3,0.00466856060606059,12,0.002022628627645126
57,15,No DP,4,0.07703598484848485,1,0.007669734054732817
57,15,No DP,5,0.005994318181818191,11,0.001866710277109494
57,15,No DP,6,0.007291666666666676,9,0.0037343399102074083
57,15,No DP,7,0.03529356060606061,4,0.006031250743420977
57,15,No DP,8,-0.02476325757575757,15,0.0029509731888685527
57,15,No DP,9,0.012765151515151509,8,0.003474578286967807
57,15,No DP,10,-0.006240530303030292,13,0.0022764763506374227
57,15,No DP,11,0.018229166666666675,7,0.0055344424466521784
57,15,No DP,12,0.006354166666666674,10,0.0010375517034645824
57,15,No DP,13,0.01914772727272726,6,0.0034823664374045707
57,15,No DP,14,0.04395833333333335,2,0.005657875373999001
57,15,No DP,15,0.02733901515151514,5,0.00437208135543026
58,15,0.5,1,-0.017339015151515164,15,0.00606568937801525
58,15,0.5,2,-0.016789772727272712,14,0.0064803019758387925
58,15,0.5,3,0.013948863636363652,1,0.00596383223530328
58,15,0.5,4,-0.0046780303030303,12,0.005828024505253765
58,15,0.5,5,0.0011837121212121126,8,0.00595834921145951
58,15,0.5,6,0.0028977272727272792,7,0.005725147601062227
58,15,0.5,7,-0.015160984848484858,13,0.006146854560411951
58,15,0.5,8,0.012821969696969695,2,0.006085021547230307
58,15,0.5,9,0.0007386363636363569,9,0.0062255977365596295
58,15,0.5,10,0.004971590909090909,5,0.005607809907640171
58,15,0.5,11,-0.00047348484848484194,11,0.0056003550895677165
58,15,0.5,12,0.004185606060606065,6,0.006499995861145111
58,15,0.5,13,0.005871212121212126,4,0.006009475964335998
58,15,0.5,14,0.00016098484848484752,10,0.005417511837406231
58,15,0.5,15,0.008607954545454558,3,0.006000846100213355
58,15,1.0,1,-0.012348484848484848,13,0.00599151132282904
58,15,1.0,2,-0.016145833333333335,15,0.006363373898244475
58,15,1.0,3,0.031609848484848484,1,0.006049287786114811
58,15,1.0,4,-0.0031534090909090813,12,0.00574116816774978
58,15,1.0,5,0.00929924242424243,7,0.005974386413296439
58,15,1.0,6,0.009554924242424238,6,0.005855108275866375
58,15,1.0,7,-0.015624999999999995,14,0.005975859006780234
58,15,1.0,8,0.028882575757575767,2,0.006402684748362565
58,15,1.0,9,0.016628787878787875,3,0.006081526393024548
58,15,1.0,10,0.0020928030303030325,9,0.005634896135505215
58,15,1.0,11,-0.0015246212121212133,10,0.005490381265159215
58,15,1.0,12,0.009725378787878793,5,0.006407226011341485
58,15,1.0,13,0.00421401515151515,8,0.00605833253698825
58,15,1.0,14,-0.003058712121212116,11,0.005403868366629932
58,15,1.0,15,0.015606060606060615,4,0.005803548887936933
58,15,2.0,1,-0.003285984848484841,12,0.005438318517998232
58,15,2.0,2,-0.013740530303030307,14,0.00563949665935527
58,15,2.0,3,0.04600378787878785,1,0.005561158539662386
58,15,2.0,4,-0.0030303030303030338,11,0.005382487790635969
58,15,2.0,5,0.015587121212121193,6,0.00535634087229094
58,15,2.0,6,0.01788825757575758,5,0.005052505236423216
58,15,2.0,7,-0.017225378787878793,15,0.005261466155572303
58,15,2.0,8,0.040198863636363644,2,0.005929971953656672
58,15,2.0,9,0.03208333333333334,3,0.005200774128733947
58,15,2.0,10,-0.0005681818181818183,9,0.004870978686852223
58,15,2.0,11,-0.0029356060606060635,10,0.004785758499761985
58,15,2.0,12,0.013399621212121203,7,0.005632668973138925
58,15,2.0,13,0.005359848484848492,8,0.005567106227284313
58,15,2.0,14,-0.007679924242424233,13,0.00495993212686531
58,15,2.0,15,0.01809659090909091,4,0.005115650820245737
58,15,5.0,1,0.012604166666666661,8,0.005272941135917749
58,15,5.0,2,0.0004166666666666602,12,0.004618811472823676
58,15,5.0,3,0.04612689393939395,1,0.005755072207264143
58,15,5.0,4,0.007395833333333327,10,0.004236876085827292
58,15,5.0,5,0.020596590909090908,5,0.00556838111308465
58,15,5.0,6,0.02362689393939394,4,0.0049619472666423865
58,15,5.0,7,-0.01026515151515151,14,0.004544936049973324
58,15,5.0,8,0.038532196969696945,2,0.006377005243221383
58,15,5.0,9,0.03360795454545453,3,0.00584594844059138
58,15,5.0,10,6.628787878788233e-05,13,0.0038161881284429593
58,15,5.0,11,0.0013352272727272874,11,0.0036102304074330746
58,15,5.0,12,0.009214015151515145,9,0.004643529517943281
58,15,5.0,13,0.014526515151515143,7,0.005146381201247059
58,15,5.0,14,-0.011789772727272739,15,0.00380581395524952
58,15,5.0,15,0.014763257575757568,6,0.004798214156872691
58,15,10.0,1,0.0212689393939394,7,0.006277879451127791
58,15,10.0,2,0.008494318181818176,10,0.004329577247921388
58,15,10.0,3,0.04171401515151514,1,0.005767587720811195
58,15,10.0,4,0.014867424242424243,8,0.0048738774136603425
58,15,10.0,5,0.02291666666666668,6,0.005851567820643964
58,15,10.0,6,0.024517045454545458,4,0.005201370949036751
58,15,10.0,7,-0.0042140151515151604,14,0.004220391732390232
58,15,10.0,8,0.03402462121212122,2,0.006166776239044959
58,15,10.0,9,0.02945075757575756,3,0.00605830478326057
58,15,10.0,10,0.002310606060606078,13,0.0028809152825124474
58,15,10.0,11,0.006070075757575761,11,0.0035875555469266534
58,15,10.0,12,0.003626893939393947,12,0.004105417922384482
58,15,10.0,13,0.022926136363636357,5,0.006369683034878472
58,15,10.0,14,-0.012821969696969667,15,0.003029605151646865
58,15,10.0,15,0.013068181818181819,9,0.004838338697307401
58,15,No DP,1,0.032215909090909094,5,0.006433360865871941
58,15,No DP,2,0.017339015151515157,8,0.003596433202017318
58,15,No DP,3,0.061155303030303046,1,0.00608767009980265
58,15,No DP,4,0.0175094696969697,6,0.004173236362530397
58,15,No DP,5,0.0006534090909090861,12,0.0027715877965264696
58,15,No DP,6,0.01735795454545455,7,0.003211332020287655
58,15,No DP,7,-0.008371212121212118,13,0.0016575876162946263
58,15,No DP,8,0.0443465909090909,2,0.006537686414683548
58,15,No DP,9,0.04418560606060606,3,0.00535444535725153
58,15,No DP,10,0.004365530303030313,11,0.0027211795030250502
58,15,No DP,11,0.007765151515151515,9,0.00198389586496628
58,15,No DP,12,-0.028560606060606068,15,0.00287138701794015
58,15,No DP,13,0.037575757575757575,4,0.0062229222896299455
58,15,No DP,14,-0.022566287878787863,14,0.0031165822979826348
58,15,No DP,15,0.005142045454545451,10,0.0025526149162457884
59,15,0.5,1,-0.0035321969696969695,10,0.005526294063094862
59,15,0.5,2,-0.013617424242424247,14,0.007074615087262354
59,15,0.5,3,-0.0014204545454545548,9,0.0061154669563242255
59,15,0.5,4,-0.00851325757575757,12,0.006674295832152254
59,15,0.5,5,-0.019365530303030298,15,0.006767042737937187
59,15,0.5,6,-0.00021780303030302151,8,0.005813018897101587
59,15,0.5,7,0.007452651515151512,1,0.0056910539677389035
59,15,0.5,8,0.005994318181818193,2,0.005725166945303473
59,15,0.5,9,0.001107954545454547,6,0.006142134150187943
59,15,0.5,10,0.0003409090909090956,7,0.006615293624148563
59,15,0.5,11,-0.004621212121212121,11,0.005970451012791518
59,15,0.5,12,0.004034090909090909,3,0.006370025483574346
59,15,0.5,13,-0.009450757575757569,13,0.006447423970481726
59,15,0.5,14,0.002518939393939403,5,0.006189940712004915
59,15,0.5,15,0.0033049242424242416,4,0.005898663448571296
59,15,1.0,1,0.0019696969696969767,8,0.005571670340927449
59,15,1.0,2,-0.011628787878787883,14,0.007425402854579726
59,15,1.0,3,-0.0017708333333333298,10,0.006349735886330969
59,15,1.0,4,-0.006950757575757583,12,0.0067832414383653655
59,15,1.0,5,-0.02916666666666667,15,0.006937585570580563
59,15,1.0,6,0.004043560606060607,7,0.005782114384540607
59,15,1.0,7,0.015227272727272726,2,0.005944325435095957
59,15,1.0,8,0.0070738636363636455,6,0.0060634974015763635
59,15,1.0,9,-0.0013068181818181829,9,0.006352392156138656
59,15,1.0,10,0.010416666666666668,4,0.006553345039735472
59,15,1.0,11,-0.004166666666666652,11,0.0061747652688086225
59,15,1.0,12,0.013030303030303033,3,0.00641152503207424
59,15,1.0,13,-0.00931818181818182,13,0.006734528914939221
59,15,1.0,14,0.020928030303030306,1,0.005864113193653394
59,15,1.0,15,0.008664772727272738,5,0.006177761693968394
59,15,2.0,1,0.009659090909090897,7,0.005101381218373106
59,15,2.0,2,-0.007348484848484834,13,0.00740768968747806
59,15,2.0,3,0.00022727272727272486,9,0.006074795770429934
59,15,2.0,4,-0.007386363636363633,14,0.006679218340841097
59,15,2.0,5,-0.044053030303030295,15,0.007200961811459702
59,15,2.0,6,0.009981060606060594,6,0.0055431212361212075
59,15,2.0,7,0.025246212121212124,3,0.0059329177378864015
59,15,2.0,8,0.006392045454545452,8,0.0059073359470229415
59,15,2.0,9,-0.00677083333333333,12,0.006289638065656737
59,15,2.0,10,0.021789772727272734,4,0.006207478387316863
59,15,2.0,11,-0.002140151515151529,10,0.006224229757241987
59,15,2.0,12,0.026761363636363642,2,0.005589506103735879
59,15,2.0,13,-0.0035321969696969725,11,0.006850654665463957
59,15,2.0,14,0.04821969696969696,1,0.005217565509085421
59,15,2.0,15,0.01575757575757575,5,0.006254898218337616
59,15,5.0,1,0.02342803030303029,6,0.004068061461314259
59,15,5.0,2,0.003721590909090908,8,0.004690574347658929
59,15,5.0,3,-0.00011363636363637242,11,0.004485464292795868
59,15,5.0,4,-0.01107007575757577,13,0.00526180701970917
59,15,5.0,5,-0.05891098484848485,15,0.006992142287541518
59,15,5.0,6,0.02045454545454544,7,0.004468854247726105
59,15,5.0,7,0.032954545454545466,4,0.004762400895912526
59,15,5.0,8,0.0007575757575757247,10,0.004581356792696185
59,15,5.0,9,-0.011732954545454546,14,0.005101273899866361
59,15,5.0,10,0.03683712121212121,3,0.004827474674888004
59,15,5.0,11,-0.010767045454545454,12,0.004977668633503598
59,15,5.0,12,0.04548295454545456,2,0.0044561430787590705
59,15,5.0,13,0.0027178030303030083,9,0.005316434206701427
59,15,5.0,14,0.07542613636363638,1,0.00719898016924726
59,15,5.0,15,0.02884469696969698,5,0.004591825106759316
59,15,10.0,1,0.02797348484848485,6,0.00413680371104984
59,15,10.0,2,9.469696969688357e-06,10,0.002390362172859108
59,15,10.0,3,0.002727272727272721,9,0.0026954650318327025
59,15,10.0,4,-0.01286931818181818,12,0.0030237291086329795
59,15,10.0,5,-0.05927083333333332,15,0.007087574374005486
59,15,10.0,6,0.025227272727272723,7,0.0032310550552369826
59,15,10.0,7,0.03252840909090908,5,0.004400309983882782
59,15,10.0,8,-0.0021212121212121427,11,0.0031032045257671894
59,15,10.0,9,-0.014621212121212115,13,0.003590434575795392
59,15,10.0,10,0.044365530303030275,3,0.005946854717451504
59,15,10.0,11,-0.014668560606060605,14,0.0031961733971218923
59,15,10.0,12,0.05461174242424243,2,0.005547821060470208
59,15,10.0,13,0.009706439393939401,8,0.0026318731008536074
59,15,10.0,14,0.06641098484848483,1,0.008079762271292057
59,15,10.0,15,0.035066287878787884,4,0.004871668188008752
59,15,No DP,1,0.016448863636363633,8,0.004413867406979738
59,15,No DP,2,0.010956439393939404,9,0.0034387716520466486
59,15,No DP,3,0.010852272727272716,10,0.0033727391630041714
59,15,No DP,4,0.006988636363636375,12,0.0021301884950782704
59,15,No DP,5,-0.04364583333333334,15,0.007053533458092687
59,15,No DP,6,0.01992424242424242,7,0.004670834700299366
59,15,No DP,7,0.020009469696969703,6,0.004255986822524889
59,15,No DP,8,0.003816287878787879,13,0.0035697983123042553
59,15,No DP,9,0.010568181818181812,11,0.002231423929875481
59,15,No DP,10,0.023390151515151517,5,0.006476310457053003
59,15,No DP,11,0.00047348484848484806,14,0.003083182675382631
59,15,No DP,12,0.06083333333333333,1,0.008308774072269747
59,15,No DP,13,0.04013257575757577,3,0.00458039326250098
59,15,No DP,14,0.05045454545454546,2,0.008009237485616848
59,15,No DP,15,0.02353219696969698,4,0.004290480805666211
60,15,0.5,1,0.0003314393939393923,10,0.007354161728180238
60,15,0.5,2,-0.009422348484848493,13,0.00923838102966639
60,15,0.5,3,0.007414772727272718,6,0.009302925956486538
60,15,0.5,4,0.007869318181818179,5,0.007766718418683765
60,15,0.5,5,0.023011363636363632,1,0.008547486133224109
60,15,0.5,6,0.0037121212121212156,9,0.007394986710941717
60,15,0.5,7,0.0042518939393939355,8,0.008688316612018533
60,15,0.5,8,0.011136363636363632,3,0.007972856359740706
60,15,0.5,9,-0.013986742424242414,14,0.00797576596562764
60,15,0.5,10,0.012926136363636351,2,0.007435869632382996
60,15,0.5,11,0.009971590909090897,4,0.006374399816338605
60,15,0.5,12,0.0068655303030303,7,0.008866290465992702
60,15,0.5,13,-0.0037689393939393852,11,0.008467772954271768
60,15,0.5,14,-0.0050473484848484775,12,0.008970847965908512
60,15,0.5,15,-0.01643939393939392,15,0.008214715359580928
60,15,1.0,1,-0.000681818181818189,11,0.007154405633765239
60,15,1.0,2,-0.009109848484848488,13,0.00901384615422102
60,15,1.0,3,0.005208333333333328,8,0.008742233246233064
60,15,1.0,4,0.01477272727272726,4,0.007003428338608971
60,15,1.0,5,0.039128787878787874,1,0.008094590174562453
60,15,1.0,6,0.003314393939393931,9,0.006956077406450209
60,15,1.0,7,0.011098484848484835,7,0.007932159608147558
60,15,1.0,8,0.013323863636363622,5,0.007542151491482123
60,15,1.0,9,-0.019479166666666686,15,0.0077801067990176526
60,15,1.0,10,0.01572916666666666,3,0.006947413929796187
60,15,1.0,11,0.01773674242424241,2,0.005500938003717321
60,15,1.0,12,0.012935606060606064,6,0.008655087731888927
60,15,1.0,13,-0.006060606060606068,12,0.008082984091884644
60,15,1.0,14,0.001657196969696968,10,0.008303421858423289
60,15,1.0,15,-0.018134469696969704,14,0.0076731707569178105
60,15,2.0,1,-0.005776515151515154,11,0.006516575943211707
60,15,2.0,2,-0.00621212121212121,12,0.008079403385643787
60,15,2.0,3,0.0013825757575757673,10,0.007972994703498243
60,15,2.0,4,0.027339015151515142,2,0.005439030817809986
60,15,2.0,5,0.06403409090909092,1,0.007725552439600394
60,15,2.0,6,0.003749999999999985,9,0.006374786182697799
60,15,2.0,7,0.018750000000000003,5,0.006116779213577879
60,15,2.0,8,0.014687499999999996,7,0.006862198708367444
60,15,2.0,9,-0.024337121212121213,15,0.007251457167691667
60,15,2.0,10,0.01809659090909091,6,0.006002202839593857
60,15,2.0,11,0.02186553030303031,3,0.004110417827307608
60,15,2.0,12,0.020842803030303038,4,0.007622800142083022
60,15,2.0,13,-0.007414772727272741,13,0.007208934619084092
60,15,2.0,14,0.009791666666666664,8,0.006992487595743731
60,15,2.0,15,-0.020435606060606064,14,0.006785289716508833
60,15,5.0,1,-0.012054924242424244,13,0.0053640940294117255
60,15,5.0,2,-0.0044507575757575454,10,0.005228413426811433
60,15,5.0,3,-0.007007575757575764,12,0.0061197545753814125
60,15,5.0,4,0.037320075757575746,2,0.006094043869912513
60,15,5.0,5,0.07584280303030305,1,0.008718604461463556
60,15,5.0,6,0.0063162878787878796,9,0.005512779922549104
60,15,5.0,7,0.029128787878787872,4,0.004665132969394378
60,15,5.0,8,0.017263257575757588,7,0.004691579855210973
60,15,5.0,9,-0.029270833333333326,15,0.006704479848484868
60,15,5.0,10,0.01739583333333332,6,0.004404369294950894
60,15,5.0,11,0.013740530303030307,8,0.0032990579991855782
60,15,5.0,12,0.03535037878787878,3,0.0062602655450377685
60,15,5.0,13,-0.006174242424242431,11,0.006161047436081131
60,15,5.0,14,0.024564393939393935,5,0.004423713370583367
60,15,5.0,15,-0.013304924242424243,14,0.003550830163566481
60,15,10.0,1,-0.01612689393939393,14,0.004116965433129437
60,15,10.0,2,0.0046969696969696864,10,0.0029339535916039898
60,15,10.0,3,-0.009905303030303033,13,0.004699325457011706
60,15,10.0,4,0.0409375,3,0.007187367185960985
60,15,10.0,5,0.06969696969696969,1,0.008779588892965125
60,15,10.0,6,0.010785984848484843,8,0.005300575984406934
60,15,10.0,7,0.031089015151515156,5,0.005609851282276838
60,15,10.0,8,0.023674242424242417,6,0.004359126885232989
60,15,10.0,9,-0.02912878787878789,15,0.006515180694966369
60,15,10.0,10,0.014886363636363626,7,0.0035110510305096628
60,15,10.0,11,0.007253787878787879,9,0.0035016685851084937
60,15,10.0,12,0.0415530303030303,2,0.006587633067746087
60,15,10.0,13,-0.001174242424242412,11,0.00455708187730432
60,15,10.0,14,0.031174242424242413,4,0.005099564673573938
60,15,10.0,15,-0.005397727272727252,12,0.0017278239999471555
60,15,No DP,1,-0.02033143939393938,13,0.002609187824580112
60,15,No DP,2,0.026070075757575736,7,0.0051944452404912664
60,15,No DP,3,-0.04230113636363636,15,0.002991166995909349
60,15,No DP,4,0.027613636363636403,6,0.006704461457272147
60,15,No DP,5,0.08295454545454545,1,0.008670064827017338
60,15,No DP,6,0.013721590909090904,10,0.0045118807229486075
60,15,No DP,7,0.03180871212121214,4,0.00596443727335408
60,15,No DP,8,0.023039772727272714,8,0.003371266784328704
60,15,No DP,9,-0.03445075757575757,14,0.005048525930091317
60,15,No DP,10,0.028276515151515164,5,0.005258283549313998
60,15,No DP,11,-0.0029450757575757614,12,0.0031165776942099965
60,15,No DP,12,0.03969696969696969,2,0.00605823343709441
60,15,No DP,13,0.015937500000000014,9,0.0030012233681294583
60,15,No DP,14,0.037329545454545456,3,0.005289640495694531
60,15,No DP,15,0.013162878787878786,11,0.002001782844312819
61,15,0.5,1,-0.007490530303030305,15,0.003971001888193953
61,15,0.5,2,0.016590909090909104,1,0.00509505743908954
61,15,0.5,3,0.010984848484848481,3,0.0052123262930936064
61,15,0.5,4,0.00856060606060606,4,0.004619580250868565
61,15,0.5,5,-0.002244318181818194,13,0.00451456627457778
61,15,0.5,6,0.015435606060606065,2,0.004633314768602443
61,15,0.5,7,-0.002178030303030299,12,0.004723879339435389
61,15,0.5,8,0.007130681818181819,5,0.00500622773811985
61,15,0.5,9,-0.00523674242424242,14,0.00466519707573563
61,15,0.5,10,0.0008901515151515071,10,0.005154487848292108
61,15,0.5,11,0.002083333333333338,9,0.004929466197769237
61,15,0.5,12,0.005416666666666664,7,0.004707745916451518
61,15,0.5,13,0.005274621212121204,8,0.005331990306726577
61,15,0.5,14,0.0005113636363636143,11,0.004534618950417124
61,15,0.5,15,0.005823863636363633,6,0.004841310221175267
61,15,1.0,1,-0.006837121212121207,15,0.0038130221382959477
61,15,1.0,2,0.02415719696969699,1,0.005391884380809882
61,15,1.0,3,0.015748106060606042,3,0.005254489951533738
61,15,1.0,4,0.011013257575757556,6,0.00449563638341756
61,15,1.0,5,-0.0019412878787878984,12,0.0044748777234924425
61,15,1.0,6,0.01972537878787881,2,0.00457655974477655
61,15,1.0,7,-0.005738636363636375,14,0.004300114632523957
61,15,1.0,8,0.011183712121212129,5,0.005008560147565282
61,15,1.0,9,-0.00545454545454545,13,0.0043750844475648875
61,15,1.0,10,0.0029261363636363625,10,0.0050509999264333446
61,15,1.0,11,0.0036363636363636463,9,0.004843224093165705
61,15,1.0,12,0.013257575757575767,4,0.004764264683579893
61,15,1.0,13,0.004678030303030303,8,0.0051929839246825146
61,15,1.0,14,0.0017424242424242354,11,0.004447244745249646
61,15,1.0,15,0.005653409090909096,7,0.0046028855862988655
61,15,2.0,1,-0.006751893939393943,14,0.003223361745637497
61,15,2.0,2,0.03053030303030302,1,0.0055318776297196654
61,15,2.0,3,0.021827651515151515,3,0.00521953641875505
61,15,2.0,4,0.007007575757575756,7,0.004300514596186254
61,15,2.0,5,0.0001420454545454519,12,0.004172223717683622
61,15,2.0,6,0.02493371212121214,2,0.0045197556152482355
61,15,2.0,7,-0.010795454545454568,15,0.003955999203067918
61,15,2.0,8,0.014015151515151513,5,0.004777121894513613
61,15,2.0,9,-0.006193181818181816,13,0.003781633582719058
61,15,2.0,10,0.006136363636363635,9,0.004936891533569807
61,15,2.0,11,0.01014204545454547,6,0.0046547831888849285
61,15,2.0,12,0.01903409090909092,4,0.004605749481742087
61,15,2.0,13,0.0034280303030302926,10,0.005186589944181218
61,15,2.0,14,0.006657196969696962,8,0.004136349219331909
61,15,2.0,15,0.0010984848484848618,11,0.0041730048212089196
61,15,5.0,1,-0.0026136363636363657,13,0.002614703888268066
61,15,5.0,2,0.015331439393939399,4,0.004166423352916471
61,15,5.0,3,0.03391098484848484,1,0.0053942987350246215
61,15,5.0,4,0.005984848484848482,9,0.0034063772869874455
61,15,5.0,5,-0.0019412878787878817,12,0.0038133935891094977
61,15,5.0,6,0.014810606060606062,5,0.0039202148221248005
61,15,5.0,7,-0.014744318181818197,15,0.003237978817485719
61,15,5.0,8,0.014242424242424246,6,0.004987194489171154
61,15,5.0,9,-0.003001893939393935,14,0.0028811560422423786
61,15,5.0,10,0.011799242424242427,8,0.005163276527621649
61,15,5.0,11,0.019441287878787877,3,0.005246048962975399
61,15,5.0,12,0.028096590909090908,2,0.005308980276122395
61,15,5.0,13,0.0032291666666666575,10,0.005228732349326022
61,15,5.0,14,0.013125000000000013,7,0.004208766735040283
61,15,5.0,15,-0.0013068181818181846,11,0.0036213582249909814
61,15,10.0,1,-0.0003314393939394078,11,0.002469844203119632
61,15,10.0,2,0.01357954545454546,5,0.004003772200450938
61,15,10.0,3,0.03890151515151518,1,0.005470906779870338
61,15,10.0,4,0.005577651515151521,9,0.0034449892068942035
61,15,10.0,5,-0.0036458333333333217,13,0.003479553139774384
61,15,10.0,6,0.013361742424242427,6,0.0037618875087210347
61,15,10.0,7,-0.018314393939393936,15,0.003059524706773758
61,15,10.0,8,0.011685606060606056,7,0.004726227378714191
61,15,10.0,9,-0.0034090909090909037,12,0.002528994229193648
61,15,10.0,10,0.01001893939393939,8,0.005488311221207817
61,15,10.0,11,0.025407196969696972,3,0.006047735134480482
61,15,10.0,12,0.032443181818181836,2,0.005750556738827456
61,15,10.0,13,-0.004138257575757587,14,0.004784487056674831
61,15,10.0,14,0.01678977272727273,4,0.004822425957817234
61,15,10.0,15,0.00033143939393939114,10,0.0034396613071472114
61,15,No DP,1,0.017585227272727263,7,0.0016635567899740543
61,15,No DP,2,0.033873106060606055,4,0.003974856205816945
61,15,No DP,3,0.0377840909090909,2,0.0046616020117675955
61,15,No DP,4,-0.004981060606060612,14,0.002123984423499199
61,15,No DP,5,-0.0037689393939393865,13,0.0012935051454458025
61,15,No DP,6,0.024071969696969717,6,0.003727289568667297
61,15,No DP,7,-0.022490530303030304,15,0.002969422015670903
61,15,No DP,8,0.014952651515151523,8,0.0036325711905918156
61,15,No DP,9,-0.0031912878787878785,12,0.0023299170912602146
61,15,No DP,10,0.014630681818181803,9,0.003937785925273886
61,15,No DP,11,0.027272727272727268,5,0.005317519437728012
61,15,No DP,12,0.03955492424242423,1,0.005405975473000305
61,15,No DP,13,0.0036363636363636407,10,0.0022178798540119253
61,15,No DP,14,0.03452651515151516,3,0.0048599093769066005
61,15,No DP,15,0.0015056818181818266,11,0.003510693823818628
42,20,0.5,1,-0.00047348484848484806,9,0.003886027198356135
42,20,0.5,2,-0.005331439393939385,18,0.0040382824068770674
42,20,0.5,3,-0.004195075757575762,15,0.00430641703360206
42,20,0.5,4,0.003977272727272735,4,0.0038707552879356398
42,20,0.5,5,0.0009090909090909066,6,0.004465279339770973
42,20,0.5,6,0.005729166666666681,2,0.004970704737038483
42,20,0.5,7,0.0006155303030303127,7,0.004449535917927715
42,20,0.5,8,-6.628787878787512e-05,8,0.00397339852345059
42,20,0.5,9,-0.0007102272727272668,10,0.0050088408803653
42,20,0.5,10,0.00157196969696971,5,0.004429495069057467
42,20,0.5,11,-0.0016287878787878745,12,0.004352911411058724
42,20,0.5,12,0.008134469696969696,1,0.004205784330687954
42,20,0.5,13,-0.010672348484848495,20,0.004584073925108634
42,20,0.5,14,-0.005132575757575741,16,0.005421253554286338
42,20,0.5,15,-0.000890151515151521,11,0.0046876017742241965
42,20,0.5,16,-0.0026041666666666657,14,0.004999414835334678
42,20,0.5,17,-0.007102272727272734,19,0.004708649106283724
42,20,0.5,18,-0.005284090909090901,17,0.005557335537565558
42,20,0.5,19,0.004337121212121211,3,0.004659344582278664
42,20,0.5,20,-0.0020170454545454424,13,0.004511645392792958
42,20,1.0,1,-0.0052935606060605985,17,0.0037986139308774564
42,20,1.0,2,-0.002774621212121211,12,0.003962324339156927
42,20,1.0,3,-0.0032670454545454574,13,0.004391170574035263
42,20,1.0,4,0.0032481060606060572,4,0.0038335610624878834
42,20,1.0,5,-0.0004450757575757597,9,0.004487846253661
42,20,1.0,6,0.01591856060606062,1,0.0054978861132792736
42,20,1.0,7,-0.007566287878787873,18,0.004367399089752534
42,20,1.0,8,0.0009659090909090995,5,0.003960258068370039
42,20,1.0,9,-0.0005397727272727271,10,0.005120668127570444
42,20,1.0,10,0.0008901515151515227,6,0.004493305253052305
42,20,1.0,11,-0.00493371212121211,16,0.004302501247052512
42,20,1.0,12,0.00912878787878788,2,0.004068191517115011
42,20,1.0,13,-0.016107954545454536,20,0.004590517921847792
42,20,1.0,14,0.0004545454545454619,7,0.005526580056527918
42,20,1.0,15,0.0002083333333333426,8,0.004781035712591787
42,20,1.0,16,-0.00475378787878788,15,0.005065251947331436
42,20,1.0,17,-0.010937499999999996,19,0.004756604844925532
42,20,1.0,18,-0.0020170454545454493,11,0.0057284177290345415
42,20,1.0,19,0.00855113636363638,3,0.004732356446469769
42,20,1.0,20,-0.004403409090909086,14,0.004475939701028475
42,20,2.0,1,-0.011401515151515142,16,0.0038439486508649776
42,20,2.0,2,0.002320075757575747,8,0.004023593340222348
42,20,2.0,3,-0.002433712121212124,12,0.00440641708518822
42,20,2.0,4,0.004498106060606058,6,0.004024841237301143
42,20,2.0,5,-0.0027178030303030244,13,0.0044996439755283155
42,20,2.0,6,0.035852272727272726,1,0.006783397433804796
42,20,2.0,7,-0.022102272727272724,19,0.0044744337221416484
42,20,2.0,8,-0.0002178030303030254,9,0.003946259292165
42,20,2.0,9,-0.0014867424242424165,11,0.005340678304034776
42,20,2.0,10,-0.0002746212121212066,10,0.004242345926461931
42,20,2.0,11,-0.012064393939393944,17,0.004262134189592325
42,20,2.0,12,0.012566287878787885,3,0.004128089646791169
42,20,2.0,13,-0.026410984848484843,20,0.0046719476273181385
42,20,2.0,14,0.009829545454545438,4,0.0057071370853496554
42,20,2.0,15,0.0024715909090909038,7,0.004928827538260685
42,20,2.0,16,-0.008513257575757587,14,0.005134453541522486
42,20,2.0,17,-0.017954545454545456,18,0.004721133925666284
42,20,2.0,18,0.006846590909090912,5,0.006382995206408904
42,20,2.0,19,0.0181155303030303,2,0.004984689724577642
42,20,2.0,20,-0.010596590909090913,15,0.004675589302259608
42,20,5.0,1,-0.020606060606060597,15,0.003761153828565164
42,20,5.0,2,0.014450757575757579,6,0.0041876755990209475
42,20,5.0,3,0.0013541666666666552,10,0.004166220168053262
42,20,5.0,4,0.004081439393939397,9,0.003397805790071126
42,20,5.0,5,-0.007566287878787883,13,0.003985932469188672
42,20,5.0,6,0.06572916666666667,1,0.00819569415338442
42,20,5.0,7,-0.047831439393939384,19,0.005318775580225925
42,20,5.0,8,0.004393939393939377,8,0.00419304494589238
42,20,5.0,9,-0.0015719696969697,11,0.005227688210870408
42,20,5.0,10,-0.0065056818181818184,12,0.003940751673622249
42,20,5.0,11,-0.026609848484848497,17,0.004140813821127397
42,20,5.0,12,0.01695075757575758,5,0.004429480492628114
42,20,5.0,13,-0.05046401515151516,20,0.004815623408774822
42,20,5.0,14,0.04051136363636363,2,0.005589200627422608
42,20,5.0,15,0.01017045454545454,7,0.004934404941758127
42,20,5.0,16,-0.012405303030303025,14,0.004914261811477357
42,20,5.0,17,-0.03118371212121213,18,0.004508515765717386
42,20,5.0,18,0.028674242424242432,4,0.006759865825950134
42,20,5.0,19,0.030198863636363635,3,0.00496345645853601
42,20,5.0,20,-0.025028409090909084,16,0.004748319001250625
42,20,10.0,1,-0.029857954545454563,15,0.0034005958708778804
42,20,10.0,2,0.0215625,5,0.0035866245686321046
42,20,10.0,3,0.007215909090909085,9,0.003537658260760433
42,20,10.0,4,0.005445075757575753,10,0.0024830612668625624
42,20,10.0,5,-0.014261363636363635,13,0.0033134690267914027
42,20,10.0,6,0.07763257575757573,1,0.007941592764204228
42,20,10.0,7,-0.07041666666666666,20,0.006449865038166315
42,20,10.0,8,0.007916666666666678,8,0.003224164681009068
42,20,10.0,9,-0.0018750000000000127,11,0.003666717047456282
42,20,10.0,10,-0.007736742424242415,12,0.0028333249460558902
42,20,10.0,11,-0.03659090909090909,18,0.003970017733686477
42,20,10.0,12,0.017679924242424233,6,0.0038201526364689377
42,20,10.0,13,-0.060539772727272734,19,0.004070169065409567
42,20,10.0,14,0.06272727272727273,2,0.005685038859923738
42,20,10.0,15,0.017642045454545462,7,0.004110953607004303
42,20,10.0,16,-0.01722537878787879,14,0.00364010261433272
42,20,10.0,17,-0.03580492424242424,17,0.004135270292529259
42,20,10.0,18,0.048645833333333346,3,0.006336800476745516
42,20,10.0,19,0.034839015151515156,4,0.004507084241568442
42,20,10.0,20,-0.03552083333333334,16,0.0040515807155329965
42,20,No DP,1,-0.0007007575757575773,14,0.0018955305815841767
42,20,No DP,2,0.02190340909090909,7,0.003272562179083307
42,20,No DP,3,0.01105113636363636,11,0.0037948575626420436
42,20,No DP,4,0.009308712121212124,12,0.0026483698539086793
42,20,No DP,5,0.004384469696969696,13,0.0019811210355665495
42,20,No DP,6,0.05715909090909092,2,0.007859306753875635
42,20,No DP,7,-0.047149621212121205,19,0.006054318693594395
42,20,No DP,8,0.02270833333333333,6,0.003859432594985194
42,20,No DP,9,0.011354166666666665,10,0.001884897688188412
42,20,No DP,10,-0.0036363636363636355,15,0.0025708690799002487
42,20,No DP,11,-0.006638257575757572,17,0.002829157988105256
42,20,No DP,12,0.04184659090909091,4,0.005470726718704809
42,20,No DP,13,-0.05956439393939395,20,0.004311770476350224
42,20,No DP,14,0.07502840909090909,1,0.006558978391216425
42,20,No DP,15,0.01909090909090909,8,0.0049719916865876585
42,20,No DP,16,-0.00401515151515151,16,0.0011934914220738334
42,20,No DP,17,-0.013693181818181816,18,0.0024988310800310065
42,20,No DP,18,0.04890151515151512,3,0.006945266078574951
42,20,No DP,19,0.015274621212121215,9,0.003986003561958785
42,20,No DP,20,0.035075757575757566,5,0.0050678173137483976
43,20,0.5,1,0.006250000000000009,4,0.005456271428315222
43,20,0.5,2,-0.009734848484848483,18,0.00654075856552499
43,20,0.5,3,-0.00418560606060606,14,0.005752498820730595
43,20,0.5,4,-0.008532196969696985,17,0.00652092292765794
43,20,0.5,5,-0.005445075757575759,16,0.006101709795127549
43,20,0.5,6,-0.0047253787878787775,15,0.005627430588400114
43,20,0.5,7,0.006666666666666665,3,0.00501185749645162
43,20,0.5,8,0.0022727272727272787,8,0.005825164612018841
43,20,0.5,9,0.01184659090909091,1,0.005116800630839985
43,20,0.5,10,0.003920454545454555,7,0.005776049720444647
43,20,0.5,11,-0.0021212121212121145,12,0.004129159699688063
43,20,0.5,12,-0.0011268939393939486,9,0.005317328785699816
43,20,0.5,13,-0.0027746212121212105,13,0.007023761188948728
43,20,0.5,14,-0.011846590909090918,20,0.005317156762965864
43,20,0.5,15,0.007840909090909091,2,0.006271143071434894
43,20,0.5,16,0.005625000000000002,5,0.005452158108129499
43,20,0.5,17,-0.0018371212121212127,11,0.006837315587348657
43,20,0.5,18,-0.010596590909090915,19,0.006804208838133659
43,20,0.5,19,0.004678030303030308,6,0.006467433105353487
43,20,0.5,20,-0.001325757575757578,10,0.005783233177457786
43,20,1.0,1,0.006240530303030302,6,0.005556333621407662
43,20,1.0,2,-0.009630681818181823,17,0.006694949248193969
43,20,1.0,3,-0.003295454545454537,14,0.005679568367704922
43,20,1.0,4,-0.010625,18,0.006420169330842064
43,20,1.0,5,-0.004507575757575761,16,0.005987247193832495
43,20,1.0,6,-0.003977272727272715,15,0.005496455547728396
43,20,1.0,7,0.010331439393939401,3,0.004895313021850445
43,20,1.0,8,0.004176136363636361,9,0.005706073464692658
43,20,1.0,9,0.014242424242424254,1,0.005547770385996453
43,20,1.0,10,0.004763257575757559,8,0.0058478956460300486
43,20,1.0,11,-0.0011079545454545391,11,0.004154468521179187
43,20,1.0,12,-0.002660984848484845,13,0.005346508975289723
43,20,1.0,13,-0.001051136363636358,10,0.0069663366688479155
43,20,1.0,14,-0.016751893939393938,20,0.005321475884967933
43,20,1.0,15,0.009820075757575758,5,0.006387458441131229
43,20,1.0,16,0.011278409090909079,2,0.005388450544422349
43,20,1.0,17,-0.001373106060606063,12,0.007028306444360399
43,20,1.0,18,-0.01246212121212122,19,0.006819243393788507
43,20,1.0,19,0.009820075757575762,4,0.006916038804002199
43,20,1.0,20,0.005293560606060605,7,0.005663006975720518
43,20,2.0,1,0.007537878787878792,7,0.005714268445385817
43,20,2.0,2,-0.006638257575757574,16,0.0065345780313592105
43,20,2.0,3,-0.003125000000000009,13,0.005474688907619849
43,20,2.0,4,-0.012765151515151509,18,0.006290338146275633
43,20,2.0,5,-0.003702651515151521,14,0.005735558589973184
43,20,2.0,6,-0.004649621212121207,15,0.0051454379922805
43,20,2.0,7,0.015681818181818182,4,0.005028049193877423
43,20,2.0,8,0.007083333333333325,8,0.005520345695497354
43,20,2.0,9,0.017140151515151514,3,0.006065183818016311
43,20,2.0,10,0.006818181818181807,9,0.005678929189770219
43,20,2.0,11,-0.00028409090909091715,11,0.004046021534861145
43,20,2.0,12,-0.008106060606060606,17,0.005213295157170362
43,20,2.0,13,0.002395833333333333,10,0.006423616687449495
43,20,2.0,14,-0.026467803030303032,20,0.005348448884305859
43,20,2.0,15,0.01137310606060606,6,0.006492891287765106
43,20,2.0,16,0.018683712121212122,1,0.00522685849739393
43,20,2.0,17,-0.0009375000000000017,12,0.0065771186356537075
43,20,2.0,18,-0.01557765151515152,19,0.006544422209534316
43,20,2.0,19,0.017518939393939382,2,0.007004996710092175
43,20,2.0,20,0.01495265151515151,5,0.005025033732023847
43,20,5.0,1,0.008276515151515132,10,0.005848634190568532
43,20,5.0,2,0.0016477272727272712,11,0.005833804032071948
43,20,5.0,3,-0.002310606060606072,15,0.0050438440133621755
43,20,5.0,4,-0.019441287878787895,18,0.005293983337460287
43,20,5.0,5,-0.001231060606060591,13,0.005082440266693621
43,20,5.0,6,-0.00017045454545454474,12,0.004329078572482941
43,20,5.0,7,0.02571969696969697,3,0.004594251958264227
43,20,5.0,8,0.01458333333333333,8,0.005367539187409316
43,20,5.0,9,0.019526515151515156,4,0.005798823354907728
43,20,5.0,10,0.01679924242424242,6,0.005267886457216491
43,20,5.0,11,-0.0015814393939393933,14,0.0033100906858660275
43,20,5.0,12,-0.013541666666666665,17,0.004159935592731566
43,20,5.0,13,0.012329545454545465,9,0.005067641422134497
43,20,5.0,14,-0.04429924242424242,20,0.004872940439305918
43,20,5.0,15,0.015909090909090914,7,0.006157866599027893
43,20,5.0,16,0.030738636363636357,1,0.005009951572172095
43,20,5.0,17,-0.008304924242424232,16,0.004798490002694317
43,20,5.0,18,-0.02571022727272727,19,0.004601481082150794
43,20,5.0,19,0.01918560606060606,5,0.005786591125305921
43,20,5.0,20,0.02952651515151515,2,0.004280813776848617
43,20,10.0,1,0.01014204545454544,10,0.0053591339435637726
43,20,10.0,2,0.009507575757575775,11,0.005179793015345131
43,20,10.0,3,0.002064393939393928,14,0.004817933530028246
43,20,10.0,4,-0.021183712121212128,18,0.004230457261958738
43,20,10.0,5,0.0037405303030302968,13,0.004262044873998573
43,20,10.0,6,0.005482954545454544,12,0.0038753002555182874
43,20,10.0,7,0.03452651515151514,3,0.004508837278907677
43,20,10.0,8,0.019791666666666666,7,0.0053254312451209585
43,20,10.0,9,0.02318181818181819,4,0.005359019905973208
43,20,10.0,10,0.021799242424242412,5,0.0051693614256847235
43,20,10.0,11,-0.005558712121212105,15,0.002684075480363034
43,20,10.0,12,-0.015350378787878793,17,0.0028094947148860957
43,20,10.0,13,0.015445075757575762,8,0.0038960569489528115
43,20,10.0,14,-0.052784090909090906,20,0.005467282122955013
43,20,10.0,15,0.020625000000000004,6,0.0059046515350965716
43,20,10.0,16,0.03605113636363638,1,0.004792363836424364
43,20,10.0,17,-0.01115530303030305,16,0.0029884833322959097
43,20,10.0,18,-0.029782196969696962,19,0.0038223660850623177
43,20,10.0,19,0.014488636363636353,9,0.004470750148777222
43,20,10.0,20,0.035445075757575766,2,0.004118746803807296
43,20,No DP,1,0.0018371212121212122,12,0.003443815677396313
43,20,No DP,2,0.013162878787878782,11,0.002573162546386949
43,20,No DP,3,0.0003787878787878618,13,0.0016639203440629584
43,20,No DP,4,-0.004687500000000001,15,0.002202366306543462
43,20,No DP,5,0.01858901515151514,9,0.003127399646853016
43,20,No DP,6,0.015416666666666669,10,0.0036597917563959367
43,20,No DP,7,0.049356060606060626,2,0.004574957128211919
43,20,No DP,8,0.025975378787878808,5,0.004758562867311479
43,20,No DP,9,0.026676136363636384,4,0.005631374165585697
43,20,No DP,10,0.020558712121212127,7,0.0046344719221738054
43,20,No DP,11,-0.008162878787878795,16,0.0021729098241746003
43,20,No DP,12,-0.02023674242424242,19,0.0032482207716735046
43,20,No DP,13,-0.012821969696969686,18,0.00203316047931904
43,20,No DP,14,-0.021865530303030293,20,0.0029573090404120357
43,20,No DP,15,0.022613636363636367,6,0.0042243612353405945
43,20,No DP,16,0.052405303030303024,1,0.004840381115396441
43,20,No DP,17,-0.001221590909090921,14,0.0017607676064694626
43,20,No DP,18,-0.01084280303030305,17,0.0027096367585618193
43,20,No DP,19,0.01994318181818183,8,0.003760979774577921
43,20,No DP,20,0.027888257575757577,3,0.00515133019317587
44,20,0.5,1,-0.009280303030303033,20,0.005561123386471409
44,20,0.5,2,0.0005871212121212138,9,0.005176240310967703
44,20,0.5,3,-0.007215909090909091,18,0.004620916765896804
44,20,0.5,4,0.008910984848484862,1,0.004988186496794411
44,20,0.5,5,-0.0005965909090909005,12,0.0046058109100169855
44,20,0.5,6,0.00089962121212122,8,0.005402582462208408
44,20,0.5,7,-0.007064393939393945,17,0.005812827064072488
44,20,0.5,8,0.001107954545454557,7,0.004646988913436816
44,20,0.5,9,-0.003522727272727284,15,0.004607863078094299
44,20,0.5,10,-0.0014015151515151454,13,0.004886684420994961
44,20,0.5,11,0.006477272727272712,3,0.005197401061035814
44,20,0.5,12,-2.840909090907395e-05,10,0.00456469756864497
44,20,0.5,13,-0.0020265151515151437,14,0.0050494360058597355
44,20,0.5,14,0.0026609848484848513,6,0.004137438268350913
44,20,0.5,15,0.007945075757575762,2,0.004409115620537592
44,20,0.5,16,0.004640151515151499,4,0.003775251205617823
44,20,0.5,17,-0.00395833333333332,16,0.00512597382346895
44,20,0.5,18,-0.00878787878787879,19,0.00528546672107544
44,20,0.5,19,-4.734848484848231e-05,11,0.00417815167736967
44,20,0.5,20,0.004071969696969688,5,0.005366160687759871
44,20,1.0,1,-0.011429924242424252,20,0.0058983101290150716
44,20,1.0,2,0.0009848484848484873,10,0.005249252482967048
44,20,1.0,3,-0.008162878787878792,18,0.004660953295547836
44,20,1.0,4,0.008835227272727281,3,0.004951937252945068
44,20,1.0,5,0.004422348484848491,7,0.004968605795737074
44,20,1.0,6,0.0037500000000000333,8,0.005449757868396594
44,20,1.0,7,-0.007092803030303023,17,0.006149188323533483
44,20,1.0,8,-0.00032196969696970555,12,0.004867999391205096
44,20,1.0,9,-0.001477272727272712,13,0.004813370119781896
44,20,1.0,10,-0.002225378787878782,14,0.004936580823503832
44,20,1.0,11,0.016259469696969696,1,0.005601900954098473
44,20,1.0,12,0.0012405303030302967,9,0.004600590769315424
44,20,1.0,13,0.0006723484848484851,11,0.0052373382277921855
44,20,1.0,14,0.007727272727272742,5,0.004401009854686404
44,20,1.0,15,0.008693181818181803,4,0.004519008054674097
44,20,1.0,16,0.006780303030303026,6,0.003899922446310439
44,20,1.0,17,-0.004706439393939391,16,0.005257387025447343
44,20,1.0,18,-0.010085227272727275,19,0.005500473709017083
44,20,1.0,19,-0.0023863636363636313,15,0.004377018096792731
44,20,1.0,20,0.010303030303030312,2,0.005397499330646948
44,20,2.0,1,-0.017935606060606065,20,0.006398303894659942
44,20,2.0,2,0.00017045454545454474,12,0.005569508384032396
44,20,2.0,3,-0.01363636363636364,18,0.004953565808764741
44,20,2.0,4,0.010274621212121214,6,0.005092819846118716
44,20,2.0,5,0.018844696969696977,3,0.0059423461446778784
44,20,2.0,6,0.007992424242424244,8,0.0057176477615502605
44,20,2.0,7,-0.009753787878787883,17,0.00660308192115152
44,20,2.0,8,-0.0012026515151515016,13,0.004966634524336941
44,20,2.0,9,0.003825757575757588,11,0.005361068364231962
44,20,2.0,10,-0.004744318181818182,15,0.004869035942782691
44,20,2.0,11,0.0387973484848485,1,0.005860227000345707
44,20,2.0,12,0.006363636363636354,9,0.004638239401946652
44,20,2.0,13,0.005928030303030304,10,0.00537883155925499
44,20,2.0,14,0.015606060606060628,4,0.004843997242571702
44,20,2.0,15,0.00961174242424243,7,0.004903828881541194
44,20,2.0,16,0.013115530303030311,5,0.004370475470168211
44,20,2.0,17,-0.00748106060606061,16,0.005064853946040294
44,20,2.0,18,-0.014488636363636375,19,0.005945408801622592
44,20,2.0,19,-0.004270833333333344,14,0.0044142095267228065
44,20,2.0,20,0.022528409090909092,2,0.0056659863869891105
44,20,5.0,1,-0.019592803030303026,19,0.005935252145058768
44,20,5.0,2,-0.004573863636363641,14,0.004646545050272576
44,20,5.0,3,-0.022888257575757572,20,0.00463502838315589
44,20,5.0,4,0.00747159090909091,11,0.004692841978273547
44,20,5.0,5,0.03446022727272727,2,0.00619378841378786
44,20,5.0,6,0.015397727272727263,8,0.005271477083696694
44,20,5.0,7,-0.008191287878787893,17,0.005699127280602069
44,20,5.0,8,0.002102272727272736,12,0.004324543841425306
44,20,5.0,9,0.013617424242424247,10,0.005251248471410777
44,20,5.0,10,-0.0030208333333333393,13,0.004120171345818636
44,20,5.0,11,0.051013257575757566,1,0.00600224407488696
44,20,5.0,12,0.01757575757575758,7,0.0039003501129019126
44,20,5.0,13,0.019214015151515152,6,0.005512913959160691
44,20,5.0,14,0.031212121212121205,3,0.006102276254160709
44,20,5.0,15,0.014109848484848477,9,0.005225393889947093
44,20,5.0,16,0.023910984848484848,5,0.0055144115641383665
44,20,5.0,17,-0.006884469696969697,15,0.0035699590799597746
44,20,5.0,18,-0.01743371212121212,18,0.005154962343044523
44,20,5.0,19,-0.007556818181818187,16,0.0035042736149794224
44,20,5.0,20,0.027670454545454564,4,0.005753985810129187
44,20,10.0,1,-0.014015151515151527,18,0.00471029619120786
44,20,10.0,2,-0.004876893939393941,15,0.00350561415856487
44,20,10.0,3,-0.025795454545454538,20,0.004147362305791534
44,20,10.0,4,0.011306818181818197,11,0.003804811113451626
44,20,10.0,5,0.02526515151515152,5,0.004787507926996676
44,20,10.0,6,0.01889204545454545,9,0.005595547302457386
44,20,10.0,7,-0.007225378787878766,16,0.004036949811232373
44,20,10.0,8,0.00188446969696969,12,0.0037992607168582868
44,20,10.0,9,0.024857954545454565,6,0.006095416350537352
44,20,10.0,10,0.0015435606060605967,13,0.0035827420541304396
44,20,10.0,11,0.039810606060606074,1,0.005781401931962358
44,20,10.0,12,0.02081439393939394,8,0.003604634398542152
44,20,10.0,13,0.026003787878787866,4,0.0052630122234459415
44,20,10.0,14,0.03590909090909091,2,0.007487730532575708
44,20,10.0,15,0.01814393939393939,10,0.005209395897121628
44,20,10.0,16,0.0318844696969697,3,0.007355450255844033
44,20,10.0,17,-0.003844696969696972,14,0.002829770461825615
44,20,10.0,18,-0.015577651515151513,19,0.0038809442017202975
44,20,10.0,19,-0.010198863636363626,17,0.0028345843421450985
44,20,10.0,20,0.023134469696969716,7,0.005815770352704546
44,20,No DP,1,-0.0035037878787878853,16,0.0013493902837839835
44,20,No DP,2,0.017339015151515147,8,0.002454960997314546
44,20,No DP,3,-0.021751893939393946,20,0.0027514466504935066
44,20,No DP,4,0.019147727272727275,7,0.003845923169889911
44,20,No DP,5,0.016922348484848495,9,0.003400442918969173
44,20,No DP,6,0.02793560606060606,4,0.0034590328584903204
44,20,No DP,7,-0.00717803030303031,18,0.0020154300687519246
44,20,No DP,8,0.00830492424242424,12,0.0019702366229703413
44,20,No DP,9,0.03907196969696968,1,0.007250048733647677
44,20,No DP,10,0.00746212121212122,13,0.0029911137809513154
44,20,No DP,11,0.03261363636363635,3,0.005175262083966475
44,20,No DP,12,0.013143939393939399,11,0.0023770365464886147
44,20,No DP,13,0.016193181818181815,10,0.0037443641648898574
44,20,No DP,14,0.02724431818181819,5,0.006919761711993345
44,20,No DP,15,0.0061079545454545536,14,0.0037165966904291617
44,20,No DP,16,0.03272727272727274,2,0.006314638203997353
44,20,No DP,17,-0.005823863636363624,17,0.0015331772789157695
44,20,No DP,18,-0.009015151515151506,19,0.002414400595211942
44,20,No DP,19,0.005738636363636362,15,0.00164902313202238
44,20,No DP,20,0.01974431818181819,6,0.00517943731784304
45,20,0.5,1,-0.003484848484848487,15,0.00754362123279984
45,20,0.5,2,0.005994318181818179,4,0.007171781768486202
45,20,0.5,3,-0.005880681818181819,17,0.006107188039172396
45,20,0.5,4,0.0018087121212121227,8,0.005761298496807657
45,20,0.5,5,-0.0028124999999999917,13,0.00753834815378566
45,20,0.5,6,-0.0034090909090909068,14,0.006052284770335124
45,20,0.5,7,0.0035700757575757623,6,0.006601918690741509
45,20,0.5,8,-0.0028030303030303,12,0.005846139033395985
45,20,0.5,9,-0.00044507575757576245,10,0.006831353740820331
45,20,0.5,10,-0.00745265151515151,18,0.006820018363239181
45,20,0.5,11,-0.010681818181818186,20,0.008077569140579659
45,20,0.5,12,0.006628787878787886,3,0.006006580341890155
45,20,0.5,13,0.012651515151515141,1,0.007270871567226824
45,20,0.5,14,-0.003759469696969688,16,0.007500196744722005
45,20,0.5,15,-0.0004261363636363663,9,0.0056542160196418525
45,20,0.5,16,-0.0019034090909090928,11,0.0065340977025656385
45,20,0.5,17,0.01093749999999999,2,0.0065612136759138255
45,20,0.5,18,-0.010577651515151512,19,0.006613104485342453
45,20,0.5,19,0.0048200757575757565,5,0.007349681825643113
45,20,0.5,20,0.003437499999999992,7,0.0062813243808670215
45,20,1.0,1,-0.0013352272727272802,11,0.007614037931800309
45,20,1.0,2,0.007140151515151507,4,0.007463195729051232
45,20,1.0,3,-0.007604166666666677,19,0.006134616389271191
45,20,1.0,4,0.0023579545454545385,8,0.005998041997031363
45,20,1.0,5,-0.0033143939393939386,15,0.0077463220985747065
45,20,1.0,6,-0.0016193181818181795,12,0.006162296362353278
45,20,1.0,7,0.006818181818181807,5,0.006760435170951852
45,20,1.0,8,-0.002026515151515149,13,0.005709528702432685
45,20,1.0,9,-0.00012310606060606576,10,0.007001912830094761
45,20,1.0,10,-0.007187499999999997,18,0.00687817011758067
45,20,1.0,11,-0.00697916666666666,17,0.008389581336652288
45,20,1.0,12,0.005833333333333319,6,0.00613296821979636
45,20,1.0,13,0.022708333333333316,1,0.007640842344557919
45,20,1.0,14,0.0005681818181818016,9,0.00757604166134016
45,20,1.0,15,-0.0024147727272727224,14,0.005632589369850682
45,20,1.0,16,-0.005530303030303036,16,0.0064069861863948014
45,20,1.0,17,0.01807765151515152,2,0.0069327507936753465
45,20,1.0,18,-0.015094696969696977,20,0.006529722683468475
45,20,1.0,19,0.00994318181818181,3,0.007325366095663156
45,20,1.0,20,0.0034564393939393845,7,0.0063039933471510864
45,20,2.0,1,0.00034090909090908947,13,0.007583300222432481
45,20,2.0,2,0.008295454545454549,5,0.007772851873004491
45,20,2.0,3,-0.008920454545454554,18,0.006496532095220745
45,20,2.0,4,0.004706439393939394,9,0.0063224317462604995
45,20,2.0,5,-0.0067992424242424255,17,0.00797433257747909
45,20,2.0,6,0.0006344696969696955,12,0.006222161010617249
45,20,2.0,7,0.010909090909090906,4,0.006804140107391242
45,20,2.0,8,-0.00018939393939393367,14,0.005594932264599324
45,20,2.0,9,0.0014772727272727298,11,0.00706316658035709
45,20,2.0,10,-0.004488636363636363,15,0.006503987803796097
45,20,2.0,11,0.004526515151515167,10,0.007872156072179178
45,20,2.0,12,0.006297348484848492,6,0.00624120385096937
45,20,2.0,13,0.037348484848484825,1,0.007872449282276782
45,20,2.0,14,0.004924242424242425,8,0.007606825500293746
45,20,2.0,15,-0.006155303030303028,16,0.005602068155033136
45,20,2.0,16,-0.015397727272727278,19,0.006118972327339424
45,20,2.0,17,0.02894886363636362,2,0.007406868089577893
45,20,2.0,18,-0.024024621212121223,20,0.006318518684587523
45,20,2.0,19,0.020842803030303024,3,0.006881603377195997
45,20,2.0,20,0.005852272727272734,7,0.006160609309554362
45,20,5.0,1,0.001818181818181821,14,0.006980813454412574
45,20,5.0,2,0.012500000000000006,7,0.007832132128315395
45,20,5.0,3,-0.0048768939393939335,16,0.0051357611823486206
45,20,5.0,4,0.008863636363636351,8,0.006090281867863551
45,20,5.0,5,-0.0174526515151515,18,0.007082830142858661
45,20,5.0,6,0.007357954545454537,11,0.00601312865228056
45,20,5.0,7,0.018267045454545435,5,0.006288553253690902
45,20,5.0,8,0.00859848484848485,9,0.004593021316274713
45,20,5.0,9,0.00843750000000001,10,0.006688356468653503
45,20,5.0,10,-0.001865530303030315,15,0.0050392751076741345
45,20,5.0,11,0.03822916666666667,4,0.005810408128839143
45,20,5.0,12,0.006865530303030319,12,0.006570787584171099
45,20,5.0,13,0.0628125,1,0.007648116263821362
45,20,5.0,14,0.016666666666666653,6,0.006375912581650736
45,20,5.0,15,-0.01498106060606061,17,0.005080391018926423
45,20,5.0,16,-0.029289772727272723,19,0.004984520614591617
45,20,5.0,17,0.056827651515151525,2,0.006832496219113057
45,20,5.0,18,-0.040965909090909094,20,0.005799099232739259
45,20,5.0,19,0.03941287878787879,3,0.006222243520036438
45,20,5.0,20,0.005539772727272724,13,0.004961332761064549
45,20,10.0,1,0.006922348484848495,14,0.00516546919093735
45,20,10.0,2,0.01162878787878788,7,0.006455098385585221
45,20,10.0,3,-0.0024242424242424242,16,0.0033416444683007874
45,20,10.0,4,0.010482954545454552,10,0.005043024951214735
45,20,10.0,5,-0.01972537878787878,18,0.005758043849966203
45,20,10.0,6,0.010937500000000005,8,0.004651894058912138
45,20,10.0,7,0.018399621212121214,6,0.004515710268171275
45,20,10.0,8,0.007462121212121201,12,0.0031886110750129343
45,20,10.0,9,0.010454545454545454,11,0.00522775167985843
45,20,10.0,10,0.005634469696969692,15,0.0030029952991091303
45,20,10.0,11,0.0531155303030303,2,0.007325569244371036
45,20,10.0,12,0.010634469696969698,9,0.006089403278901923
45,20,10.0,13,0.05483901515151514,1,0.0074567125717732875
45,20,10.0,14,0.02517992424242423,5,0.004914473391801133
45,20,10.0,15,-0.012140151515151512,17,0.003944043639264223
45,20,10.0,16,-0.03347537878787879,19,0.004430469860131228
45,20,10.0,17,0.04212121212121213,3,0.006008184748834284
45,20,10.0,18,-0.04418560606060606,20,0.00591555560077717
45,20,10.0,19,0.040530303030303035,4,0.007106980762774204
45,20,10.0,20,0.007206439393939403,13,0.003597460355558356
45,20,No DP,1,0.001098484848484853,15,0.0030175429738735393
45,20,No DP,2,0.018920454545454542,8,0.004080856669362078
45,20,No DP,3,0.014848484848484863,10,0.0016873543878271027
45,20,No DP,4,-0.0034375000000000057,16,0.001847472351788284
45,20,No DP,5,-0.005160984848484842,17,0.0013807828115991387
45,20,No DP,6,0.03195075757575758,2,0.0050608353553343
45,20,No DP,7,0.018475378787878808,9,0.0036521245159455012
45,20,No DP,8,0.0051136363636363645,14,0.002189323488957745
45,20,No DP,9,0.02249053030303031,6,0.004518908734401568
45,20,No DP,10,0.02270833333333332,5,0.004572853423792552
45,20,No DP,11,0.06457386363636362,1,0.007315997567860185
45,20,No DP,12,0.014545454545454528,11,0.0027710644024284033
45,20,No DP,13,0.027282196969696956,4,0.005859786888645137
45,20,No DP,14,0.020284090909090894,7,0.004989068844717202
45,20,No DP,15,-0.013153409090909098,18,0.0019541515323472547
45,20,No DP,16,-0.030738636363636374,19,0.0030026084132063996
45,20,No DP,17,0.031874999999999994,3,0.005343867048401536
45,20,No DP,18,-0.03137310606060608,20,0.00569724318772029
45,20,No DP,19,0.011098484848484844,13,0.005713972777838284
45,20,No DP,20,0.014393939393939386,12,0.0016303287285346483
46,20,0.5,1,-0.0008901515151515032,15,0.004999082000782842
46,20,0.5,2,0.0027935606060606084,10,0.003942792800033016
46,20,0.5,3,0.0033049242424242316,8,0.004186302196841018
46,20,0.5,4,0.002632575757575756,11,0.004728245016440169
46,20,0.5,5,0.006458333333333329,2,0.004362466057948108
46,20,0.5,6,0.0017140151515151686,12,0.003694922254045574
46,20,0.5,7,-0.005009469696969694,18,0.004075894316416059
46,20,0.5,8,0.0010321969696969714,13,0.003517328845610139
46,20,0.5,9,0.002850378787878777,9,0.004372570307057736
46,20,0.5,10,0.004289772727272722,5,0.0035209564779921745
46,20,0.5,11,0.005965909090909081,3,0.00468390204739356
46,20,0.5,12,-0.0051799242424242385,19,0.0039399505862184915
46,20,0.5,13,0.003986742424242427,7,0.004583789088754122
46,20,0.5,14,0.007689393939393953,1,0.004514956079256198
46,20,0.5,15,0.004223484848484843,6,0.004289499288897135
46,20,0.5,16,-0.010227272727272725,20,0.00366855131723922
46,20,0.5,17,-0.0032481060606060546,17,0.0034533183033974577
46,20,0.5,18,-0.0008143939393939326,14,0.00443562102124641
46,20,0.5,19,0.005880681818181816,4,0.005208080141917456
46,20,0.5,20,-0.002831439393939382,16,0.004113675929514227
46,20,1.0,1,-0.004535984848484844,16,0.0047783099076591975
46,20,1.0,2,0.0011363636363636498,13,0.003997401266417554
46,20,1.0,3,0.005861742424242425,8,0.004374481288120579
46,20,1.0,4,0.00573863636363636,9,0.004922982429125129
46,20,1.0,5,0.009280303030303031,2,0.004549615362050719
46,20,1.0,6,0.0018181818181818266,11,0.0037211614950040566
46,20,1.0,7,-0.007159090909090916,19,0.0038693724131828944
46,20,1.0,8,0.001439393939393937,12,0.0034917760934745678
46,20,1.0,9,0.007064393939393933,6,0.004585767025420339
46,20,1.0,10,0.004412878787878779,10,0.003540988530929013
46,20,1.0,11,0.010426136363636375,1,0.004775892089676891
46,20,1.0,12,-0.005587121212121207,18,0.003885288686324219
46,20,1.0,13,0.006543560606060606,7,0.004674829734939792
46,20,1.0,14,0.008892045454545461,3,0.004518105360528979
46,20,1.0,15,0.008172348484848484,4,0.0042846931888822016
46,20,1.0,16,-0.010520833333333318,20,0.0036073677990647924
46,20,1.0,17,-0.004621212121212106,17,0.003267451116668212
46,20,1.0,18,-0.0019981060606060652,15,0.004416492355018319
46,20,1.0,19,0.00788825757575758,5,0.005389581423220874
46,20,1.0,20,0.0002556818181818149,14,0.00404467718864177
46,20,2.0,1,-0.008750000000000013,18,0.004291102459636694
46,20,2.0,2,-0.00018939393939394034,14,0.003848403758689956
46,20,2.0,3,0.00770833333333333,9,0.0042760902941386975
46,20,2.0,4,0.0103314393939394,6,0.0050665108100201445
46,20,2.0,5,0.01550189393939394,1,0.004669715939010053
46,20,2.0,6,0.0024905303030303017,13,0.0034961950644303067
46,20,2.0,7,-0.010558712121212132,20,0.003667435876576978
46,20,2.0,8,0.0032481060606060685,12,0.0032626989917025504
46,20,2.0,9,0.014905303030303024,3,0.004687521426336094
46,20,2.0,10,0.00637310606060606,10,0.0033541408668566136
46,20,2.0,11,0.013731060606060606,4,0.004840219561908728
46,20,2.0,12,-0.004772727272727269,17,0.003652724204148221
46,20,2.0,13,0.011231060606060597,5,0.004770904759651544
46,20,2.0,14,0.008229166666666662,8,0.00455748673824929
46,20,2.0,15,0.015009469696969703,2,0.004383383001497976
46,20,2.0,16,-0.009053030303030294,19,0.003372204697256978
46,20,2.0,17,-0.003731060606060621,16,0.00320366496518235
46,20,2.0,18,-0.0029261363636363656,15,0.004189997845912198
46,20,2.0,19,0.008304924242424246,7,0.005281287525472392
46,20,2.0,20,0.004356060606060618,11,0.003958763750703532
46,20,5.0,1,-0.019905303030303037,20,0.003026008438827446
46,20,5.0,2,-0.003484848484848484,15,0.0034259075965971998
46,20,5.0,3,0.011647727272727271,7,0.004060358268530575
46,20,5.0,4,0.018901515151515152,6,0.005073441211616813
46,20,5.0,5,0.028020833333333325,1,0.004891611270018969
46,20,5.0,6,-0.00012310606060605633,13,0.003273000583731816
46,20,5.0,7,-0.016723484848484852,19,0.0026339454415955743
46,20,5.0,8,0.006723484848484853,11,0.0030885297260859323
46,20,5.0,9,0.02751893939393939,2,0.004690126292130527
46,20,5.0,10,0.010255681818181803,9,0.002980264389404183
46,20,5.0,11,0.024053030303030302,4,0.004574187123889078
46,20,5.0,12,-0.005700757575757571,18,0.0032404074326279828
46,20,5.0,13,0.01948863636363635,5,0.005545624337626658
46,20,5.0,14,0.008049242424242438,10,0.0041619829908599495
46,20,5.0,15,0.026732954545454542,3,0.005133831037792172
46,20,5.0,16,-0.004829545454545452,17,0.002726598585662549
46,20,5.0,17,-0.0018181818181818232,14,0.0029367873967140745
46,20,5.0,18,-0.0037973484848484863,16,0.003737868131095775
46,20,5.0,19,0.0033617424242424134,12,0.004399331669564308
46,20,5.0,20,0.010833333333333335,8,0.004018150323817339
46,20,10.0,1,-0.025123106060606065,20,0.0021435200344091083
46,20,10.0,2,-0.0018655303030303005,15,0.0029585023219786217
46,20,10.0,3,0.008977272727272723,8,0.004023194488647084
46,20,10.0,4,0.0274621212121212,4,0.005486445282798203
46,20,10.0,5,0.03420454545454545,2,0.005230261689371013
46,20,10.0,6,0.002812500000000011,12,0.0031914833082414425
46,20,10.0,7,-0.016723484848484852,19,0.0019239674478426418
46,20,10.0,8,0.007746212121212118,10,0.003026286993144575
46,20,10.0,9,0.03572916666666669,1,0.005046501915330993
46,20,10.0,10,0.007812500000000007,9,0.0026986268835550446
46,20,10.0,11,0.02578598484848485,5,0.004211808985832359
46,20,10.0,12,-0.004507575757575761,18,0.0030624221097270516
46,20,10.0,13,0.024592803030303027,6,0.005871478717676503
46,20,10.0,14,0.0059848484848484896,11,0.0040774469856797
46,20,10.0,15,0.0334375,3,0.005649826205278421
46,20,10.0,16,-0.0021874999999999976,17,0.0022924372217557015
46,20,10.0,17,-0.0006534090909090884,13,0.002580234210044615
46,20,10.0,18,-0.002140151515151528,16,0.003606814024775947
46,20,10.0,19,-0.0012689393939393989,14,0.003247849844121994
46,20,10.0,20,0.01321969696969699,7,0.004271031121537122
46,20,No DP,1,-0.02705492424242425,20,0.005240350197729747
46,20,No DP,2,-0.01168560606060606,19,0.002157063940879203
46,20,No DP,3,0.022935606060606073,7,0.00435880965627144
46,20,No DP,4,0.03261363636363637,4,0.006653596972651108
46,20,No DP,5,0.04741477272727274,1,0.005751424255052369
46,20,No DP,6,0.003484848484848485,13,0.003788467757241494
46,20,No DP,7,-0.011268939393939388,18,0.002761208401713846
46,20,No DP,8,-0.003446969696969675,17,0.002222597391425398
46,20,No DP,9,0.024119318181818186,6,0.00469757020156284
46,20,No DP,10,0.029810606060606065,5,0.003418297752842643
46,20,No DP,11,0.03576704545454545,3,0.004057206655105099
46,20,No DP,12,0.0059469696969697,12,0.0029573692314100253
46,20,No DP,13,0.019734848484848497,8,0.005833882426931317
46,20,No DP,14,0.011676136363636371,10,0.003140773295122833
46,20,No DP,15,0.03622159090909091,2,0.0062350943555620495
46,20,No DP,16,-0.002414772727272728,16,0.0020305545535488616
46,20,No DP,17,0.0009564393939393878,14,0.0016434491985784293
46,20,No DP,18,-0.0010890151515151358,15,0.0027667198943048497
46,20,No DP,19,0.012518939393939386,9,0.002371760422859679
46,20,No DP,20,0.006714015151515148,11,0.0045675185575275515
47,20,0.5,1,-0.006979166666666671,19,0.0038401846701567348
47,20,0.5,2,-0.002130681818181817,15,0.0037955976041734985
47,20,0.5,3,0.001382575757575759,9,0.0037558164831676968
47,20,0.5,4,-0.006884469696969695,18,0.00404620670906658
47,20,0.5,5,0.003219696969696969,7,0.0043484370048049075
47,20,0.5,6,0.00034090909090909007,12,0.004012370391877619
47,20,0.5,7,-0.001780303030303027,14,0.003910750506589928
47,20,0.5,8,0.0036174242424242466,5,0.0044603052814383886
47,20,0.5,9,0.002916666666666674,8,0.003827812229543981
47,20,0.5,10,0.007121212121212115,1,0.003965971498163144
47,20,0.5,11,0.004801136363636358,2,0.003944859239719542
47,20,0.5,12,0.0013731060606060597,10,0.0036187719358097836
47,20,0.5,13,0.0034090909090909068,6,0.0040336018340608685
47,20,0.5,14,-0.007424242424242422,20,0.0036705727926038293
47,20,0.5,15,0.004318181818181824,3,0.0037962577780676354
47,20,0.5,16,-0.004251893939393927,16,0.0044859683726371415
47,20,0.5,17,0.0007291666666666741,11,0.003355904956331414
47,20,0.5,18,-0.0011837121212121165,13,0.0037528774686816
47,20,0.5,19,-0.0048390151515151384,17,0.0036657365765250193
47,20,0.5,20,0.004138257575757583,4,0.0041966819852359925
47,20,1.0,1,-0.0022443181818181846,15,0.0037710719707071336
47,20,1.0,2,-0.00274621212121212,16,0.003645292167628506
47,20,1.0,3,0.004081439393939377,6,0.003714335663507088
47,20,1.0,4,-0.010321969696969701,20,0.00406247792605432
47,20,1.0,5,0.004393939393939388,5,0.004484809294208372
47,20,1.0,6,0.0036458333333333408,8,0.003716644946716298
47,20,1.0,7,-0.001742424242424243,14,0.0038645813609627195
47,20,1.0,8,0.008257575757575764,4,0.00447543288865593
47,20,1.0,9,-0.00014204545454546413,12,0.0036523179982721594
47,20,1.0,10,0.009517045454545455,2,0.0038793264072991703
47,20,1.0,11,0.011089015151515155,1,0.00406247340088064
47,20,1.0,12,0.0027367424242424193,9,0.0034715163854438904
47,20,1.0,13,0.0013162878787878751,11,0.003926257759346166
47,20,1.0,14,-0.009157196969696978,19,0.0036350577427465246
47,20,1.0,15,0.0037689393939393983,7,0.003672386578326188
47,20,1.0,16,-0.0035321969696969742,17,0.004441254664054905
47,20,1.0,17,0.001363636363636373,10,0.003142036892420795
47,20,1.0,18,-0.000757575757575748,13,0.0038039667822593556
47,20,1.0,19,-0.005236742424242423,18,0.003648610586236588
47,20,1.0,20,0.008437499999999997,3,0.004085910223571357
47,20,2.0,1,0.004924242424242422,8,0.003716877171335532
47,20,2.0,2,-0.002414772727272718,15,0.003561471702277387
47,20,2.0,3,0.006837121212121222,6,0.0036397055941988763
47,20,2.0,4,-0.01572916666666667,20,0.004167697337230039
47,20,2.0,5,0.00754734848484846,5,0.004420441054970195
47,20,2.0,6,0.006306818181818186,7,0.00397515771686696
47,20,2.0,7,6.628787878787179e-05,13,0.0038614367020854525
47,20,2.0,8,0.011278409090909096,4,0.004773743559877364
47,20,2.0,9,-0.0038920454545454497,16,0.0035426260398477094
47,20,2.0,10,0.0153125,3,0.0040089837696336405
47,20,2.0,11,0.024441287878787882,1,0.004261967444595839
47,20,2.0,12,0.0035321969696969764,9,0.003597359647646537
47,20,2.0,13,-0.0062026515151515195,18,0.0036922438348495957
47,20,2.0,14,-0.013285984848484828,19,0.003433531262473574
47,20,2.0,15,0.0021496212121212134,10,0.003384614759867922
47,20,2.0,16,-0.0009469696969696906,14,0.004599660999805454
47,20,2.0,17,0.0005965909090909205,12,0.0032241684358233656
47,20,2.0,18,0.0013541666666666724,11,0.004095362137791718
47,20,2.0,19,-0.0038920454545454575,17,0.003707017958397558
47,20,2.0,20,0.017888257575757568,2,0.00410903878963633
47,20,5.0,1,0.02123106060606061,4,0.0038448177880703116
47,20,5.0,2,-0.00823863636363636,15,0.0033892917269303852
47,20,5.0,3,0.01957386363636364,6,0.0038942234514582653
47,20,5.0,4,-0.03363636363636363,20,0.003319786738271497
47,20,5.0,5,0.019128787878787853,7,0.0050393737813696935
47,20,5.0,6,0.014602272727272738,8,0.004060859137438021
47,20,5.0,7,0.005823863636363626,11,0.0035554992138871005
47,20,5.0,8,0.019791666666666662,5,0.004947343467595881
47,20,5.0,9,-0.013825757575757585,18,0.0030628285228863315
47,20,5.0,10,0.02214015151515151,3,0.004073638224044307
47,20,5.0,11,0.048437499999999994,1,0.0045357846756300035
47,20,5.0,12,0.007159090909090923,9,0.0035046917343601798
47,20,5.0,13,-0.019696969696969692,19,0.00338186200858155
47,20,5.0,14,-0.013295454545454546,17,0.00314028401957524
47,20,5.0,15,-0.012850378787878787,16,0.0032568669672433568
47,20,5.0,16,0.006657196969696974,10,0.004567466725495666
47,20,5.0,17,-0.003049242424242411,14,0.003120335706426299
47,20,5.0,18,0.0019412878787878718,13,0.004299187670689921
47,20,5.0,19,0.0023958333333333405,12,0.0033670986725647667
47,20,5.0,20,0.029346590909090923,2,0.004517462240952043
47,20,10.0,1,0.028873106060606054,3,0.004120841650537418
47,20,10.0,2,-0.01158143939393939,16,0.0029018666896289146
47,20,10.0,3,0.02305871212121213,7,0.004303982481578339
47,20,10.0,4,-0.05101325757575756,20,0.004130018213093546
47,20,10.0,5,0.025587121212121235,5,0.005170783719680381
47,20,10.0,6,0.023399621212121226,6,0.004317917966919093
47,20,10.0,7,0.009820075757575777,11,0.0033367389358575097
47,20,10.0,8,0.0171875,8,0.004847862897342521
47,20,10.0,9,-0.018617424242424244,17,0.0026653191811180877
47,20,10.0,10,0.028115530303030312,4,0.004368286018915836
47,20,10.0,11,0.06395833333333335,1,0.005076524633921855
47,20,10.0,12,0.010700757575757568,10,0.0035082000270767978
47,20,10.0,13,-0.02982954545454546,19,0.003324376201522178
47,20,10.0,14,-0.009251893939393937,15,0.0025533033852129386
47,20,10.0,15,-0.020748106060606047,18,0.003091246053333102
47,20,10.0,16,0.01195075757575757,9,0.004700629759818241
47,20,10.0,17,-0.0018939393939393784,14,0.0026113022076097218
47,20,10.0,18,0.0042897727272727445,12,0.004542799394184295
47,20,10.0,19,0.0033238636363636387,13,0.002946567237796757
47,20,10.0,20,0.038503787878787894,2,0.004986750336630122
47,20,No DP,1,0.026960227272727257,5,0.005140841197087381
47,20,No DP,2,0.011846590909090913,10,0.0014198543555229922
47,20,No DP,3,0.01956439393939394,7,0.004047876661839809
47,20,No DP,4,-0.016297348484848487,19,0.0037121283385444888
47,20,No DP,5,0.01718749999999999,8,0.004775983718754357
47,20,No DP,6,0.011553030303030296,11,0.0030383120959773017
47,20,No DP,7,0.005284090909090905,15,0.0012654137475463661
47,20,No DP,8,0.039043560606060616,2,0.0059829580677371215
47,20,No DP,9,-0.015643939393939387,18,0.002467741254837395
47,20,No DP,10,0.007613636363636379,13,0.003702298382757372
47,20,No DP,11,0.03519886363636364,4,0.0061662934370478335
47,20,No DP,12,0.01644886363636365,9,0.004213188440357805
47,20,No DP,13,-0.006335227272727276,17,0.002057200727233027
47,20,No DP,14,-0.021486742424242422,20,0.002285659819415289
47,20,No DP,15,-0.0059564393939394,16,0.0037039541564648586
47,20,No DP,16,0.01017992424242423,12,0.0034642366131553554
47,20,No DP,17,0.005852272727272714,14,0.0028685642573873663
47,20,No DP,18,0.025208333333333346,6,0.0044875330283142435
47,20,No DP,19,0.03565340909090909,3,0.002563346568653207
47,20,No DP,20,0.05948863636363637,1,0.006682498580334364
48,20,0.5,1,-0.013210227272727283,20,0.003769638254644503
48,20,0.5,2,0.0012594696969697062,7,0.004093079859490712
48,20,0.5,3,0.0072348484848484785,2,0.0038705588237819464
48,20,0.5,4,-0.0017045454545454458,10,0.003882136893156712
48,20,0.5,5,-0.004374999999999993,14,0.0038381554478337044
48,20,0.5,6,0.006287878787878786,3,0.004439814076716802
48,20,0.5,7,-0.00947916666666667,17,0.004260279639063477
48,20,0.5,8,-0.007727272727272718,15,0.004282014775720159
48,20,0.5,9,-0.004043560606060601,12,0.0035729470358281737
48,20,0.5,10,0.002121212121212116,6,0.004131591347353261
48,20,0.5,11,0.004157196969696975,4,0.003946396543296158
48,20,0.5,12,0.00031249999999998667,8,0.0031102168411656205
48,20,0.5,13,-0.001003787878787879,9,0.0040963378506577
48,20,0.5,14,-0.0041666666666666675,13,0.004491751891533683
48,20,0.5,15,-0.00990530303030303,18,0.0038932645734982103
48,20,0.5,16,-0.00926136363636364,16,0.0044729977058806545
48,20,0.5,17,-0.003910984848484848,11,0.00424402311507302
48,20,0.5,18,-0.012935606060606059,19,0.003955732163315405
48,20,0.5,19,0.003304924242424242,5,0.0038144309669518755
48,20,0.5,20,0.018219696969696973,1,0.003912832951710177
48,20,1.0,1,-0.022253787878787876,20,0.003809726293858112
48,20,1.0,2,0.003143939393939399,9,0.00429636050117011
48,20,1.0,3,0.011619318181818175,3,0.004047536257006124
48,20,1.0,4,0.003418560606060608,8,0.004009114399847289
48,20,1.0,5,-0.005151515151515148,14,0.004056487480508537
48,20,1.0,6,0.021865530303030303,2,0.004862449095593998
48,20,1.0,7,-0.007727272727272729,15,0.004289505560614819
48,20,1.0,8,-0.013674242424242413,16,0.004381704000408888
48,20,1.0,9,-0.004280303030303028,13,0.0036978525243728986
48,20,1.0,10,0.006496212121212125,5,0.004179903646748013
48,20,1.0,11,0.007821969696969695,4,0.0041511120650089195
48,20,1.0,12,0.004602272727272727,6,0.003091795007286204
48,20,1.0,13,-0.000842803030303031,11,0.00416149590918847
48,20,1.0,14,-0.002007575757575751,12,0.0045652834541273475
48,20,1.0,15,-0.016770833333333336,18,0.00403783026205278
48,20,1.0,16,-0.016155303030303034,17,0.004557430168103969
48,20,1.0,17,-0.0005776515151515022,10,0.004153601567863909
48,20,1.0,18,-0.01814393939393939,19,0.004034440339113005
48,20,1.0,19,0.00429924242424242,7,0.003917489454782073
48,20,1.0,20,0.037689393939393925,1,0.004203862898460674
48,20,2.0,1,-0.039119318181818186,20,0.0042045389494557925
48,20,2.0,2,0.008134469696969699,8,0.004702047273052816
48,20,2.0,3,0.01808712121212121,3,0.004555593568916296
48,20,2.0,4,0.01078598484848484,5,0.004307492230741091
48,20,2.0,5,-0.004554924242424244,14,0.004336494574785246
48,20,2.0,6,0.04968749999999999,2,0.005531931691869911
48,20,2.0,7,-0.0008049242424242381,13,0.004439467769288605
48,20,2.0,8,-0.02553030303030303,16,0.004396365742045681
48,20,2.0,9,-0.00887310606060606,15,0.003937063499753395
48,20,2.0,10,0.00919507575757576,7,0.004383749593165741
48,20,2.0,11,0.015284090909090903,4,0.004658359837321173
48,20,2.0,12,0.010482954545454545,6,0.003576769982793702
48,20,2.0,13,0.0012310606060606083,11,0.004276519764739708
48,20,2.0,14,3.7878787878798396e-05,12,0.004666781961877601
48,20,2.0,15,-0.028882575757575753,18,0.004253222442114078
48,20,2.0,16,-0.02867424242424242,17,0.004750487052744383
48,20,2.0,17,0.0017897727272727342,10,0.004227663355437883
48,20,2.0,18,-0.029801136363636366,19,0.004167494214479534
48,20,2.0,19,0.005236742424242419,9,0.003945318402574479
48,20,2.0,20,0.07890151515151515,1,0.00502918265749807
48,20,5.0,1,-0.06202651515151517,20,0.005588926582993539
48,20,5.0,2,0.018787878787878787,7,0.004516215936157375
48,20,5.0,3,0.03267045454545456,3,0.005400060965479919
48,20,5.0,4,0.024763257575757595,5,0.00509961206456721
48,20,5.0,5,-0.0075378787878788,14,0.0037695798526944913
48,20,5.0,6,0.0915814393939394,2,0.007864665088148946
48,20,5.0,7,0.010359848484848486,12,0.00449198786462022
48,20,5.0,8,-0.03634469696969697,16,0.003960072385128149
48,20,5.0,9,-0.010160984848484851,15,0.0034465236297705876
48,20,5.0,10,0.019195075757575765,6,0.004241258442872297
48,20,5.0,11,0.02710227272727272,4,0.005521812377455266
48,20,5.0,12,0.017850378787878776,8,0.004142716441024215
48,20,5.0,13,0.0036837121212121115,13,0.004149972907208797
48,20,5.0,14,0.014933712121212118,9,0.003989898228227614
48,20,5.0,15,-0.04477272727272729,18,0.004468635113981673
48,20,5.0,16,-0.04241477272727273,17,0.005242181592929454
48,20,5.0,17,0.01350378787878788,10,0.004011590312506931
48,20,5.0,18,-0.04495265151515151,19,0.004587468688356923
48,20,5.0,19,0.011174242424242425,11,0.0036869848942181517
48,20,5.0,20,0.1018087121212121,1,0.006736336615404542
48,20,10.0,1,-0.06255681818181817,20,0.0068514264746214835
48,20,10.0,2,0.0268087121212121,7,0.00486517043017826
48,20,10.0,3,0.037926136363636356,3,0.005913253302229981
48,20,10.0,4,0.03285037878787878,4,0.005659848545056036
48,20,10.0,5,-0.010037878787878788,15,0.0028855706577937566
48,20,10.0,6,0.09629734848484851,1,0.009493905561928303
48,20,10.0,7,0.02095643939393939,10,0.004861076050558989
48,20,10.0,8,-0.032964015151515154,16,0.00346175895653856
48,20,10.0,9,-0.0021212121212121275,14,0.0026950937253175642
48,20,10.0,10,0.027424242424242434,6,0.004589451682610423
48,20,10.0,11,0.029943181818181806,5,0.005697748815900899
48,20,10.0,12,0.026439393939393915,8,0.005032298544269737
48,20,10.0,13,0.008645833333333332,12,0.0036765518895800417
48,20,10.0,14,0.00612689393939393,13,0.003528614312539014
48,20,10.0,15,-0.04940340909090911,19,0.005165249749475868
48,20,10.0,16,-0.04516098484848485,17,0.005990115858468558
48,20,10.0,17,0.02325757575757575,9,0.003773892740147952
48,20,10.0,18,-0.04753787878787878,18,0.005380338151537059
48,20,10.0,19,0.014952651515151523,11,0.0030880301401762307
48,20,10.0,20,0.09133522727272729,2,0.0077356049917757285
48,20,No DP,1,-0.04552083333333333,19,0.00631953478117603
48,20,No DP,2,0.01541666666666666,11,0.0032307652890015215
48,20,No DP,3,0.03875000000000001,5,0.006428517999034604
48,20,No DP,4,0.024346590909090936,8,0.00543402691597936
48,20,No DP,5,-0.0005492424242424271,15,0.002216887410299608
48,20,No DP,6,0.07142045454545455,1,0.008466557115392313
48,20,No DP,7,0.04554924242424246,3,0.006776843592240523
48,20,No DP,8,-0.023494318181818175,17,0.0034741708690628472
48,20,No DP,9,0.01019886363636363,13,0.0028847580326549754
48,20,No DP,10,0.04483901515151516,4,0.006359652418490382
48,20,No DP,11,0.02395833333333334,9,0.004207796739785763
48,20,No DP,12,0.02479166666666667,7,0.006764961959491042
48,20,No DP,13,0.014251893939393958,12,0.004336839489824675
48,20,No DP,14,0.001458333333333326,14,0.0037968270253311066
48,20,No DP,15,-0.025615530303030307,18,0.006137917975024139
48,20,No DP,16,-0.021941287878787873,16,0.0039357741008471826
48,20,No DP,17,0.018768939393939397,10,0.004660214434008015
48,20,No DP,18,-0.05708333333333334,20,0.007714009339030166
48,20,No DP,19,0.027054924242424234,6,0.004855678977789001
48,20,No DP,20,0.061505681818181814,2,0.008082366947128335
49,20,0.5,1,-0.014517045454545447,19,0.005110076184219612
49,20,0.5,2,-0.0010416666666666647,11,0.005071241560086032
49,20,0.5,3,0.002073863636363642,5,0.004803604854478388
49,20,0.5,4,0.002935606060606059,3,0.005909310954042025
49,20,0.5,5,-0.004422348484848483,15,0.005864886239602433
49,20,0.5,6,-0.0021401515151515094,13,0.005615963369268701
49,20,0.5,7,-0.007528409090909092,17,0.005910447090269532
49,20,0.5,8,-0.007481060606060606,16,0.005287441576416033
49,20,0.5,9,0.0006439393939393911,7,0.005813034709352732
49,20,0.5,10,0.0017897727272727303,6,0.004900838449581437
49,20,0.5,11,0.00021780303030303206,8,0.0061750100465142845
49,20,0.5,12,-0.0012594696969696884,12,0.005441674744840844
49,20,0.5,13,-0.01110795454545454,18,0.005896889947932166
49,20,0.5,14,0.0053693181818181826,2,0.0058648097882089065
49,20,0.5,15,-0.000909090909090905,10,0.005415820950083274
49,20,0.5,16,-0.0006155303030303022,9,0.005113642939810587
49,20,0.5,17,0.008125000000000004,1,0.005403757596383125
49,20,0.5,18,0.0022159090909090874,4,0.004671070841517374
49,20,0.5,19,-0.0034753787878787907,14,0.005780938678238128
49,20,0.5,20,-0.021903409090909078,20,0.004688191619470141
49,20,1.0,1,-0.018087121212121207,18,0.005311284498768588
49,20,1.0,2,0.0037878787878787923,8,0.00491145995376227
49,20,1.0,3,0.011448863636363646,2,0.0047754526963124265
49,20,1.0,4,0.0029356060606060552,9,0.005754093656466856
49,20,1.0,5,-0.005312500000000003,14,0.00601743762790888
49,20,1.0,6,-0.0064678030303030295,15,0.005617566876726725
49,20,1.0,7,-0.01613636363636364,17,0.005840261160658961
49,20,1.0,8,-0.009053030303030302,16,0.005422744391710978
49,20,1.0,9,-0.0005397727272727293,11,0.005753404075190786
49,20,1.0,10,0.00470643939393939,6,0.005045179671481241
49,20,1.0,11,-0.0014678030303030304,12,0.0062120255761069654
49,20,1.0,12,0.007660984848484842,4,0.005318161836678987
49,20,1.0,13,-0.01907196969696969,19,0.00603483542031392
49,20,1.0,14,0.009157196969696973,3,0.005792344416391077
49,20,1.0,15,0.004791666666666675,5,0.005348473111949524
49,20,1.0,16,0.0015246212121212172,10,0.004911786676089653
49,20,1.0,17,0.01712121212121211,1,0.005275287279092139
49,20,1.0,18,0.004441287878787888,7,0.004781244185763823
49,20,1.0,19,-0.0046685606060606075,13,0.00576142550658609
49,20,1.0,20,-0.0246496212121212,20,0.004724523875874427
49,20,2.0,1,-0.021695075757575757,17,0.005624028953399456
49,20,2.0,2,0.012405303030303037,7,0.004408578750973531
49,20,2.0,3,0.02233901515151514,2,0.004390143650965581
49,20,2.0,4,0.0024905303030303004,10,0.005519942411481072
49,20,2.0,5,-0.003456439393939387,13,0.005988988172610543
49,20,2.0,6,-0.015047348484848486,16,0.0053929885997804836
49,20,2.0,7,-0.03147727272727273,18,0.005782785345105469
49,20,2.0,8,-0.009242424242424241,15,0.005404967897491245
49,20,2.0,9,-0.0004829545454545514,11,0.0057254714322790435
49,20,2.0,10,0.011893939393939386,8,0.004900278958673588
49,20,2.0,11,-0.0034185606060606094,12,0.006145094900658319
49,20,2.0,12,0.02225378787878789,3,0.005127427740846603
49,20,2.0,13,-0.03511363636363638,20,0.006278654469815288
49,20,2.0,14,0.016799242424242414,4,0.005278566067405183
49,20,2.0,15,0.013437499999999986,5,0.005137495109101318
49,20,2.0,16,0.008503787878787866,9,0.0043766595468492445
49,20,2.0,17,0.029232954545454534,1,0.005005568506582764
49,20,2.0,18,0.012869318181818183,6,0.004951593892375612
49,20,2.0,19,-0.0078030303030303064,14,0.0055337901521577
49,20,2.0,20,-0.03490530303030303,19,0.004931412684651859
49,20,5.0,1,-0.025066287878787872,16,0.005641960182124891
49,20,5.0,2,0.02304924242424243,8,0.0036606771806318695
49,20,5.0,3,0.034157196969696955,3,0.004038784237237289
49,20,5.0,4,-0.00048295454545453973,10,0.004020942949268754
49,20,5.0,5,-0.0028314393939394035,11,0.005018787429803464
49,20,5.0,6,-0.033873106060606055,17,0.005147855746133574
49,20,5.0,7,-0.059157196969696964,19,0.005129193069996472
49,20,5.0,8,-0.01202651515151515,15,0.00451591371375829
49,20,5.0,9,-0.0029261363636363612,12,0.004863666140727075
49,20,5.0,10,0.02352272727272727,7,0.003995487691051998
49,20,5.0,11,-0.011571969696969697,14,0.00535957375621003
49,20,5.0,12,0.04835227272727274,2,0.005347970093372357
49,20,5.0,13,-0.0616193181818182,20,0.006200970669201778
49,20,5.0,14,0.02770833333333332,4,0.00454414477657338
49,20,5.0,15,0.025606060606060615,6,0.004288380685906322
49,20,5.0,16,0.01807765151515152,9,0.0034197302152205095
49,20,5.0,17,0.05315340909090909,1,0.005398136863114699
49,20,5.0,18,0.027054924242424234,5,0.004104679558330047
49,20,5.0,19,-0.0109280303030303,13,0.00484682773824246
49,20,5.0,20,-0.05262310606060607,18,0.004623079583397173
49,20,10.0,1,-0.023551136363636354,16,0.004978479264738217
49,20,10.0,2,0.028816287878787872,8,0.004061214103015293
49,20,10.0,3,0.038882575757575755,3,0.0038995338268573076
49,20,10.0,4,-0.0041003787878787995,12,0.0032853449676079486
49,20,10.0,5,-0.0008901515151515165,10,0.00341239896317595
49,20,10.0,6,-0.04491477272727273,17,0.004576837977476699
49,20,10.0,7,-0.07167613636363639,19,0.005354386320943749
49,20,10.0,8,-0.011969696969696977,13,0.003280276786234159
49,20,10.0,9,-0.0011647727272727287,11,0.003307591910895952
49,20,10.0,10,0.03152462121212121,7,0.00370402678772137
49,20,10.0,11,-0.013617424242424247,15,0.004458966076594687
49,20,10.0,12,0.06111742424242425,2,0.006102606890856158
49,20,10.0,13,-0.07882575757575759,20,0.005971004317699281
49,20,10.0,14,0.031761363636363636,6,0.004163101522290129
49,20,10.0,15,0.03347537878787879,5,0.004016164801207349
49,20,10.0,16,0.025890151515151533,9,0.0034094912433291157
49,20,10.0,17,0.06473484848484848,1,0.005968186193617758
49,20,10.0,18,0.036373106060606064,4,0.0039703695277695334
49,20,10.0,19,-0.012613636363636374,14,0.003846209957562019
49,20,10.0,20,-0.05989583333333335,18,0.004561944815555332
49,20,No DP,1,-0.006392045454545454,15,0.0009264224437314292
49,20,No DP,2,0.011089015151515148,11,0.004322422305696839
49,20,No DP,3,0.033124999999999995,3,0.005985297679249434
49,20,No DP,4,0.023513257575757604,7,0.0033564714065135947
49,20,No DP,5,0.022698863636363652,9,0.0029912389470232404
49,20,No DP,6,-0.021136363636363637,18,0.0018322764922819271
49,20,No DP,7,-0.030795454545454532,19,0.004561337465260892
49,20,No DP,8,-0.0022348484848485027,14,0.001039557092504629
49,20,No DP,9,0.010378787878787883,12,0.003076906086882261
49,20,No DP,10,0.0319507575757576,4,0.005072905618380217
49,20,No DP,11,-0.012386363636363619,17,0.0015904400462963628
49,20,No DP,12,0.06009469696969696,2,0.007113090498871299
49,20,No DP,13,-0.041515151515151526,20,0.00488690903110839
49,20,No DP,14,0.031477272727272736,5,0.00557339930262505
49,20,No DP,15,0.03100378787878788,6,0.004912840456265033
49,20,No DP,16,0.012973484848484857,10,0.003633193358406405
49,20,No DP,17,0.0625189393939394,1,0.007667063176580268
49,20,No DP,18,0.023162878787878798,8,0.004313702571178213
49,20,No DP,19,0.0012310606060606083,13,0.003344278153365818
49,20,No DP,20,-0.007803030303030312,16,0.0027551161816649376
50,20,0.5,1,0.010094696969696972,1,0.006489046814752502
50,20,0.5,2,0.0009564393939393989,7,0.006922374328911669
50,20,0.5,3,-0.00023674242424241376,9,0.007193808802980246
50,20,0.5,4,0.0004734848484848431,8,0.006069130191562838
50,20,0.5,5,0.0062689393939393935,4,0.00656115087360989
50,20,0.5,6,-0.010643939393939398,18,0.00679218423216787
50,20,0.5,7,-0.0012973484848484895,10,0.007513208341288218
50,20,0.5,8,0.004327651515151524,5,0.006356096371278543
50,20,0.5,9,-0.0044981060606060705,14,0.006982710478820252
50,20,0.5,10,-0.0029545454545454462,12,0.00647319116485442
50,20,0.5,11,-0.02066287878787878,20,0.006070856920378237
50,20,0.5,12,-0.004337121212121216,13,0.006735254050491017
50,20,0.5,13,-0.004753787878787874,15,0.006801075183475447
50,20,0.5,14,-0.00231060606060606,11,0.005879031938076678
50,20,0.5,15,0.009649621212121205,2,0.005747126167663352
50,20,0.5,16,0.003087121212121222,6,0.007282949580843426
50,20,0.5,17,0.0064393939393939306,3,0.008712985793727064
50,20,0.5,18,-0.008835227272727269,17,0.007852543782962908
50,20,0.5,19,-0.007452651515151518,16,0.005267376338723507
50,20,0.5,20,-0.012140151515151515,19,0.006380192152253614
50,20,1.0,1,0.018172348484848496,1,0.006673075741058407
50,20,1.0,2,0.0033522727272727176,7,0.007053601157202924
50,20,1.0,3,0.0019034090909090878,9,0.007316411856490815
50,20,1.0,4,0.002405303030303022,8,0.006308842893216281
50,20,1.0,5,0.013645833333333331,3,0.006716320006037259
50,20,1.0,6,-0.012679924242424251,18,0.006684129040531399
50,20,1.0,7,-0.0031534090909090973,13,0.0077494419689904575
50,20,1.0,8,0.008210227272727275,6,0.00675541998275628
50,20,1.0,9,-0.0066666666666666706,15,0.007085433572932365
50,20,1.0,10,-0.00566287878787879,14,0.006537891132489489
50,20,1.0,11,-0.02508522727272726,20,0.00621932749924555
50,20,1.0,12,-0.0017992424242424233,11,0.006709472434215709
50,20,1.0,13,-0.002272727272727277,12,0.007057091135598523
50,20,1.0,14,-0.0004734848484848558,10,0.00585678365180337
50,20,1.0,15,0.013409090909090897,4,0.005894393386347838
50,20,1.0,16,0.009214015151515148,5,0.007143477128730359
50,20,1.0,17,0.016439393939393927,2,0.009125059357392764
50,20,1.0,18,-0.009810606060606058,16,0.008139363143429862
50,20,1.0,19,-0.011344696969696977,17,0.00539259092407593
50,20,1.0,20,-0.015378787878787863,19,0.006589087283046085
50,20,2.0,1,0.029715909090909102,2,0.006851543746924767
50,20,2.0,2,0.00629734848484849,9,0.006856104749878814
50,20,2.0,3,0.00705492424242424,8,0.007184029123121773
50,20,2.0,4,0.007291666666666657,7,0.006227310456182248
50,20,2.0,5,0.024270833333333332,3,0.0069756728616665546
50,20,2.0,6,-0.02055871212121212,18,0.006490719790917844
50,20,2.0,7,-0.0038825757575757635,13,0.007730446048874193
50,20,2.0,8,0.013030303030303014,6,0.006897803196293917
50,20,2.0,9,-0.009545454545454541,14,0.007021749077864327
50,20,2.0,10,-0.0103314393939394,15,0.006247762670599995
50,20,2.0,11,-0.030757575757575747,20,0.006219428213659745
50,20,2.0,12,-0.001174242424242426,12,0.0063172478371879195
50,20,2.0,13,0.0027462121212121155,11,0.007284437827585444
50,20,2.0,14,0.0032291666666666536,10,0.005851431350104343
50,20,2.0,15,0.019337121212121215,5,0.005895328342321071
50,20,2.0,16,0.020464015151515157,4,0.007062221604722087
50,20,2.0,17,0.0371780303030303,1,0.009299749839578587
50,20,2.0,18,-0.01107007575757576,16,0.00805288125191676
50,20,2.0,19,-0.01576704545454545,17,0.005377043287683238
50,20,2.0,20,-0.021126893939393928,19,0.006268105304188519
50,20,5.0,1,0.040634469696969704,2,0.006627300901942819
50,20,5.0,2,0.012159090909090921,9,0.0054019574067748575
50,20,5.0,3,0.016789772727272726,7,0.005964057778531614
50,20,5.0,4,0.014753787878787884,8,0.005586722828631985
50,20,5.0,5,0.03871212121212121,4,0.006745007697940076
50,20,5.0,6,-0.028494318181818194,18,0.005354041301417911
50,20,5.0,7,-0.012291666666666678,14,0.006628165284614927
50,20,5.0,8,0.022376893939393953,6,0.005806641124200757
50,20,5.0,9,-0.015577651515151525,16,0.005908777899999463
50,20,5.0,10,-0.013115530303030311,15,0.005129331535770064
50,20,5.0,11,-0.03922348484848484,20,0.005807853702465912
50,20,5.0,12,-0.001193181818181836,12,0.00412662883151434
50,20,5.0,13,0.009403409090909087,10,0.005508470795906512
50,20,5.0,14,0.0019602272727272645,11,0.004837935652437258
50,20,5.0,15,0.025577651515151522,5,0.005490701385352389
50,20,5.0,16,0.040558712121212134,3,0.006261869683280177
50,20,5.0,17,0.06598484848484847,1,0.008919679243153008
50,20,5.0,18,-0.010492424242424232,13,0.006379184311621239
50,20,5.0,19,-0.019488636363636368,17,0.004537698164437859
50,20,5.0,20,-0.03634469696969697,19,0.0048234472045449155
50,20,10.0,1,0.04210227272727273,3,0.0060600647840677625
50,20,10.0,2,0.016070075757575762,9,0.004081658113910309
50,20,10.0,3,0.02694128787878787,6,0.004833505784867593
50,20,10.0,4,0.022964015151515166,8,0.005556338140401034
50,20,10.0,5,0.041363636363636366,4,0.006634790031540281
50,20,10.0,6,-0.0322159090909091,18,0.004687910909446081
50,20,10.0,7,-0.01403409090909092,15,0.005570876808647434
50,20,10.0,8,0.026467803030303022,7,0.004316631811626036
50,20,10.0,9,-0.015719696969696967,16,0.004705534255380395
50,20,10.0,10,-0.010303030303030312,14,0.004207664179132244
50,20,10.0,11,-0.038210227272727285,19,0.004953608803566993
50,20,10.0,12,-0.001609848484848486,12,0.002922609917801986
50,20,10.0,13,0.015464015151515147,10,0.0036851129561674286
50,20,10.0,14,0.0009185606060606067,11,0.003207375459626633
50,20,10.0,15,0.02761363636363635,5,0.0044576574498622285
50,20,10.0,16,0.05017992424242424,2,0.006216717150932577
50,20,10.0,17,0.06787878787878787,1,0.009295016552003562
50,20,10.0,18,-0.007168560606060614,13,0.0039027849645491635
50,20,10.0,19,-0.016856060606060624,17,0.0037105264818173903
50,20,10.0,20,-0.0465435606060606,20,0.003856164208548997
50,20,No DP,1,0.031590909090909086,3,0.005638256621471606
50,20,No DP,2,0.012178030303030316,8,0.003779014723240237
50,20,No DP,3,0.027575757575757587,5,0.006447400325681346
50,20,No DP,4,0.011704545454545436,10,0.005250321795857382
50,20,No DP,5,0.021240530303030303,6,0.004622167821414338
50,20,No DP,6,-0.008645833333333323,19,0.003229726330022228
50,20,No DP,7,-0.0030776515151515254,14,0.002193798938076315
50,20,No DP,8,0.03142045454545455,4,0.0034518410674668236
50,20,No DP,9,-0.0078503787878788,17,0.0025808458195601567
50,20,No DP,10,0.006363636363636368,11,0.0011848918363765726
50,20,No DP,11,-0.0024242424242424303,13,0.001436233072476632
50,20,No DP,12,0.00228219696969698,12,0.00434792337386508
50,20,No DP,13,0.012035984848484851,9,0.0042098590971327305
50,20,No DP,14,-0.010710227272727288,20,0.0029845833395829263
50,20,No DP,15,0.015047348484848495,7,0.003634338308100881
50,20,No DP,16,0.03803030303030304,2,0.007037440456715652
50,20,No DP,17,0.08193181818181819,1,0.008288549170300242
50,20,No DP,18,-0.008314393939393944,18,0.0020215787015376275
50,20,No DP,19,-0.007291666666666657,16,0.0014935426416276057
50,20,No DP,20,-0.005397727272727276,15,0.002093574175765135
51,20,0.5,1,-0.012035984848484838,19,0.00598769912871407
51,20,0.5,2,-0.003058712121212117,15,0.0041038405456634095
51,20,0.5,3,-0.007679924242424235,17,0.004797556249164814
51,20,0.5,4,0.0011931818181818243,6,0.006460715869514957
51,20,0.5,5,-0.0029356060606060626,14,0.00568887661318685
51,20,0.5,6,-0.016609848484848477,20,0.006354490124088963
51,20,0.5,7,0.008797348484848495,3,0.0053078356035656275
51,20,0.5,8,-0.00783143939393939,18,0.004876790139377853
51,20,0.5,9,-0.0011647727272727215,9,0.0056906789336657795
51,20,0.5,10,-0.002291666666666656,13,0.0055778071439933396
51,20,0.5,11,-0.0021022727272727326,12,0.00626034468738845
51,20,0.5,12,0.0025473484848484835,5,0.006186281239826188
51,20,0.5,13,0.000634469696969705,7,0.005357339180655909
51,20,0.5,14,0.015729166666666673,1,0.005926500658854332
51,20,0.5,15,-0.007386363636363633,16,0.0064704714647130426
51,20,0.5,16,0.01268939393939394,2,0.005872815641241832
51,20,0.5,17,-0.0014583333333333436,11,0.0054408896952685025
51,20,0.5,18,-0.0014109848484848508,10,0.006912612788053753
51,20,0.5,19,0.004327651515151523,4,0.005160719950805363
51,20,0.5,20,-0.0007859848484848487,8,0.006301200049659489
51,20,1.0,1,-0.018058712121212125,19,0.005580846100512092
51,20,1.0,2,-0.004981060606060599,15,0.003640026859878044
51,20,1.0,3,-0.008361742424242419,17,0.0043339577378795355
51,20,1.0,4,0.007357954545454527,5,0.005812648646731249
51,20,1.0,5,0.0013920454545454535,11,0.005424119009277185
51,20,1.0,6,-0.024535984848484845,20,0.006091556491086855
51,20,1.0,7,0.01857954545454546,3,0.005211531043159968
51,20,1.0,8,-0.01235795454545455,18,0.004459299809477469
51,20,1.0,9,-0.001808712121212126,13,0.005234149088672342
51,20,1.0,10,-0.0009564393939393834,12,0.005154273419744028
51,20,1.0,11,0.0015530303030302905,10,0.005786233132102872
51,20,1.0,12,0.005113636363636352,7,0.00603938044517947
51,20,1.0,13,0.01160037878787877,4,0.0051180426968270775
51,20,1.0,14,0.019952651515151514,1,0.005756177795171933
51,20,1.0,15,-0.006136363636363642,16,0.0061020199616592975
51,20,1.0,16,0.019725378787878802,2,0.005732774267995718
51,20,1.0,17,-0.002575757575757572,14,0.005090419376924266
51,20,1.0,18,0.0028219696969696956,9,0.006528076667785596
51,20,1.0,19,0.005037878787878786,8,0.005119820895394514
51,20,1.0,20,0.005577651515151537,6,0.0056851457270038755
51,20,2.0,1,-0.025539772727272734,19,0.004806884875931277
51,20,2.0,2,-0.006477272727272721,16,0.003193962439181422
51,20,2.0,3,-0.009185606060606063,17,0.003758085960138815
51,20,2.0,4,0.014090909090909091,6,0.005623904341817497
51,20,2.0,5,0.006477272727272726,10,0.005359927454177864
51,20,2.0,6,-0.03536931818181818,20,0.005274789096805941
51,20,2.0,7,0.029829545454545466,1,0.005291069777728465
51,20,2.0,8,-0.014943181818181812,18,0.004068898154443104
51,20,2.0,9,-0.0005587121212121138,13,0.004813179619853481
51,20,2.0,10,-0.004753787878787878,15,0.004589589628745108
51,20,2.0,11,0.003446969696969686,11,0.005241843301801648
51,20,2.0,12,0.010558712121212123,7,0.005928595659336848
51,20,2.0,13,0.02588068181818182,3,0.005147092697720073
51,20,2.0,14,0.023598484848484865,4,0.005900064735991371
51,20,2.0,15,-0.004422348484848499,14,0.005372649997067502
51,20,2.0,16,0.027168560606060602,2,0.0059594375523990125
51,20,2.0,17,-1.89393939393806e-05,12,0.004670355853733743
51,20,2.0,18,0.006761363636363621,9,0.006044397418870997
51,20,2.0,19,0.009166666666666665,8,0.005116614592882958
51,20,2.0,20,0.01625946969696971,5,0.005436514267252667
51,20,5.0,1,-0.031051136363636368,19,0.0037076807228627745
51,20,5.0,2,-0.0026420454545454664,15,0.0026037119093293994
51,20,5.0,3,-0.007357954545454539,16,0.0032583149432223934
51,20,5.0,4,0.01815340909090908,7,0.005832134970744126
51,20,5.0,5,0.017623106060606054,9,0.005132189529664695
51,20,5.0,6,-0.047660984848484855,20,0.005820437446851894
51,20,5.0,7,0.03521780303030304,3,0.005452188947376537
51,20,5.0,8,-0.014157196969696981,18,0.0031342944597632745
51,20,5.0,9,0.0013636363636363546,14,0.004932763606258155
51,20,5.0,10,-0.008162878787878792,17,0.004012219752263076
51,20,5.0,11,0.009034090909090929,11,0.005551995710083377
51,20,5.0,12,0.02042613636363637,6,0.0066141919256877
51,20,5.0,13,0.04142992424242424,1,0.005445633617668056
51,20,5.0,14,0.027140151515151523,4,0.006694911274821485
51,20,5.0,15,0.003749999999999981,12,0.00469545964851532
51,20,5.0,16,0.03670454545454545,2,0.006611152406770422
51,20,5.0,17,0.0031344696969696994,13,0.004458441445066719
51,20,5.0,18,0.009299242424242422,10,0.005977252623636353
51,20,5.0,19,0.01764204545454546,8,0.00510102356913601
51,20,5.0,20,0.02068181818181818,5,0.005684922131961407
51,20,10.0,1,-0.038475378787878795,19,0.003843242536323938
51,20,10.0,2,0.0015719696969696871,13,0.002296014689381744
51,20,10.0,3,-0.00539772727272728,16,0.0027480564600916102
51,20,10.0,4,0.013598484848484853,9,0.0056409279895743136
51,20,10.0,5,0.025198863636363616,5,0.00499908334615708
51,20,10.0,6,-0.05219696969696966,20,0.006921801526706381
51,20,10.0,7,0.034839015151515135,3,0.005493196376629907
51,20,10.0,8,-0.009857954545454557,18,0.002421321889874838
51,20,10.0,9,0.001316287878787873,14,0.00432979347810885
51,20,10.0,10,-0.009071969696969698,17,0.003221122122199791
51,20,10.0,11,0.012518939393939398,10,0.0054066509834203025
51,20,10.0,12,0.021846590909090916,6,0.00638917942200575
51,20,10.0,13,0.04598484848484851,1,0.005982215569680717
51,20,10.0,14,0.031174242424242427,4,0.006857024250041456
51,20,10.0,15,0.010000000000000023,12,0.004610435926565515
51,20,10.0,16,0.03920454545454546,2,0.006988379727570089
51,20,10.0,17,0.0007196969696969613,15,0.003896757175269192
51,20,10.0,18,0.01195075757575757,11,0.005635397173474176
51,20,10.0,19,0.020530303030303027,7,0.004815373592004938
51,20,10.0,20,0.016893939393939402,8,0.005419690827759754
51,20,No DP,1,-0.0296590909090909,19,0.004954866892547672
51,20,No DP,2,0.006259469696969697,14,0.0020137704152400652
51,20,No DP,3,-0.014857954545454542,17,0.0021013210632637694
51,20,No DP,4,0.027926136363636386,5,0.004476002209589002
51,20,No DP,5,0.012215909090909088,11,0.004514205638035351
51,20,No DP,6,-0.06920454545454546,20,0.008270235898997615
51,20,No DP,7,0.049573863636363645,2,0.006031570703302127
51,20,No DP,8,-0.022935606060606063,18,0.002857639499072177
51,20,No DP,9,0.010530303030303036,13,0.002727479211459547
51,20,No DP,10,-0.009242424242424234,16,0.0016146385954285754
51,20,No DP,11,0.027111742424242403,6,0.005225104797889944
51,20,No DP,12,0.014687499999999987,10,0.0021772682708432697
51,20,No DP,13,0.05902462121212122,1,0.006140425712546458
51,20,No DP,14,0.04424242424242426,4,0.005830443745151914
51,20,No DP,15,0.01216856060606061,12,0.003379882635144759
51,20,No DP,16,0.0444412878787879,3,0.006468811689284997
51,20,No DP,17,0.0038257575757575657,15,0.0030777220271642784
51,20,No DP,18,0.025132575757575756,7,0.004002567024524721
51,20,No DP,19,0.020340909090909083,9,0.0026934415230875173
51,20,No DP,20,0.023267045454545457,8,0.0036481878219836355
52,20,0.5,1,-0.005132575757575768,16,0.005758995725517508
52,20,0.5,2,-0.006429924242424232,19,0.005375507412330975
52,20,0.5,3,0.009820075757575762,2,0.006328162180762338
52,20,0.5,4,-0.004090909090909085,15,0.006127806884818651
52,20,0.5,5,0.005520833333333337,4,0.005503809630371625
52,20,0.5,6,-0.00159090909090909,11,0.0051328532017152146
52,20,0.5,7,0.0031250000000000106,6,0.005253326663135876
52,20,0.5,8,0.007670454545454548,3,0.006124170979389991
52,20,0.5,9,-0.005928030303030299,18,0.00543784302243868
52,20,0.5,10,-0.003551136363636367,13,0.004369244192770452
52,20,0.5,11,-0.014611742424242423,20,0.005499069500734605
52,20,0.5,12,-0.0038636363636363647,14,0.0055712679553164305
52,20,0.5,13,-0.005407196969696972,17,0.0048027572386470825
52,20,0.5,14,-0.0017803030303030227,12,0.006121399637091836
52,20,0.5,15,0.0019602272727272775,8,0.005753045575608614
52,20,0.5,16,0.004905303030303023,5,0.0066940695099121416
52,20,0.5,17,0.002897727272727269,7,0.004402600935940916
52,20,0.5,18,-0.0012499999999999929,10,0.005558831176774705
52,20,0.5,19,0.01978219696969696,1,0.005161947279597486
52,20,0.5,20,-0.0010984848484848454,9,0.005783414905625849
52,20,1.0,1,-0.0008428030303030354,11,0.005349547317398963
52,20,1.0,2,-0.007916666666666676,19,0.005156204694822808
52,20,1.0,3,0.01567234848484848,2,0.005783207980055378
52,20,1.0,4,0.00442234848484848,7,0.0053431762159797305
52,20,1.0,5,0.01291666666666667,4,0.005033079708960441
52,20,1.0,6,-0.0035037878787878636,14,0.00483686499701111
52,20,1.0,7,0.012547348484848477,5,0.004497006943067137
52,20,1.0,8,0.015388257575757574,3,0.005507968061947184
52,20,1.0,9,-0.0056344696969696986,17,0.00514709827291321
52,20,1.0,10,-0.004763257575757579,15,0.004252082801872867
52,20,1.0,11,-0.018409090909090906,20,0.005172714291404066
52,20,1.0,12,-0.0025568181818181905,13,0.0051152056374371745
52,20,1.0,13,-0.006373106060606053,18,0.004630882342903751
52,20,1.0,14,0.0018750000000000095,8,0.005617725310696233
52,20,1.0,15,-0.00535984848484849,16,0.0054215023313373256
52,20,1.0,16,0.0018371212121212077,9,0.006128903468869145
52,20,1.0,17,0.011941287878787874,6,0.00405665493457443
52,20,1.0,18,0.0008617424242424249,10,0.005023941457492123
52,20,1.0,19,0.025748106060606065,1,0.004996693390534899
52,20,1.0,20,-0.0014488636363636292,12,0.005338699961538142
52,20,2.0,1,0.00500946969696968,9,0.004399921129989293
52,20,2.0,2,-0.011496212121212119,18,0.004569126727115251
52,20,2.0,3,0.028276515151515146,2,0.005058378844971598
52,20,2.0,4,0.015511363636363627,7,0.004492026992630971
52,20,2.0,5,0.023162878787878816,5,0.004652164798306919
52,20,2.0,6,-0.0060416666666666665,14,0.004087921976909799
52,20,2.0,7,0.02330492424242425,4,0.00392475003938007
52,20,2.0,8,0.02627840909090912,3,0.0046966522795666285
52,20,2.0,9,-0.010265151515151522,17,0.004483873415962642
52,20,2.0,10,-0.00765151515151516,15,0.003946868818870226
52,20,2.0,11,-0.0162405303030303,20,0.004170783413085391
52,20,2.0,12,-0.00039772727272727404,13,0.004481141854203359
52,20,2.0,13,-0.007935606060606079,16,0.003976004938633574
52,20,2.0,14,0.007481060606060599,8,0.004649987642167885
52,20,2.0,15,-0.013248106060606073,19,0.004515317847473942
52,20,2.0,16,0.0005776515151515093,12,0.005216383155955913
52,20,2.0,17,0.021960227272727284,6,0.003619101997690241
52,20,2.0,18,0.004195075757575757,10,0.0038362034625578647
52,20,2.0,19,0.0318844696969697,1,0.0051702994031280905
52,20,2.0,20,0.00211174242424242,11,0.004512603332423668
52,20,5.0,1,0.016884469696969703,8,0.003604014267506798
52,20,5.0,2,-0.010378787878787885,18,0.002861664083519486
52,20,5.0,3,0.03727272727272726,2,0.006014778798276349
52,20,5.0,4,0.024876893939393952,7,0.004765541710158977
52,20,5.0,5,0.03483901515151515,3,0.006013865917092533
52,20,5.0,6,-0.008721590909090917,16,0.0025435364557507803
52,20,5.0,7,0.028465909090909097,5,0.005022472669971956
52,20,5.0,8,0.04061553030303033,1,0.00543553833700288
52,20,5.0,9,-0.009062499999999994,17,0.0031851774463484465
52,20,5.0,10,-0.003844696969696959,13,0.0030062319291889812
52,20,5.0,11,-0.01099431818181819,19,0.0021672946466901135
52,20,5.0,12,0.008759469696969701,11,0.0036451906901145753
52,20,5.0,13,-0.004412878787878797,14,0.002992970198565987
52,20,5.0,14,0.012651515151515157,9,0.004920098052030854
52,20,5.0,15,-0.01666666666666666,20,0.003323634305306262
52,20,5.0,16,0.002954545454545444,12,0.002892780239453753
52,20,5.0,17,0.027054924242424252,6,0.004644483425515426
52,20,5.0,18,0.01166666666666665,10,0.0035056014962230645
52,20,5.0,19,0.03295454545454546,4,0.005215112667789741
52,20,5.0,20,-0.007528409090909097,15,0.0033335317337219706
52,20,10.0,1,0.02083333333333333,8,0.0042783751356856164
52,20,10.0,2,-0.007443181818181801,18,0.002161706781914091
52,20,10.0,3,0.035937500000000025,3,0.007109559078056662
52,20,10.0,4,0.02842803030303028,5,0.005566377451927584
52,20,10.0,5,0.036818181818181805,2,0.00703419748699468
52,20,10.0,6,-0.00577651515151516,17,0.0015324240383117172
52,20,10.0,7,0.029024621212121203,4,0.006062091067475397
52,20,10.0,8,0.040965909090909094,1,0.006454675216987701
52,20,10.0,9,-0.003958333333333347,16,0.001892868068209074
52,20,10.0,10,0.0008712121212121049,13,0.0021413529076317528
52,20,10.0,11,-0.003721590909090919,15,0.001609472716839633
52,20,10.0,12,0.016174242424242424,10,0.003966835149904738
52,20,10.0,13,-0.0008617424242424221,14,0.0024910557617710974
52,20,10.0,14,0.012206439393939396,11,0.005817969347224255
52,20,10.0,15,-0.015909090909090918,20,0.0032139543261328883
52,20,10.0,16,0.008674242424242416,12,0.002016566133117839
52,20,10.0,17,0.02287878787878786,7,0.0049378766667127014
52,20,10.0,18,0.017187499999999974,9,0.0052931519025560805
52,20,10.0,19,0.028134469696969693,6,0.005375690913134851
52,20,10.0,20,-0.014251893939393927,19,0.0032867454745813375
52,20,No DP,1,0.025265151515151515,6,0.003547912172690294
52,20,No DP,2,-0.0010606060606060585,15,0.0020276335061951804
52,20,No DP,3,0.026666666666666665,5,0.006725868122201414
52,20,No DP,4,0.03327651515151516,2,0.006489417165868055
52,20,No DP,5,0.0305871212121212,3,0.006387638772821844
52,20,No DP,6,-0.006619318181818201,18,0.002134634170950652
52,20,No DP,7,0.030198863636363652,4,0.005626958881824885
52,20,No DP,8,0.045321969696969694,1,0.0064492184968890035
52,20,No DP,9,-0.00028409090909092274,14,0.002047097929893195
52,20,No DP,10,0.002613636363636366,13,0.0020287759974305275
52,20,No DP,11,-0.0035416666666666786,16,0.0013160235182537124
52,20,No DP,12,0.0203125,10,0.003786940579831794
52,20,No DP,13,-0.01284090909090908,19,0.0011426059607505558
52,20,No DP,14,-0.005217803030303028,17,0.0037759398734735815
52,20,No DP,15,-0.019507575757575762,20,0.004047694554907217
52,20,No DP,16,0.02139204545454545,9,0.00417279798109008
52,20,No DP,17,0.01769886363636364,11,0.004456751585189754
52,20,No DP,18,0.023267045454545457,7,0.006110387626154483
52,20,No DP,19,0.022054924242424258,8,0.004112712288607004
52,20,No DP,20,0.004204545454545468,12,0.003764995271436526
53,20,0.5,1,0.004393939393939389,5,0.004808415601274727
53,20,0.5,2,0.0044791666666666695,4,0.0055044254822388325
53,20,0.5,3,-0.004195075757575761,15,0.00403534122660526
53,20,0.5,4,0.004318181818181821,6,0.004582674320265391
53,20,0.5,5,0.006846590909090905,3,0.004467486593126848
53,20,0.5,6,0.0024147727272727324,7,0.003898764637074842
53,20,0.5,7,-0.0010227272727272724,13,0.004864119412196468
53,20,0.5,8,-0.000492424242424237,11,0.004658291690505136
53,20,0.5,9,-0.006107954545454554,17,0.004482526348275277
53,20,0.5,10,4.440892098500626e-18,9,0.0037901271736176185
53,20,0.5,11,-0.0018465909090909078,14,0.0044738154938681746
53,20,0.5,12,-0.0007291666666666636,12,0.004576007147988934
53,20,0.5,13,-0.012490530303030307,19,0.0038720685383336457
53,20,0.5,14,-0.0068939393939393976,18,0.004939372153233233
53,20,0.5,15,-0.004857954545454535,16,0.004400519477921038
53,20,0.5,16,0.002320075757575751,8,0.003828601529765914
53,20,0.5,17,4.440892098500626e-18,10,0.004425541073932263
53,20,0.5,18,-0.01624053030303031,20,0.004105621495270981
53,20,0.5,19,0.007859848484848487,2,0.0043903970340790745
53,20,0.5,20,0.014668560606060609,1,0.0039329122220747555
53,20,1.0,1,0.002490530303030294,10,0.004673862066906341
53,20,1.0,2,0.011458333333333322,5,0.005386759524406421
53,20,1.0,3,-0.006628787878787876,16,0.004157401889751691
53,20,1.0,4,0.0026799242424242363,9,0.00463468011915338
53,20,1.0,5,0.009990530303030307,6,0.004472973547839992
53,20,1.0,6,0.01281249999999999,4,0.00401440224480461
53,20,1.0,7,-0.0011647727272727226,13,0.004803309139424342
53,20,1.0,8,0.003001893939393945,8,0.00461657303707977
53,20,1.0,9,-0.007547348484848483,17,0.004502986885439314
53,20,1.0,10,0.00019886363636362092,12,0.00382112059128928
53,20,1.0,11,-0.0029640151515151663,14,0.004445367767293262
53,20,1.0,12,0.005681818181818178,7,0.004510141394872751
53,20,1.0,13,-0.023011363636363642,19,0.004069381224495376
53,20,1.0,14,-0.008731060606060614,18,0.004919752833884093
53,20,1.0,15,-0.006202651515151529,15,0.004481485941768592
53,20,1.0,16,0.01281250000000001,3,0.004037056435071449
53,20,1.0,17,0.0003409090909090812,11,0.004592588639169828
53,20,1.0,18,-0.023191287878787877,20,0.004283287353805321
53,20,1.0,19,0.017452651515151515,2,0.004522476941418658
53,20,1.0,20,0.02892992424242424,1,0.004428627586768185
53,20,2.0,1,0.0010511363636363557,11,0.004323057102169745
53,20,2.0,2,0.02057765151515151,5,0.005933108710940489
53,20,2.0,3,-0.007443181818181822,16,0.004172753388240496
53,20,2.0,4,-0.0018181818181818089,13,0.0047498187583227425
53,20,2.0,5,0.014488636363636353,7,0.004976296474411435
53,20,2.0,6,0.024971590909090915,3,0.004258156516217937
53,20,2.0,7,0.0031723484848484866,10,0.004668289280793474
53,20,2.0,8,0.00636363636363637,8,0.004622630029617926
53,20,2.0,9,-0.008446969696969701,18,0.004576865897782126
53,20,2.0,10,0.0038068181818181833,9,0.003794643107931871
53,20,2.0,11,-0.004214015151515139,14,0.004707370552206703
53,20,2.0,12,0.018049242424242412,6,0.004825250987277284
53,20,2.0,13,-0.03711174242424243,20,0.004075221019620659
53,20,2.0,14,-0.007509469696969698,17,0.004914129603364792
53,20,2.0,15,-0.007282196969696979,15,0.004597353942580296
53,20,2.0,16,0.0240340909090909,4,0.004459951416548235
53,20,2.0,17,6.628787878787901e-05,12,0.0046872657387131925
53,20,2.0,18,-0.029943181818181817,19,0.004274281346835982
53,20,2.0,19,0.029678030303030303,2,0.005095193664534185
53,20,2.0,20,0.04178977272727272,1,0.004842797012208728
53,20,5.0,1,1.893939393939226e-05,12,0.0032439477755613322
53,20,5.0,2,0.029356060606060604,6,0.006549580892808461
53,20,5.0,3,-0.002878787878787872,13,0.0041042352744192125
53,20,5.0,4,-0.012424242424242438,18,0.003676420785056718
53,20,5.0,5,0.01398674242424245,8,0.0040302401729192085
53,20,5.0,6,0.039725378787878796,3,0.0049824534109579825
53,20,5.0,7,0.013863636363636382,9,0.004557483294869215
53,20,5.0,8,0.015454545454545443,7,0.005073140013665624
53,20,5.0,9,-0.011041666666666672,17,0.003877727479193525
53,20,5.0,10,0.012215909090909098,10,0.003984289895605266
53,20,5.0,11,-0.00363636363636363,15,0.0050283416790550635
53,20,5.0,12,0.031496212121212126,5,0.005404345689892403
53,20,5.0,13,-0.06227272727272729,20,0.004612201691399537
53,20,5.0,14,-0.0032954545454545233,14,0.004612772503341666
53,20,5.0,15,-0.006439393939393932,16,0.004391183337578159
53,20,5.0,16,0.03869318181818184,4,0.005611928427357506
53,20,5.0,17,0.006477272727272733,11,0.004690831766647955
53,20,5.0,18,-0.036704545454545455,19,0.004253362016244383
53,20,5.0,19,0.04042613636363635,2,0.0058640244217912415
53,20,5.0,20,0.04944128787878789,1,0.005365004062241454
53,20,10.0,1,-0.0006818181818181834,14,0.0022661710992050803
53,20,10.0,2,0.0346780303030303,6,0.006552479887989499
53,20,10.0,3,0.0015435606060606167,13,0.0034933981656139193
53,20,10.0,4,-0.018513257575757596,18,0.0027915013917915554
53,20,10.0,5,0.011354166666666665,11,0.003083967731949491
53,20,10.0,6,0.04730113636363638,2,0.0056363135988482345
53,20,10.0,7,0.020880681818181823,7,0.004097947766824416
53,20,10.0,8,0.01989583333333333,8,0.004424740507941094
53,20,10.0,9,-0.012215909090909083,17,0.0032411689326962713
53,20,10.0,10,0.018125,9,0.004111048822757348
53,20,10.0,11,-0.00623106060606061,16,0.004168929740103031
53,20,10.0,12,0.038967803030303026,5,0.005439702140942459
53,20,10.0,13,-0.07138257575757576,20,0.005718956592157733
53,20,10.0,14,0.003645833333333337,12,0.004221114104801632
53,20,10.0,15,-0.0034280303030303104,15,0.003731295658647353
53,20,10.0,16,0.039914772727272736,4,0.006260513640425491
53,20,10.0,17,0.013011363636363632,10,0.0049323872763168235
53,20,10.0,18,-0.037973484848484854,19,0.004138604277828131
53,20,10.0,19,0.042746212121212136,3,0.006368088100612503
53,20,10.0,20,0.04964962121212122,1,0.0059463703465351
53,20,No DP,1,-0.0017140151515151337,17,0.0017375123764183874
53,20,No DP,2,0.03697916666666667,5,0.006177355238163351
53,20,No DP,3,0.002518939393939414,16,0.0010635797732722562
53,20,No DP,4,-0.01808712121212119,18,0.0017155317248433474
53,20,No DP,5,0.011808712121212128,11,0.00276996179643466
53,20,No DP,6,0.0441098484848485,2,0.005549746266815543
53,20,No DP,7,0.013323863636363646,10,0.0025702249166760817
53,20,No DP,8,0.02972537878787878,7,0.003018231608553576
53,20,No DP,9,0.004867424242424252,15,0.003171882598083333
53,20,No DP,10,0.015738636363636364,9,0.0026483605422513564
53,20,No DP,11,0.009507575757575756,14,0.002101544031502855
53,20,No DP,12,0.03579545454545455,6,0.005749626939229381
53,20,No DP,13,-0.06668560606060607,20,0.006601121648557477
53,20,No DP,14,0.009829545454545474,13,0.0036203428056653143
53,20,No DP,15,0.010018939393939417,12,0.0036718297881768044
53,20,No DP,16,0.05048295454545455,1,0.005431920785742191
53,20,No DP,17,0.01696022727272729,8,0.004919707538153247
53,20,No DP,18,-0.038248106060606066,19,0.0055956998694620666
53,20,No DP,19,0.03708333333333333,4,0.0055361652978604394
53,20,No DP,20,0.04409090909090912,3,0.006503969879735803
54,20,0.5,1,0.002907196969696974,4,0.0058476778906069535
54,20,0.5,2,-0.0057007575757575734,14,0.005157447355899981
54,20,0.5,3,-0.0034659090909090954,12,0.005430724169761791
54,20,0.5,4,0.008115530303030322,2,0.005867671448882963
54,20,0.5,5,-0.008096590909090911,17,0.006084357681385098
54,20,0.5,6,-0.0014109848484848452,9,0.006482787378111031
54,20,0.5,7,-0.011250000000000005,20,0.00587178149731832
54,20,0.5,8,-0.006534090909090901,15,0.0065628142825614145
54,20,0.5,9,0.0025473484848484783,5,0.004905297454513036
54,20,0.5,10,-0.008503787878787882,18,0.0073891430765135584
54,20,0.5,11,-0.0003219696969696834,7,0.006244448004643048
54,20,0.5,12,-0.0031060606060605944,11,0.005697926660438153
54,20,0.5,13,0.001761363636363647,6,0.005596887650442097
54,20,0.5,14,0.007320075757575753,3,0.005950253855168157
54,20,0.5,15,-0.007178030303030308,16,0.007081398364376587
54,20,0.5,16,-0.0010795454545454502,8,0.004807958663685452
54,20,0.5,17,-0.0015624999999999916,10,0.00590525587904184
54,20,0.5,18,-0.01071022727272727,19,0.006243047312218322
54,20,0.5,19,-0.003617424242424243,13,0.005282671621600389
54,20,0.5,20,0.01863636363636363,1,0.0074068998704586875
54,20,1.0,1,0.01035037878787879,4,0.005891358016719397
54,20,1.0,2,-0.01102272727272726,18,0.005346606675123546
54,20,1.0,3,0.0030776515151515155,7,0.005534442446652176
54,20,1.0,4,0.013702651515151541,3,0.006341748735522913
54,20,1.0,5,-0.007499999999999999,15,0.0059974616560197385
54,20,1.0,6,0.0024242424242424143,8,0.0066883728930079
54,20,1.0,7,-0.009820075757575741,17,0.005707025130480277
54,20,1.0,8,-0.008087121212121207,16,0.006760652973856897
54,20,1.0,9,0.0020549242424242496,9,0.005206732794708116
54,20,1.0,10,-0.005842803030303034,14,0.007325262713515952
54,20,1.0,11,0.005217803030303039,6,0.006454965228005055
54,20,1.0,12,-0.012755681818181817,20,0.006005392658458384
54,20,1.0,13,0.0064583333333333446,5,0.005832616605417703
54,20,1.0,14,0.013910984848484848,2,0.006526712662882203
54,20,1.0,15,-0.005473484848484858,13,0.007256007602060943
54,20,1.0,16,-0.0052462121212121324,11,0.004827900417992427
54,20,1.0,17,-0.0010795454545454474,10,0.0061614773811266964
54,20,1.0,18,-0.01112689393939394,19,0.006331884040510205
54,20,1.0,19,-0.005321969696969697,12,0.00549442851361545
54,20,1.0,20,0.03649621212121213,1,0.007552526169689687
54,20,2.0,1,0.021723484848484867,2,0.005404116699463784
54,20,2.0,2,-0.011988636363636366,19,0.0051082010255022415
54,20,2.0,3,0.013513257575757564,5,0.005204507117294071
54,20,2.0,4,0.020615530303030302,4,0.006740826108161077
54,20,2.0,5,-0.005539772727272724,14,0.005451130938183626
54,20,2.0,6,0.00731060606060607,8,0.006646730046933185
54,20,2.0,7,-0.009147727272727285,17,0.005224530942671949
54,20,2.0,8,-0.007272727272727281,16,0.007020410543465833
54,20,2.0,9,0.0019318181818181695,10,0.005229672538721613
54,20,2.0,10,-0.001685606060606062,12,0.0070664447323867865
54,20,2.0,11,0.012954545454545472,7,0.006073123909656265
54,20,2.0,12,-0.02343750000000001,20,0.006096681442722598
54,20,2.0,13,0.013077651515151521,6,0.005832775194052954
54,20,2.0,14,0.02062499999999999,3,0.006655837397270703
54,20,2.0,15,-0.0008712121212121348,11,0.007768288353850972
54,20,2.0,16,-0.011714015151515164,18,0.004534959771406064
54,20,2.0,17,0.0039488636363636375,9,0.00643720794836643
54,20,2.0,18,-0.00463068181818182,13,0.00644537788753459
54,20,2.0,19,-0.006477272727272733,15,0.005285273979648064
54,20,2.0,20,0.05513257575757574,1,0.007300252963103294
54,20,5.0,1,0.021695075757575778,3,0.004934050092390812
54,20,5.0,2,-0.007490530303030313,18,0.004021513840520984
54,20,5.0,3,0.018664772727272735,7,0.0045984383383088
54,20,5.0,4,0.02482954545454546,2,0.007110444541214807
54,20,5.0,5,0.0016856060606060686,13,0.0038990683523502587
54,20,5.0,6,0.015312500000000007,8,0.006580956421672726
54,20,5.0,7,0.0017708333333333293,12,0.003995172002189344
54,20,5.0,8,-0.0032386363636363784,16,0.0061150223378290906
54,20,5.0,9,-0.0010606060606060718,14,0.00480428778587176
54,20,5.0,10,0.008617424242424242,11,0.0058482183538553865
54,20,5.0,11,0.02159090909090909,4,0.005987679734031958
54,20,5.0,12,-0.03327651515151516,20,0.005316271685480191
54,20,5.0,13,0.019119318181818164,6,0.005479145635584816
54,20,5.0,14,0.02023674242424242,5,0.00646865088002916
54,20,5.0,15,-0.0019507575757575773,15,0.005858273561153446
54,20,5.0,16,-0.011695075757575765,19,0.004075896076523353
54,20,5.0,17,0.012651515151515145,9,0.006221922699976365
54,20,5.0,18,0.00999053030303031,10,0.005889289359463726
54,20,5.0,19,-0.0037405303030303193,17,0.00388879248689628
54,20,5.0,20,0.04064393939393939,1,0.006545851296196638
54,20,10.0,1,0.024365530303030302,3,0.0049449385701929695
54,20,10.0,2,-0.005340909090909078,16,0.003144781285598668
54,20,10.0,3,0.02037878787878787,4,0.004429115661368695
54,20,10.0,4,0.0203503787878788,5,0.006244078562580123
54,20,10.0,5,0.009393939393939399,12,0.00351152605783026
54,20,10.0,6,0.020085227272727275,6,0.0065620872421465306
54,20,10.0,7,0.008674242424242435,13,0.0037398162916534813
54,20,10.0,8,-0.007291666666666684,17,0.004530129231109304
54,20,10.0,9,0.0012878787878787866,15,0.0039822641838912496
54,20,10.0,10,0.017613636363636366,10,0.005876479186821789
54,20,10.0,11,0.028750000000000008,1,0.006180405109032409
54,20,10.0,12,-0.03571969696969697,20,0.004667034832732205
54,20,10.0,13,0.018541666666666658,9,0.005617936016962058
54,20,10.0,14,0.01912878787878788,8,0.00584367012622009
54,20,10.0,15,-0.007727272727272722,18,0.004337115422782959
54,20,10.0,16,-0.018939393939393943,19,0.002994012093108891
54,20,10.0,17,0.014223484848484845,11,0.006063017098543925
54,20,10.0,18,0.019753787878787878,7,0.0059302690249446975
54,20,10.0,19,0.0014678030303030376,14,0.003810405906808904
54,20,10.0,20,0.027140151515151513,2,0.006179791322784197
54,20,No DP,1,0.033011363636363644,5,0.0047795807425077145
54,20,No DP,2,0.01183712121212121,13,0.0011953218543134926
54,20,No DP,3,0.03532196969696971,2,0.00468889633319632
54,20,No DP,4,0.014375000000000011,12,0.0033923827725956105
54,20,No DP,5,0.014564393939393945,11,0.003349590713625508
54,20,No DP,6,0.022803030303030304,7,0.004126152029074302
54,20,No DP,7,-0.00030303030303029555,15,0.0019413978165470542
54,20,No DP,8,-0.008693181818181813,17,0.002203099305690649
54,20,No DP,9,0.003967803030303031,14,0.0023034420345050175
54,20,No DP,10,0.019715909090909086,8,0.004557795352921111
54,20,No DP,11,0.03526515151515152,3,0.006272001563751596
54,20,No DP,12,-0.04923295454545455,20,0.0053389021958823125
54,20,No DP,13,0.015596590909090909,10,0.00487823523405696
54,20,No DP,14,0.03355113636363636,4,0.006095694104896176
54,20,No DP,15,-0.015511363636363615,18,0.00380709566680528
54,20,No DP,16,-0.021657196969696972,19,0.004611298182666689
54,20,No DP,17,0.02599431818181819,6,0.004024551581394089
54,20,No DP,18,0.017736742424242433,9,0.004217192260788135
54,20,No DP,19,-0.00261363636363636,16,0.0011336077693979091
54,20,No DP,20,0.03680871212121213,1,0.006381011169059177
55,20,0.5,1,0.002282196969696972,8,0.005473912360755334
55,20,0.5,2,0.00633522727272728,5,0.0058274994040429335
55,20,0.5,3,0.004621212121212128,7,0.004741345542438427
55,20,0.5,4,-0.00048295454545454255,12,0.006442477745878595
55,20,0.5,5,-0.01083333333333332,19,0.005278730853726014
55,20,0.5,6,-0.00022727272727273318,11,0.006207689661013699
55,20,0.5,7,6.628787878788344e-05,10,0.005409994947556535
55,20,0.5,8,0.002178030303030305,9,0.005283081050998001
55,20,0.5,9,0.009810606060606065,2,0.005561647758714231
55,20,0.5,10,-0.004857954545454543,18,0.006192670013487568
55,20,0.5,11,-0.0040340909090909064,17,0.004727031805365266
55,20,0.5,12,0.008740530303030302,4,0.004871730773056863
55,20,0.5,13,-0.0016193181818181734,13,0.006367810327897102
55,20,0.5,14,0.010890151515151512,1,0.004906335813237712
55,20,0.5,15,-0.002632575757575759,15,0.006052515610821491
55,20,0.5,16,-0.012301136363636365,20,0.006248155934909839
55,20,0.5,17,0.009147727272727281,3,0.0056082071929416406
55,20,0.5,18,-0.002320075757575753,14,0.005340865016339742
55,20,0.5,19,-0.0026515151515151525,16,0.005999066109980718
55,20,0.5,20,0.005880681818181826,6,0.0049315267909251
55,20,1.0,1,0.008948863636363644,6,0.005278884677963631
55,20,1.0,2,0.008683712121212122,7,0.005922098260914459
55,20,1.0,3,0.004214015151515148,12,0.004619724964850275
55,20,1.0,4,0.005776515151515152,8,0.005877570176623116
55,20,1.0,5,-0.015568181818181814,20,0.005085277001619046
55,20,1.0,6,0.003077651515151508,13,0.005982606129000501
55,20,1.0,7,0.005340909090909103,10,0.004921118618728464
55,20,1.0,8,0.004820075757575763,11,0.004818449355750033
55,20,1.0,9,0.020681818181818194,1,0.00561014963998394
55,20,1.0,10,-0.002234848484848474,15,0.0058167920234820526
55,20,1.0,11,-0.00918560606060607,18,0.004459543632867907
55,20,1.0,12,0.005691287878787881,9,0.0046129671970493915
55,20,1.0,13,0.012424242424242414,4,0.00584804630656811
55,20,1.0,14,0.01597537878787879,3,0.0047746181131515415
55,20,1.0,15,0.002386363636363639,14,0.005776708888951834
55,20,1.0,16,-0.013645833333333343,19,0.006106803318217299
55,20,1.0,17,0.018589015151515148,2,0.006017940716941632
55,20,1.0,18,-0.0033428030303030293,16,0.005238094293012129
55,20,1.0,19,-0.0035321969696969625,17,0.005343961608212843
55,20,1.0,20,0.010445075757575768,5,0.004777712324889478
55,20,2.0,1,0.015047348484848493,6,0.004498253486419779
55,20,2.0,2,0.015321969696969709,5,0.005216838441336165
55,20,2.0,3,0.0010037878787878757,15,0.0038985448571209726
55,20,2.0,4,0.0093939393939394,8,0.004030058270364638
55,20,2.0,5,-0.019498106060606077,20,0.0044580874322328
55,20,2.0,6,0.005492424242424232,12,0.004865120755496695
55,20,2.0,7,0.005606060606060601,11,0.0038391809961038316
55,20,2.0,8,0.008352272727272722,9,0.004393987966685548
55,20,2.0,9,0.03232954545454545,2,0.005236973938660157
55,20,2.0,10,0.002708333333333342,14,0.004247959136329
55,20,2.0,11,-0.011297348484848495,18,0.003696707112158481
55,20,2.0,12,0.00342803030303029,13,0.003886495157707204
55,20,2.0,13,0.035132575757575765,1,0.005157804135237664
55,20,2.0,14,0.019517045454545457,4,0.004159038622753251
55,20,2.0,15,0.009962121212121217,7,0.004651221334862161
55,20,2.0,16,-0.013134469696969702,19,0.005190839335729331
55,20,2.0,17,0.02499999999999999,3,0.005803680535609477
55,20,2.0,18,-0.002642045454545445,16,0.004761031676881739
55,20,2.0,19,-0.0094034090909091,17,0.004636985913843814
55,20,2.0,20,0.006884469696969686,10,0.0037344925138846283
55,20,5.0,1,0.025530303030303035,4,0.005328165540381761
55,20,5.0,2,0.016287878787878792,9,0.0044529129210610875
55,20,5.0,3,-0.00257575757575758,16,0.0016439175742163175
55,20,5.0,4,0.026931818181818192,3,0.005935291805801833
55,20,5.0,5,-0.023636363636363646,20,0.003414555804972426
55,20,5.0,6,0.010350378787878794,11,0.003397715000104521
55,20,5.0,7,0.008607954545454558,12,0.003717796155962398
55,20,5.0,8,0.012784090909090924,10,0.004104597521818151
55,20,5.0,9,0.030615530303030304,2,0.0056230236905436045
55,20,5.0,10,0.016619318181818186,8,0.0027139026428391754
55,20,5.0,11,-0.01142045454545455,18,0.0029023909045096507
55,20,5.0,12,0.0033143939393939503,13,0.0023103149655185526
55,20,5.0,13,0.050634469696969726,1,0.008329721744503336
55,20,5.0,14,0.02028409090909092,6,0.004150173538335621
55,20,5.0,15,0.019119318181818196,7,0.004380729207351533
55,20,5.0,16,-0.01063446969696969,17,0.003578339117514357
55,20,5.0,17,0.020937500000000008,5,0.005789151835617885
55,20,5.0,18,-0.0016571969696969847,15,0.003497829059720639
55,20,5.0,19,-0.01236742424242424,19,0.0027568634871409474
55,20,5.0,20,0.0019791666666666586,14,0.003303121930851352
55,20,10.0,1,0.023285984848484854,5,0.005973571543321811
55,20,10.0,2,0.016126893939393937,8,0.005039613206083446
55,20,10.0,3,-0.0004166666666666652,16,0.001560996751625659
55,20,10.0,4,0.029232954545454555,2,0.007403494303156209
55,20,10.0,5,-0.020634469696969693,20,0.003321699065329813
55,20,10.0,6,0.011998106060606055,11,0.003376396650742828
55,20,10.0,7,0.0076988636363636296,12,0.004343333164691723
55,20,10.0,8,0.013693181818181825,10,0.003884317329281251
55,20,10.0,9,0.024545454545454547,4,0.005785290155687203
55,20,10.0,10,0.025984848484848496,3,0.0057023354304880924
55,20,10.0,11,-0.009081439393939404,19,0.0027921669289341406
55,20,10.0,12,0.006316287878787872,13,0.0033351636837243375
55,20,10.0,13,0.050047348484848486,1,0.0092258021539101
55,20,10.0,14,0.017092803030303024,7,0.004265494105105105
55,20,10.0,15,0.01751893939393939,6,0.0049494456279108225
55,20,10.0,16,-0.0004166666666666785,17,0.002249818251000386
55,20,10.0,17,0.014952651515151523,9,0.004991496855253264
55,20,10.0,18,0.001155303030303021,15,0.0020768917287029708
55,20,10.0,19,-0.005568181818181813,18,0.0021431361596301853
55,20,10.0,20,0.002793560606060609,14,0.003882884665279622
55,20,No DP,1,0.0272159090909091,6,0.004674283479879615
55,20,No DP,2,0.026193181818181817,7,0.0037637541421026268
55,20,No DP,3,-0.02374999999999999,19,0.0018656350916577906
55,20,No DP,4,0.03112689393939394,5,0.005983449668113079
55,20,No DP,5,-0.033295454545454545,20,0.00410499556381874
55,20,No DP,6,0.012329545454545449,9,0.0024525959394662827
55,20,No DP,7,-8.522727272727181e-05,15,0.00453022018949165
55,20,No DP,8,0.031988636363636365,4,0.004097996018431435
55,20,No DP,9,0.04346590909090909,2,0.0047106864563984585
55,20,No DP,10,0.03525568181818183,3,0.005358641297156909
55,20,No DP,11,-0.019005681818181817,18,0.0034561735835940627
55,20,No DP,12,0.006145833333333342,10,0.0016749051183157875
55,20,No DP,13,0.05662878787878789,1,0.00842226138959131
55,20,No DP,14,0.001145833333333357,14,0.0021126677463813594
55,20,No DP,15,0.015776515151515156,8,0.004322026547975493
55,20,No DP,16,0.003655303030303031,13,0.0032272643912611074
55,20,No DP,17,0.004356060606060608,11,0.0027816096446725176
55,20,No DP,18,-0.0010700757575757486,16,0.0016632009744308
55,20,No DP,19,0.004223484848484851,12,0.0036937989966048025
55,20,No DP,20,-0.004498106060606061,17,0.0026319753171260883
56,20,0.5,1,0.007651515151515154,2,0.003345248161453496
56,20,0.5,2,-0.01733901515151515,20,0.004043520575878786
56,20,0.5,3,0.0028977272727272628,7,0.0034290195082048182
56,20,0.5,4,-0.00913825757575757,18,0.0037489087934472766
56,20,0.5,5,0.000681818181818189,8,0.0035425800961126825
56,20,0.5,6,0.005454545454545461,3,0.003391979361655815
56,20,0.5,7,-0.004867424242424237,14,0.003440955354925631
56,20,0.5,8,-0.0010606060606060624,10,0.003968543812384748
56,20,0.5,9,-0.01018939393939394,19,0.003688519784748258
56,20,0.5,10,0.002973484848484842,6,0.003347186798485822
56,20,0.5,11,-0.009119318181818183,17,0.0036884598552698253
56,20,0.5,12,-0.0030208333333333324,12,0.00394750528468601
56,20,0.5,13,0.0053598484848484795,5,0.0031954641767819
56,20,0.5,14,0.0005397727272727126,9,0.003683414020617232
56,20,0.5,15,-0.00822916666666667,16,0.0029549003951036884
56,20,0.5,16,0.007992424242424238,1,0.0034079943522621198
56,20,0.5,17,-0.004734848484848474,13,0.003616581291600004
56,20,0.5,18,-0.0019981060606060674,11,0.003612485100860224
56,20,0.5,19,-0.007111742424242422,15,0.0033006613505406324
56,20,0.5,20,0.0053787878787878675,4,0.0036027158141287994
56,20,1.0,1,0.0162215909090909,2,0.0035000915955727477
56,20,1.0,2,-0.028172348484848488,20,0.004237546552527418
56,20,1.0,3,0.0022632575757575717,8,0.0035038363786569584
56,20,1.0,4,-0.009138257575757574,15,0.003707319845372532
56,20,1.0,5,-0.0006344696969696934,10,0.003707142780031597
56,20,1.0,6,0.013219696969696966,3,0.003680483219137734
56,20,1.0,7,-0.005634469696969699,14,0.003526222580668763
56,20,1.0,8,0.00023674242424242376,9,0.00408341360096376
56,20,1.0,9,-0.01112689393939394,18,0.003666139705708168
56,20,1.0,10,0.007784090909090902,5,0.003428385529058626
56,20,1.0,11,-0.0109090909090909,17,0.0035536349795599795
56,20,1.0,12,-0.004867424242424243,12,0.004000877375224019
56,20,1.0,13,0.004715909090909094,6,0.0031601552191234477
56,20,1.0,14,0.003020833333333328,7,0.0037260747480049815
56,20,1.0,15,-0.013854166666666673,19,0.003081354270257074
56,20,1.0,16,0.009261363636363644,4,0.003555781809996646
56,20,1.0,17,-0.005274621212121208,13,0.0036427268101135225
56,20,1.0,18,-0.002159090909090912,11,0.0035007173277771344
56,20,1.0,19,-0.009640151515151513,16,0.003450827740197425
56,20,1.0,20,0.019119318181818182,1,0.003856683225579703
56,20,2.0,1,0.03002840909090909,2,0.003509268210989916
56,20,2.0,2,-0.04671401515151516,20,0.004702542343495361
56,20,2.0,3,0.0027272727272727214,7,0.0033474884538376944
56,20,2.0,4,-0.009668560606060599,14,0.003319970822167511
56,20,2.0,5,-6.628787878787457e-05,10,0.00336077544244663
56,20,2.0,6,0.022225378787878784,3,0.003821382488414591
56,20,2.0,7,-0.010501893939393945,15,0.0031980134092203646
56,20,2.0,8,0.0019602272727272784,8,0.0036911235280280286
56,20,2.0,9,-0.01402462121212122,17,0.0032789964494502493
56,20,2.0,10,0.016268939393939398,4,0.0031029230503851635
56,20,2.0,11,-0.011837121212121214,16,0.0031582681646096455
56,20,2.0,12,-0.008229166666666666,13,0.003643894481508328
56,20,2.0,13,0.0013541666666666663,9,0.0030002431592896857
56,20,2.0,14,0.004810606060606063,6,0.003593564219456389
56,20,2.0,15,-0.020435606060606057,19,0.0029235204547212504
56,20,2.0,16,0.01141098484848484,5,0.0033574950494467187
56,20,2.0,17,-0.005445075757575761,12,0.003303075234916451
56,20,2.0,18,-0.0036837121212121232,11,0.0032068564977326386
56,20,2.0,19,-0.014109848484848484,18,0.003196538258084744
56,20,2.0,20,0.037831439393939396,1,0.003926656979727664
56,20,5.0,1,0.05745265151515153,2,0.0044386532495334285
56,20,5.0,2,-0.08273674242424242,20,0.0061240268190863156
56,20,5.0,3,-0.0016098484848484785,9,0.0029262895909670365
56,20,5.0,4,-0.006912878787878789,13,0.0028441112004335537
56,20,5.0,5,-0.0005113636363636298,8,0.003053369242972459
56,20,5.0,6,0.04383522727272728,3,0.004519958779553088
56,20,5.0,7,-0.02491477272727273,18,0.0028732594631047394
56,20,5.0,8,0.005757575757575755,7,0.003130524272374602
56,20,5.0,9,-0.0230871212121212,17,0.0029251947587676562
56,20,5.0,10,0.0315530303030303,4,0.003107269489436286
56,20,5.0,11,-0.010501893939393938,14,0.0028114027997055797
56,20,5.0,12,-0.012945075757575761,15,0.003256035328833946
56,20,5.0,13,-0.00605113636363636,12,0.00265015843942864
56,20,5.0,14,0.009990530303030295,6,0.0032524618234402356
56,20,5.0,15,-0.03384469696969696,19,0.0032494343074466643
56,20,5.0,16,0.019393939393939404,5,0.003292091631388503
56,20,5.0,17,-0.002395833333333337,10,0.0029721713164660934
56,20,5.0,18,-0.005767045454545452,11,0.0027587909085379564
56,20,5.0,19,-0.022196969696969705,16,0.0031836586037360124
56,20,5.0,20,0.06738636363636363,1,0.004153921623367034
56,20,10.0,1,0.07298295454545457,2,0.005475667604381295
56,20,10.0,2,-0.09545454545454543,20,0.00654053810166415
56,20,10.0,3,-0.0026325757575757403,10,0.0024782245819824256
56,20,10.0,4,-0.00473484848484848,11,0.0022037757038946178
56,20,10.0,5,-0.00030303030303031165,8,0.002406267702044531
56,20,10.0,6,0.056751893939393956,3,0.005261663177736496
56,20,10.0,7,-0.03331439393939395,18,0.0030045478661415476
56,20,10.0,8,0.008910984848484856,7,0.0027648302726951068
56,20,10.0,9,-0.02767992424242425,16,0.0034211658785407843
56,20,10.0,10,0.040606060606060604,4,0.003916249941197366
56,20,10.0,11,-0.008617424242424248,13,0.0024450346803112422
56,20,10.0,12,-0.01791666666666667,15,0.002504217631481308
56,20,10.0,13,-0.01087121212121212,14,0.002216252239682791
56,20,10.0,14,0.013636363636363646,6,0.002243139154568547
56,20,10.0,15,-0.038607954545454556,19,0.003732763200783011
56,20,10.0,16,0.027282196969696956,5,0.0037152529837702402
56,20,10.0,17,-0.0006155303030303177,9,0.002471876616193011
56,20,10.0,18,-0.006382575757575756,12,0.0020732201160149487
56,20,10.0,19,-0.02946969696969697,17,0.003909351500592937
56,20,10.0,20,0.08389204545454548,1,0.004570913845059876
56,20,No DP,1,0.04589962121212122,2,0.005975783299831496
56,20,No DP,2,-0.05123106060606062,20,0.006022630490455463
56,20,No DP,3,0.007689393939393947,10,0.002672679333298508
56,20,No DP,4,0.007329545454545458,11,0.003193763090089784
56,20,No DP,5,0.023390151515151524,7,0.00443619676539222
56,20,No DP,6,0.03763257575757576,4,0.005919016952103866
56,20,No DP,7,0.00711174242424242,12,0.0036017104512500973
56,20,No DP,8,0.02291666666666667,8,0.00430305781174519
56,20,No DP,9,-0.004337121212121219,15,0.0025155971504170556
56,20,No DP,10,0.02825757575757577,6,0.00467409354657068
56,20,No DP,11,-0.009839015151515156,16,0.0019487290405416579
56,20,No DP,12,-0.024488636363636376,18,0.003874345026698642
56,20,No DP,13,-0.01893939393939395,17,0.0022098304348895617
56,20,No DP,14,0.04449810606060606,3,0.0044896850000952565
56,20,No DP,15,-0.026268939393939393,19,0.0037873015658680315
56,20,No DP,16,0.03739583333333332,5,0.0061296009867926
56,20,No DP,17,0.010132575757575759,9,0.0030219611744677992
56,20,No DP,18,-0.0009469696969697011,13,0.002041944238173266
56,20,No DP,19,-0.003626893939393952,14,0.001893231638591079
56,20,No DP,20,0.08143939393939395,1,0.0062999610096888415
57,20,0.5,1,-0.006515151515151518,16,0.004423276701626881
57,20,0.5,2,-0.00256628787878789,12,0.004202098297365631
57,20,0.5,3,-0.0009280303030303027,11,0.004040731570136877
57,20,0.5,4,0.007954545454545445,2,0.0038196113996401236
57,20,0.5,5,-0.014801136363636362,20,0.004970691747693212
57,20,0.5,6,-0.00035984848484848955,10,0.0033818826913921663
57,20,0.5,7,0.0006818181818181757,8,0.004129766877260051
57,20,0.5,8,-0.01275568181818183,19,0.004619823573524596
57,20,0.5,9,0.003011363636363638,4,0.0037750108132648176
57,20,0.5,10,-0.008409090909090904,18,0.003837209083920109
57,20,0.5,11,-0.005842803030303022,14,0.004526278501960209
57,20,0.5,12,-0.0029071969696969784,13,0.004021428211999771
57,20,0.5,13,0.0006818181818181868,7,0.004027418368436149
57,20,0.5,14,-0.007840909090909091,17,0.004633945292989611
57,20,0.5,15,0.004943181818181821,3,0.0035510373723576364
57,20,0.5,16,0.0011458333333333342,6,0.004214436372376654
57,20,0.5,17,0.0005587121212121255,9,0.0038768457116435963
57,20,0.5,18,0.013683712121212124,1,0.004159523297299612
57,20,0.5,19,0.0021401515151515094,5,0.004178135472865179
57,20,0.5,20,-0.005965909090909085,15,0.003919985607293296
57,20,1.0,1,-0.004441287878787885,15,0.0043765102789705915
57,20,1.0,2,0.0029261363636363556,7,0.0044443275401255845
57,20,1.0,3,0.0026704545454545453,8,0.003969517601632396
57,20,1.0,4,0.016666666666666663,2,0.003819658354474073
57,20,1.0,5,-0.02191287878787879,20,0.005427053838559256
57,20,1.0,6,-0.0028314393939393866,14,0.00348684208353452
57,20,1.0,7,0.0050189393939393985,4,0.004258658653264307
57,20,1.0,8,-0.01862689393939394,19,0.004966403408324958
57,20,1.0,9,0.007073863636363638,3,0.0038355535542091124
57,20,1.0,10,-0.009564393939393942,17,0.003902468900047791
57,20,1.0,11,-0.0009374999999999866,11,0.00454005548590984
57,20,1.0,12,-0.0016856060606060446,13,0.004165538328627351
57,20,1.0,13,-0.001354166666666674,12,0.004081455982353972
57,20,1.0,14,-0.010378787878787894,18,0.004631619397554343
57,20,1.0,15,0.0029356060606060613,6,0.00375185282892442
57,20,1.0,16,0.003143939393939365,5,0.0045366051799522415
57,20,1.0,17,0.0021117424242424244,9,0.00392127459491794
57,20,1.0,18,0.0183996212121212,1,0.004461951087942521
57,20,1.0,19,0.0004261363636363641,10,0.00434662959232143
57,20,1.0,20,-0.006685606060606064,16,0.003964757998415076
57,20,2.0,1,-0.0008428030303030204,12,0.004372270871694778
57,20,2.0,2,0.01358901515151515,5,0.005008536513728826
57,20,2.0,3,0.009157196969696963,7,0.004056415301805664
57,20,2.0,4,0.03673295454545454,1,0.004170072106119564
57,20,2.0,5,-0.03511363636363636,20,0.006140025913321005
57,20,2.0,6,-0.007642045454545439,16,0.0038575099740501906
57,20,2.0,7,0.015104166666666686,4,0.004535310156534666
57,20,2.0,8,-0.031013257575757586,19,0.005374390925167004
57,20,2.0,9,0.016496212121212134,3,0.004037672243708309
57,20,2.0,10,-0.010501893939393941,17,0.003955842676435044
57,20,2.0,11,0.0022348484848484836,9,0.004436278026630929
57,20,2.0,12,0.0016287878787878613,10,0.004430200753804308
57,20,2.0,13,-0.005596590909090903,15,0.004145545101038606
57,20,2.0,14,-0.01762310606060606,18,0.004603770780475727
57,20,2.0,15,3.787878787879673e-05,11,0.0040203502293311485
57,20,2.0,16,0.01114583333333333,6,0.004596771852046621
57,20,2.0,17,0.005520833333333324,8,0.004101462411050855
57,20,2.0,18,0.02733901515151517,2,0.004480691068518747
57,20,2.0,19,-0.0024810606060605912,13,0.004463428530129286
57,20,2.0,20,-0.0026041666666666756,14,0.00402907229353669
57,20,5.0,1,0.003929924242424252,11,0.003922086813440625
57,20,5.0,2,0.037244318181818184,3,0.0052228114024913865
57,20,5.0,3,0.020804924242424236,7,0.00410656234267506
57,20,5.0,4,0.06949810606060608,1,0.004585795869111112
57,20,5.0,5,-0.06160037878787878,20,0.006646572125636829
57,20,5.0,6,-0.016477272727272726,17,0.003941828902187796
57,20,5.0,7,0.030009469696969684,6,0.004892300521131249
57,20,5.0,8,-0.05570075757575757,19,0.006158076007085736
57,20,5.0,9,0.03489583333333335,4,0.004038764698106782
57,20,5.0,10,-0.012178030303030295,14,0.0037024703512992196
57,20,5.0,11,0.01123106060606059,9,0.004220086705384639
57,20,5.0,12,0.011259469696969697,8,0.003926737367023073
57,20,5.0,13,-0.012225378787878785,15,0.003539845560602583
57,20,5.0,14,-0.02875946969696969,18,0.0044329846423684215
57,20,5.0,15,-0.014289772727272729,16,0.004006747185318687
57,20,5.0,16,0.030823863636363642,5,0.0046622536190401515
57,20,5.0,17,0.008693181818181817,10,0.004088242238908366
57,20,5.0,18,0.044839015151515144,2,0.0044237043497712455
57,20,5.0,19,-0.008390151515151512,13,0.003918166969112223
57,20,5.0,20,-0.0017518939393939348,12,0.0032521033745497746
57,20,10.0,1,0.009081439393939381,11,0.0033712146482370517
57,20,10.0,2,0.05285984848484847,3,0.005155176047130247
57,20,10.0,3,0.031600378787878795,7,0.004444843245619988
57,20,10.0,4,0.08357954545454543,1,0.005743769269100796
57,20,10.0,5,-0.07615530303030305,20,0.006838644850376248
57,20,10.0,6,-0.023589015151515152,16,0.0032076449735145896
57,20,10.0,7,0.03781249999999999,6,0.005264355302098125
57,20,10.0,8,-0.06944128787878787,19,0.006565649728956716
57,20,10.0,9,0.04572916666666667,4,0.0042268657270876035
57,20,10.0,10,-0.012206439393939394,14,0.002612019667696429
57,20,10.0,11,0.01693181818181818,9,0.003782934272833769
57,20,10.0,12,0.02107007575757576,8,0.003195861387622403
57,20,10.0,13,-0.015085227272727266,15,0.0025273361629433323
57,20,10.0,14,-0.037651515151515144,18,0.004093344182669732
57,20,10.0,15,-0.028835227272727276,17,0.003174266578658008
57,20,10.0,16,0.04066287878787878,5,0.004004345539702025
57,20,10.0,17,0.013967803030303018,10,0.0035408405038270564
57,20,10.0,18,0.05448863636363636,2,0.004693998403413541
57,20,10.0,19,-0.010445075757575759,13,0.002439231265456333
57,20,10.0,20,-0.0036931818181818277,12,0.0028831922796673693
57,20,No DP,1,0.005445075757575766,13,0.0034637706341703613
57,20,No DP,2,0.04321022727272728,3,0.006821162214233076
57,20,No DP,3,0.02770833333333332,6,0.00555237042102205
57,20,No DP,4,0.04958333333333335,1,0.007738040718558883
57,20,No DP,5,-0.03302083333333334,19,0.005203521451438516
57,20,No DP,6,0.011193181818181821,12,0.0015940839082863485
57,20,No DP,7,0.04851325757575758,2,0.007758922748953681
57,20,No DP,8,-0.04086174242424244,20,0.005000275743515696
57,20,No DP,9,0.01788825757575758,8,0.0037773265660857548
57,20,No DP,10,0.0024715909090909207,15,0.0012059572647546844
57,20,No DP,11,-0.009109848484848486,17,0.003140108678473766
57,20,No DP,12,0.013200757575757574,11,0.003551169696813254
57,20,No DP,13,0.015170454545454563,10,0.0036481564814039883
57,20,No DP,14,-0.021231060606060597,18,0.003090552215917294
57,20,No DP,15,0.016287878787878792,9,0.0026702194717080963
57,20,No DP,16,0.02741477272727273,7,0.004367848325457671
57,20,No DP,17,0.0019034090909091056,16,0.003223190367517781
57,20,No DP,18,0.027755681818181804,5,0.0040681733315963056
57,20,No DP,19,0.00401515151515151,14,0.0015440613149589047
57,20,No DP,20,0.03962121212121211,4,0.0054503633746731
58,20,0.5,1,-0.004053030303030309,14,0.004873704090664604
58,20,0.5,2,-0.0073958333333333385,16,0.005377615625967487
58,20,0.5,3,0.009346590909090912,3,0.005609077540354343
58,20,0.5,4,-0.009933712121212133,18,0.005177118842409998
58,20,0.5,5,-0.005880681818181824,15,0.005221287179562809
58,20,0.5,6,-0.001448863636363627,8,0.0045947152181493285
58,20,0.5,7,-0.007424242424242417,17,0.005972229696537917
58,20,0.5,8,-0.0022537878787878734,10,0.005375815773509753
58,20,0.5,9,0.011193181818181817,1,0.0046406226569716425
58,20,0.5,10,-0.003446969696969694,13,0.005594700175416082
58,20,0.5,11,-0.0017140151515151452,9,0.005312857760194788
58,20,0.5,12,-0.00024621212121212155,7,0.005918380603323371
58,20,0.5,13,-0.002784090909090904,11,0.004702957372984795
58,20,0.5,14,-0.0131060606060606,20,0.0053054262715078685
58,20,0.5,15,-0.011912878787878792,19,0.005655354723322173
58,20,0.5,16,0.0015530303030303022,6,0.004976783363471207
58,20,0.5,17,0.011079545454545463,2,0.005138032783341359
58,20,0.5,18,-0.0033996212121212154,12,0.005186768285517189
58,20,0.5,19,0.005350378787878794,4,0.0048635237990549435
58,20,0.5,20,0.0023863636363636396,5,0.005541083437276626
58,20,1.0,1,-0.00022727272727272651,11,0.005211554100577937
58,20,1.0,2,-0.012140151515151514,19,0.00556440199733311
58,20,1.0,3,0.017026515151515143,4,0.0057977747756904705
58,20,1.0,4,-0.010909090909090908,18,0.005451379421011472
58,20,1.0,5,-0.006212121212121221,16,0.0054357103252591155
58,20,1.0,6,0.0014204545454545474,10,0.004614988590585083
58,20,1.0,7,-0.0045738636363636285,15,0.00617668278540975
58,20,1.0,8,-0.001609848484848474,12,0.005586663758879269
58,20,1.0,9,0.022263257575757568,2,0.0048719818414617545
58,20,1.0,10,-0.003854166666666669,14,0.00553814977197858
58,20,1.0,11,0.004905303030303031,7,0.005794470046603276
58,20,1.0,12,0.0036268939393939398,8,0.006062633642251016
58,20,1.0,13,-0.0032575757575757608,13,0.004910881495131872
58,20,1.0,14,-0.0178598484848485,20,0.005530838431430751
58,20,1.0,15,-0.00678977272727273,17,0.0059039600970481445
58,20,1.0,16,0.008560606060606053,5,0.004970137233362607
58,20,1.0,17,0.023712121212121212,1,0.005501591096343697
58,20,1.0,18,0.0017803030303030316,9,0.005185284399125698
58,20,1.0,19,0.007717803030303032,6,0.005048838454110942
58,20,1.0,20,0.018087121212121197,3,0.0056557720557905726
58,20,2.0,1,0.004374999999999994,10,0.005211943996392664
58,20,2.0,2,-0.019346590909090914,19,0.005446076242077007
58,20,2.0,3,0.02553977272727273,4,0.005526514745856425
58,20,2.0,4,-0.010880681818181834,18,0.005091853418882212
58,20,2.0,5,-0.0037026515151515134,15,0.005137432270588386
58,20,2.0,6,-0.0007575757575757708,11,0.004167462906014013
58,20,2.0,7,-0.002452651515151511,13,0.005897456236716997
58,20,2.0,8,-0.0019507575757575723,12,0.005135367335996505
58,20,2.0,9,0.031060606060606077,3,0.005108864215467514
58,20,2.0,10,-0.004706439393939391,17,0.0051125043465027635
58,20,2.0,11,0.012575757575757565,7,0.005397163713270339
58,20,2.0,12,0.007784090909090905,9,0.0057975984472856314
58,20,2.0,13,-0.0030113636363636553,14,0.004464404850502687
58,20,2.0,14,-0.023522727272727275,20,0.005220710499963208
58,20,2.0,15,-0.004242424242424248,16,0.005453797034092169
58,20,2.0,16,0.016486742424242414,5,0.004445800249379252
58,20,2.0,17,0.03353219696969698,1,0.005622482075338256
58,20,2.0,18,0.007888257575757564,8,0.004468213170989347
58,20,2.0,19,0.012604166666666673,6,0.004963236035275959
58,20,2.0,20,0.03352272727272727,2,0.005172257982741843
58,20,5.0,1,0.013513257575757578,8,0.005194348563069534
58,20,5.0,2,-0.023380681818181825,19,0.0052100495622789105
58,20,5.0,3,0.029734848484848496,4,0.0055739765765594204
58,20,5.0,4,-0.007215909090909099,18,0.0037334820438148083
58,20,5.0,5,0.004839015151515147,12,0.003987448540181376
58,20,5.0,6,0.0023863636363636435,14,0.0037488873846847777
58,20,5.0,7,0.0014678030303030309,15,0.004801731684895139
58,20,5.0,8,0.0028030303030303185,13,0.0041837614199325985
58,20,5.0,9,0.03433712121212122,3,0.005598867659750119
58,20,5.0,10,-0.0030871212121212003,17,0.003569701973841479
58,20,5.0,11,0.020435606060606064,5,0.005265563328673737
58,20,5.0,12,0.012253787878787867,9,0.0052414720545538055
58,20,5.0,13,-0.0020265151515151477,16,0.003507548657366349
58,20,5.0,14,-0.026231060606060605,20,0.004787463346835262
58,20,5.0,15,0.007831439393939413,11,0.0053910420955271795
58,20,5.0,16,0.02,6,0.0042251466020174905
58,20,5.0,17,0.03740530303030302,1,0.006031646899423877
58,20,5.0,18,0.010568181818181805,10,0.0038659501761485237
58,20,5.0,19,0.01643939393939392,7,0.0041538093638737155
58,20,5.0,20,0.03542613636363637,2,0.005359348123528763
58,20,10.0,1,0.01768939393939396,6,0.004756878296444098
58,20,10.0,2,-0.020880681818181826,19,0.004539737072558182
58,20,10.0,3,0.030549242424242423,2,0.006029358663396404
58,20,10.0,4,-0.003418560606060607,18,0.0026285495904903753
58,20,10.0,5,0.012092803030303023,11,0.0036417074992116058
58,20,10.0,6,0.004763257575757588,15,0.004533650530973352
58,20,10.0,7,0.006543560606060612,14,0.0044870397165088175
58,20,10.0,8,0.010719696969696959,12,0.003831423010345593
58,20,10.0,9,0.03505681818181818,1,0.006136757902130181
58,20,10.0,10,9.46969696970723e-06,16,0.0029592309086786794
58,20,10.0,11,0.024318181818181815,5,0.006039467753163848
58,20,10.0,12,0.013920454545454564,10,0.004723727470014899
58,20,10.0,13,-0.0005681818181818049,17,0.00301231641111917
58,20,10.0,14,-0.026524621212121197,20,0.004507326972221521
58,20,10.0,15,0.01457386363636365,9,0.005626624201152819
58,20,10.0,16,0.015909090909090914,8,0.004048935023907357
58,20,10.0,17,0.028589015151515147,3,0.005849095302352599
58,20,10.0,18,0.010426136363636375,13,0.003825956692050596
58,20,10.0,19,0.015984848484848477,7,0.0039544638183841175
58,20,10.0,20,0.02520833333333334,4,0.005323819168017125
58,20,No DP,1,0.018882575757575758,8,0.002114896068895918
58,20,No DP,2,-0.018844696969696973,18,0.003601262384999272
58,20,No DP,3,0.03374053030303031,3,0.005989785899077941
58,20,No DP,4,0.005142045454545454,13,0.0020966882128880815
58,20,No DP,5,0.025075757575757578,6,0.0030195856880162767
58,20,No DP,6,-0.024204545454545458,19,0.002534283409819347
58,20,No DP,7,0.0002462121212121121,17,0.0031907854113919776
58,20,No DP,8,0.016638257575757584,9,0.0029516987730959193
58,20,No DP,9,0.03478219696969697,2,0.007383301800807461
58,20,No DP,10,0.002301136363636359,16,0.002404417599794885
58,20,No DP,11,0.026022727272727284,5,0.005468493451282698
58,20,No DP,12,0.010179924242424233,12,0.0030374966403164017
58,20,No DP,13,0.013380681818181828,11,0.0018145113183231376
58,20,No DP,14,-0.02607954545454546,20,0.004650140377113309
58,20,No DP,15,0.015075757575757577,10,0.003587745137892601
58,20,No DP,16,0.004460227272727263,15,0.001967387149085572
58,20,No DP,17,0.027973484848484862,4,0.005253274086760031
58,20,No DP,18,0.0048958333333333215,14,0.0029247126513416368
58,20,No DP,19,0.020662878787878772,7,0.003072603085508181
58,20,No DP,20,0.039782196969696974,1,0.005531219034117715
59,20,0.5,1,-0.02024621212121212,20,0.006669407204012848
59,20,0.5,2,0.002717803030303029,4,0.004118711967758681
59,20,0.5,3,0.002054924242424241,5,0.004612005993183868
59,20,0.5,4,-0.012556818181818192,19,0.006082282790247571
59,20,0.5,5,-0.011117424242424248,18,0.0052061913639565634
59,20,0.5,6,0.013787878787878792,1,0.005505671068257322
59,20,0.5,7,-0.0017234848484848513,6,0.00588453674947899
59,20,0.5,8,-0.0049526515151515045,10,0.0052843260340596065
59,20,0.5,9,-0.008409090909090908,15,0.004999090252405814
59,20,0.5,10,-0.009962121212121216,17,0.005615673704030333
59,20,0.5,11,-0.005767045454545466,13,0.0049303956128916495
59,20,0.5,12,-0.008579545454545461,16,0.0053617859090751355
59,20,0.5,13,-0.006003787878787866,14,0.005447178777017317
59,20,0.5,14,0.0037310606060605976,3,0.005148638972602567
59,20,0.5,15,-0.0050094696969697015,11,0.005393510696888816
59,20,0.5,16,-0.0023011363636363602,7,0.005437672091125371
59,20,0.5,17,-0.004895833333333329,9,0.0059144160488571
59,20,0.5,18,-0.005482954545454548,12,0.00535109600650067
59,20,0.5,19,-0.0032102272727272635,8,0.005303248355230223
59,20,0.5,20,0.005539772727272729,2,0.004699133768785462
59,20,1.0,1,-0.022348484848484854,20,0.006593738507969393
59,20,1.0,2,0.003844696969696974,6,0.004320191999552054
59,20,1.0,3,0.005303030303030315,4,0.004835854465013938
59,20,1.0,4,-0.013560606060606061,19,0.006287292323873627
59,20,1.0,5,-0.012054924242424235,18,0.005478657233516043
59,20,1.0,6,0.018068181818181806,1,0.005885364175513744
59,20,1.0,7,-2.8409090909092827e-05,9,0.006125444113858158
59,20,1.0,8,-0.003096590909090898,12,0.005365915946173837
59,20,1.0,9,-0.008001893939393939,16,0.004992881450502947
59,20,1.0,10,-0.006657196969696967,14,0.0057325145959219925
59,20,1.0,11,-0.0023011363636363624,11,0.00511144830783425
59,20,1.0,12,0.0032007575757575786,7,0.005200282689811061
59,20,1.0,13,0.0003503787878787984,8,0.005335914260559286
59,20,1.0,14,0.00833333333333333,3,0.005218842702887674
59,20,1.0,15,-0.007035984848484853,15,0.005592210942476081
59,20,1.0,16,0.005009469696969694,5,0.005642180155323902
59,20,1.0,17,-0.00902462121212121,17,0.006048393457034655
59,20,1.0,18,-0.003314393939393942,13,0.0055498968612964755
59,20,1.0,19,-0.0006628787878787846,10,0.005443972220190483
59,20,1.0,20,0.01746212121212121,2,0.004956611994887276
59,20,2.0,1,-0.028125000000000008,20,0.006583196844053609
59,20,2.0,2,0.003380681818181819,10,0.004398146802705882
59,20,2.0,3,0.012481060606060603,5,0.004969153081957566
59,20,2.0,4,-0.016268939393939395,19,0.006162734150674654
59,20,2.0,5,-0.016070075757575752,18,0.005799359557211273
59,20,2.0,6,0.023390151515151517,2,0.005899210793642898
59,20,2.0,7,0.005009469696969698,8,0.0061526989683936785
59,20,2.0,8,-0.0019507575757575619,12,0.005461689411020347
59,20,2.0,9,-0.010842803030303036,15,0.0050090199109239526
59,20,2.0,10,-0.004479166666666661,14,0.005624902034015795
59,20,2.0,11,-0.0006060606060606027,11,0.005131676232256758
59,20,2.0,12,0.02128787878787878,3,0.004578918798140371
59,20,2.0,13,0.010104166666666678,7,0.005242844597325548
59,20,2.0,14,0.014204545454545456,4,0.005133798635489325
59,20,2.0,15,-0.010994318181818183,16,0.0057726001232467706
59,20,2.0,16,0.011827651515151522,6,0.0056525047973533275
59,20,2.0,17,-0.01419507575757575,17,0.006168161031219859
59,20,2.0,18,-0.0021590909090909204,13,0.005822394185151938
59,20,2.0,19,0.004630681818181809,9,0.0055385325437758495
59,20,2.0,20,0.039147727272727285,1,0.004689120472884937
59,20,5.0,1,-0.034015151515151526,20,0.006648775062034209
59,20,5.0,2,0.006486742424242426,10,0.004023147568888535
59,20,5.0,3,0.023314393939393944,5,0.004785276536186576
59,20,5.0,4,-0.012793560606060605,16,0.00526284311111414
59,20,5.0,5,-0.015511363636363646,18,0.006001991952497275
59,20,5.0,6,0.021998106060606055,6,0.005358356800002383
59,20,5.0,7,0.014933712121212106,8,0.005090697268968764
59,20,5.0,8,0.005937499999999988,11,0.004961232987094871
59,20,5.0,9,-0.012149621212121198,15,0.0042383650214756876
59,20,5.0,10,0.004166666666666671,12,0.004421162078870219
59,20,5.0,11,0.0010416666666666662,14,0.0050869904115723305
59,20,5.0,12,0.04124999999999999,2,0.0050911810555963515
59,20,5.0,13,0.031856060606060596,3,0.004243830090388652
59,20,5.0,14,0.02992424242424243,4,0.004719330631728429
59,20,5.0,15,-0.01503787878787879,17,0.005914373973789328
59,20,5.0,16,0.01773674242424242,7,0.004619404277994234
59,20,5.0,17,-0.024034090909090918,19,0.006347392857827362
59,20,5.0,18,0.0013636363636363757,13,0.005351615906855492
59,20,5.0,19,0.014460227272727257,9,0.00480388785764621
59,20,5.0,20,0.06100378787878787,1,0.006093559499388641
59,20,10.0,1,-0.03644886363636362,19,0.005874273624454038
59,20,10.0,2,0.005018939393939392,13,0.0034019153228535743
59,20,10.0,3,0.029829545454545466,5,0.004960286570971643
59,20,10.0,4,-0.012840909090909094,15,0.0037808960259379217
59,20,10.0,5,-0.015464015151515156,16,0.004918120739569902
59,20,10.0,6,0.01578598484848484,9,0.003875271561583985
59,20,10.0,7,0.027405303030303037,6,0.003953115217243093
59,20,10.0,8,0.009185606060606043,10,0.003923049847306765
59,20,10.0,9,-0.016278409090909097,17,0.00292019092347691
59,20,10.0,10,0.008664772727272724,11,0.0030868706616582935
59,20,10.0,11,0.0033333333333333314,14,0.00409643986398295
59,20,10.0,12,0.03859848484848488,4,0.006164141672770304
59,20,10.0,13,0.04435606060606059,2,0.004957650368502053
59,20,10.0,14,0.04050189393939392,3,0.0050074170015349485
59,20,10.0,15,-0.019839015151515156,18,0.00525137816903192
59,20,10.0,16,0.023465909090909096,8,0.00457190418534069
59,20,10.0,17,-0.03773674242424243,20,0.006363669831599401
59,20,10.0,18,0.005615530303030304,12,0.003957976617789373
59,20,10.0,19,0.023929924242424266,7,0.0039892463840045505
59,20,10.0,20,0.04662878787878789,1,0.006821641588529169
59,20,No DP,1,-0.0039867424242424196,17,0.0014637526593447255
59,20,No DP,2,0.005293560606060613,14,0.001779249718627876
59,20,No DP,3,0.032490530303030306,5,0.004458421331454354
59,20,No DP,4,-0.0021401515151515094,15,0.0025348247397409835
59,20,No DP,5,0.00560606060606061,13,0.0018693805445371067
59,20,No DP,6,0.01234848484848484,10,0.0036883933603681822
59,20,No DP,7,0.019507575757575765,7,0.004691754650076084
59,20,No DP,8,0.040179924242424246,3,0.004855032551290794
59,20,No DP,9,-0.002670454545454547,16,0.002260398219129761
59,20,No DP,10,0.01744318181818181,8,0.005577887529091105
59,20,No DP,11,0.007793560606060604,12,0.0028478090135047665
59,20,No DP,12,0.05555871212121211,1,0.006658470542322924
59,20,No DP,13,0.03829545454545455,4,0.006515954187693839
59,20,No DP,14,0.040227272727272737,2,0.0059380735912589215
59,20,No DP,15,-0.029053030303030313,20,0.0028840126530603047
59,20,No DP,16,0.008352272727272726,11,0.00474990749209131
59,20,No DP,17,-0.02131628787878789,19,0.003100526730286756
59,20,No DP,18,-0.007765151515151511,18,0.0026575620982856184
59,20,No DP,19,0.01401515151515152,9,0.004436510077894339
59,20,No DP,20,0.024554924242424253,6,0.005091954860093882
60,20,0.5,1,-0.015700757575757576,20,0.007322827700202941
60,20,0.5,2,0.006060606060606067,5,0.007866759466231369
60,20,0.5,3,-0.00535037878787878,17,0.007006249554584022
60,20,0.5,4,-0.007869318181818174,18,0.008022825355922452
60,20,0.5,5,0.009119318181818188,3,0.007438983787507926
60,20,0.5,6,-0.00011363636363636243,8,0.006951303029543448
60,20,0.5,7,-0.0012878787878787834,10,0.00784776270516534
60,20,0.5,8,-0.0024905303030303104,12,0.007014337633898223
60,20,0.5,9,-0.004062499999999999,16,0.00752762044420776
60,20,0.5,10,0.01369318181818182,1,0.00590118540478001
60,20,0.5,11,0.0012121212121212182,7,0.008122086607712159
60,20,0.5,12,-0.0007007575757575784,9,0.006246765404956696
60,20,0.5,13,-0.0015435606060606177,11,0.007324131474265745
60,20,0.5,14,0.010160984848484848,2,0.006786659758786441
60,20,0.5,15,-0.002821969696969705,13,0.00787148850573471
60,20,0.5,16,-0.0035984848484848474,15,0.006703341571420963
60,20,0.5,17,-0.00958333333333333,19,0.007673905882716182
60,20,0.5,18,-0.003465909090909085,14,0.007450830993229507
60,20,0.5,19,0.007054924242424246,4,0.006312522658475185
60,20,0.5,20,0.0018181818181818065,6,0.005820354633932394
60,20,1.0,1,-0.01927083333333333,20,0.007158657181325962
60,20,1.0,2,0.011373106060606064,4,0.007368355269033626
60,20,1.0,3,-0.009242424242424226,19,0.006938646971673991
60,20,1.0,4,-0.00804924242424242,16,0.007739512133583493
60,20,1.0,5,0.020615530303030302,1,0.007125641541828577
60,20,1.0,6,0.007471590909090906,8,0.006853403540354896
60,20,1.0,7,0.0002462121212121293,10,0.007482674116371645
60,20,1.0,8,0.00828598484848486,6,0.006300763413902184
60,20,1.0,9,-0.003503787878787884,13,0.0072483648828213605
60,20,1.0,10,0.012850378787878793,2,0.0056317117486284355
60,20,1.0,11,-0.0019981060606060626,11,0.008022481081419465
60,20,1.0,12,-0.0024053030303030237,12,0.005880238357358314
60,20,1.0,13,0.0049715909090909,9,0.0068793209848612615
60,20,1.0,14,0.012831439393939399,3,0.00686607723788014
60,20,1.0,15,-0.008475378787878787,17,0.007682176030436608
60,20,1.0,16,-0.004554924242424248,14,0.006492300137931106
60,20,1.0,17,-0.006392045454545445,15,0.007478883157893854
60,20,1.0,18,-0.009232954545454542,18,0.00711104729433735
60,20,1.0,19,0.01097537878787878,5,0.006199623292133119
60,20,1.0,20,0.008124999999999993,7,0.005395254284638833
60,20,2.0,1,-0.02401515151515151,20,0.006587091806441066
60,20,2.0,2,0.02233901515151515,3,0.005985299402245103
60,20,2.0,3,-0.012736742424242425,18,0.0066218764700122865
60,20,2.0,4,-0.009242424242424248,16,0.006958624583568315
60,20,2.0,5,0.03707386363636366,1,0.006049815426434752
60,20,2.0,6,0.01669507575757575,6,0.00653562310483093
60,20,2.0,7,0.0021780303030303006,10,0.0065731226064973045
60,20,2.0,8,0.023835227272727265,2,0.0048492811069348035
60,20,2.0,9,-0.0031818181818181897,12,0.006245974369292186
60,20,2.0,10,0.013049242424242428,8,0.004881379960886433
60,20,2.0,11,-0.006155303030303032,14,0.0075717378066421735
60,20,2.0,12,-0.007528409090909104,15,0.004803337516911125
60,20,2.0,13,0.009251893939393931,9,0.005841319537493816
60,20,2.0,14,0.016155303030303027,7,0.006562613690037987
60,20,2.0,15,-0.010151515151515156,17,0.007368045954137184
60,20,2.0,16,-0.004820075757575759,13,0.005649261126767739
60,20,2.0,17,-0.0008333333333333204,11,0.0068275829547265925
60,20,2.0,18,-0.016780303030303024,19,0.0065691729487072845
60,20,2.0,19,0.019763257575757587,5,0.005443777101392813
60,20,2.0,20,0.021278409090909087,4,0.004426745652329724
60,20,5.0,1,-0.031107954545454522,20,0.005393994173597176
60,20,5.0,2,0.035,3,0.00541853578156219
60,20,5.0,3,-0.015094696969696958,18,0.0060835535617142465
60,20,5.0,4,-0.0115435606060606,15,0.0047401049420843
60,20,5.0,5,0.05638257575757577,1,0.0064187701710291855
60,20,5.0,6,0.03117424242424244,6,0.00587395585938612
60,20,5.0,7,0.0030587121212121114,11,0.004505503387088164
60,20,5.0,8,0.04683712121212122,2,0.005746560123598485
60,20,5.0,9,-0.0007196969696969663,12,0.00425266620846551
60,20,5.0,10,0.012462121212121235,9,0.003625588716008645
60,20,5.0,11,-0.011316287878787872,14,0.006637823590080411
60,20,5.0,12,-0.012395833333333337,16,0.0027350575118956742
60,20,5.0,13,0.01384469696969698,8,0.0041549374338491684
60,20,5.0,14,0.024488636363636365,7,0.006187604928106423
60,20,5.0,15,-0.012556818181818174,17,0.006906774234888989
60,20,5.0,16,-0.0074053030303030285,13,0.004139749921607912
60,20,5.0,17,0.01086174242424244,10,0.004772228490501398
60,20,5.0,18,-0.027253787878787877,19,0.005440216540630821
60,20,5.0,19,0.031231060606060623,5,0.005580391748548082
60,20,5.0,20,0.03356060606060606,4,0.005424959878275589
60,20,10.0,1,-0.03332386363636364,19,0.005361683468281033
60,20,10.0,2,0.03488636363636364,6,0.005631910228456752
60,20,10.0,3,-0.013759469696969706,17,0.004958441394492303
60,20,10.0,4,-0.008446969696969698,14,0.00322722715681299
60,20,10.0,5,0.0578787878787879,1,0.0071126096493393425
60,20,10.0,6,0.037253787878787886,3,0.006713851132757434
60,20,10.0,7,0.0017140151515151513,11,0.0030282810192848336
60,20,10.0,8,0.04943181818181821,2,0.007058806385610223
60,20,10.0,9,0.0011363636363636398,12,0.0031269220443646355
60,20,10.0,10,0.013304924242424248,10,0.0035198591034399846
60,20,10.0,11,-0.013958333333333335,18,0.005831405562510738
60,20,10.0,12,-0.012859848484848477,16,0.002121515637105899
60,20,10.0,13,0.01673295454545454,9,0.004395307694964447
60,20,10.0,14,0.031695075757575755,7,0.006501434299419406
60,20,10.0,15,-0.011316287878787861,15,0.005955022158201573
60,20,10.0,16,-0.005852272727272738,13,0.002898821960983189
60,20,10.0,17,0.022395833333333327,8,0.0046554011743174285
60,20,10.0,18,-0.03445075757575757,20,0.0050685933581837515
60,20,10.0,19,0.03547348484848485,5,0.0066515359136315715
60,20,10.0,20,0.03660984848484848,4,0.00671558728441599
60,20,No DP,1,-0.03287878787878788,19,0.004400609651029573
60,20,No DP,2,0.014242424242424232,11,0.004623247657757335
60,20,No DP,3,-0.022935606060606063,17,0.003355149317927935
60,20,No DP,4,-0.0025284090909090885,15,0.001911990445916971
60,20,No DP,5,0.06271780303030303,1,0.007722964380768466
60,20,No DP,6,0.04610795454545454,3,0.006481475895143587
60,20,No DP,7,0.015416666666666651,10,0.003617698902788852
60,20,No DP,8,0.05475378787878788,2,0.007562836756080858
60,20,No DP,9,0.003465909090909094,13,0.0030327647434659826
60,20,No DP,10,0.024441287878787875,8,0.004849588811788362
60,20,No DP,11,-0.008342803030303018,16,0.0027259142436805257
60,20,No DP,12,-0.031657196969696974,18,0.0027204003466559587
60,20,No DP,13,0.022736742424242416,9,0.0050206989304222
60,20,No DP,14,0.037954545454545456,5,0.006329409443073787
60,20,No DP,15,-0.001250000000000004,14,0.0027103152845544777
60,20,No DP,16,0.005804924242424249,12,0.0023962508245061248
60,20,No DP,17,0.026941287878787894,7,0.004009572466690819
60,20,No DP,18,-0.05602272727272727,20,0.006885527564507879
60,20,No DP,19,0.03453598484848487,6,0.006160144584825692
60,20,No DP,20,0.046079545454545456,4,0.006647811177490005
61,20,0.5,1,-0.004820075757575752,16,0.004404846519214916
61,20,0.5,2,0.008077651515151519,1,0.004621046301514571
61,20,0.5,3,0.002850378787878788,9,0.0048322648129892004
61,20,0.5,4,0.007689393939393961,2,0.003900165256323115
61,20,0.5,5,0.005359848484848478,5,0.004637372003015568
61,20,0.5,6,-0.00214015151515152,15,0.003993644604613865
61,20,0.5,7,-0.0006912878787878879,12,0.004382083317944371
61,20,0.5,8,0.0037499999999999934,8,0.004786871777491162
61,20,0.5,9,-0.00097537878787879,13,0.004681028494957466
61,20,0.5,10,-0.009744318181818184,19,0.00411142562864716
61,20,0.5,11,0.005625000000000006,4,0.005229842294987563
61,20,0.5,12,0.005189393939393958,6,0.00431233156336531
61,20,0.5,13,-7.575757575756792e-05,11,0.004344985096519978
61,20,0.5,14,-0.008134469696969703,18,0.004389060914259385
61,20,0.5,15,-0.0013257575757575774,14,0.00410714196596104
61,20,0.5,16,0.0019886363636363574,10,0.0048957234323284025
61,20,0.5,17,-0.007054924242424235,17,0.004589050227951591
61,20,0.5,18,0.007462121212121218,3,0.004496745807084869
61,20,0.5,19,0.004507575757575747,7,0.00451953865187626
61,20,0.5,20,-0.01375000000000002,20,0.004268585631062744
61,20,1.0,1,-0.004876893939393933,16,0.004116724083057012
61,20,1.0,2,0.013589015151515147,1,0.004569428079379734
61,20,1.0,3,0.006107954545454545,7,0.0049337643769407375
61,20,1.0,4,0.0058617424242424325,8,0.00366653887733584
61,20,1.0,5,0.008077651515151519,5,0.004721391008026895
61,20,1.0,6,-0.0019318181818181778,14,0.003848215474645634
61,20,1.0,7,0.0016003787878787902,11,0.004273377320494024
61,20,1.0,8,-0.0028977272727272758,15,0.004623672423193196
61,20,1.0,9,-0.0010795454545454452,13,0.0044678512014565
61,20,1.0,10,-0.011496212121212128,19,0.0038591082162524903
61,20,1.0,11,0.012793560606060597,2,0.005310119297900147
61,20,1.0,12,0.009791666666666678,4,0.004276262255318612
61,20,1.0,13,0.004791666666666683,10,0.004198415969629549
61,20,1.0,14,-0.009109848484848488,18,0.004274889728546281
61,20,1.0,15,0.0007670454545454652,12,0.004031549184162681
61,20,1.0,16,0.0064015151515151416,6,0.004759709730589398
61,20,1.0,17,-0.005984848484848475,17,0.004300220153140175
61,20,1.0,18,0.010274621212121225,3,0.004403956364655347
61,20,1.0,19,0.005492424242424256,9,0.004412086188412022
61,20,1.0,20,-0.021657196969696955,20,0.003948708189477299
61,20,2.0,1,-0.00030303030303031387,15,0.003886843552387285
61,20,2.0,2,0.01714015151515152,2,0.004427435267975358
61,20,2.0,3,0.014147727272727267,4,0.004870938552688582
61,20,2.0,4,0.004214015151515146,12,0.003285572058388141
61,20,2.0,5,0.010994318181818185,7,0.004502019728836326
61,20,2.0,6,0.005028409090909072,11,0.0036244996399158
61,20,2.0,7,0.007130681818181841,10,0.004002724636459982
61,20,2.0,8,-0.00857007575757574,17,0.00403689916392227
61,20,2.0,9,0.0007859848484848442,14,0.004162705912773802
61,20,2.0,10,-0.012339015151515169,19,0.0034088135145981745
61,20,2.0,11,0.021638257575757578,1,0.005494878876130883
61,20,2.0,12,0.017083333333333343,3,0.004402338172153729
61,20,2.0,13,0.010842803030303029,8,0.0041014038145983315
61,20,2.0,14,-0.009488636363636371,18,0.0038845380296281297
61,20,2.0,15,0.003712121212121208,13,0.0037082704594292313
61,20,2.0,16,0.00989583333333334,9,0.004468018893233505
61,20,2.0,17,-0.001969696969696969,16,0.0042694090717936665
61,20,2.0,18,0.013304924242424248,5,0.004164801902794441
61,20,2.0,19,0.011240530303030296,6,0.004250378412331572
61,20,2.0,20,-0.028314393939393927,20,0.0036784745034953046
61,20,5.0,1,0.005018939393939394,12,0.003681106424375117
61,20,5.0,2,0.015937500000000007,5,0.004582199470785963
61,20,5.0,3,0.01910984848484847,2,0.005294845889393215
61,20,5.0,4,-0.004157196969696968,15,0.0029574849099136312
61,20,5.0,5,0.010066287878787892,11,0.00448039085311569
61,20,5.0,6,0.013314393939393945,8,0.003685958845895646
61,20,5.0,7,0.014905303030303019,7,0.003960702766984946
61,20,5.0,8,-0.018617424242424227,19,0.0029711080299863564
61,20,5.0,9,0.0005776515151515061,14,0.00366441533278066
61,20,5.0,10,-0.012339015151515151,18,0.0029047577307686973
61,20,5.0,11,0.03317234848484849,1,0.006191204377455398
61,20,5.0,12,0.016060606060606077,4,0.004757350319161778
61,20,5.0,13,0.015284090909090902,6,0.004371658093288964
61,20,5.0,14,-0.009507575757575768,17,0.0030957052064814203
61,20,5.0,15,-0.004706439393939399,16,0.0031792934777430323
61,20,5.0,16,0.012812500000000003,9,0.0046750092801710556
61,20,5.0,17,0.004100378787878781,13,0.004635086424612261
61,20,5.0,18,0.011268939393939394,10,0.004161745975269535
61,20,5.0,19,0.01767992424242423,3,0.004766015885345335
61,20,5.0,20,-0.038655303030303026,20,0.0036484121143522735
61,20,10.0,1,0.011553030303030318,11,0.0036387549350077354
61,20,10.0,2,0.014876893939393936,8,0.004547373628185128
61,20,10.0,3,0.02415719696969698,2,0.005363870676673392
61,20,10.0,4,-0.00569128787878787,15,0.002522301207025054
61,20,10.0,5,0.0083901515151515,13,0.004313777408924408
61,20,10.0,6,0.018077651515151515,5,0.004256880954542367
61,20,10.0,7,0.023172348484848476,3,0.004171322618178657
61,20,10.0,8,-0.028551136363636362,19,0.002775037298153118
61,20,10.0,9,0.0019223484848484794,14,0.0031519571630135535
61,20,10.0,10,-0.011467803030303014,17,0.0025103412937486466
61,20,10.0,11,0.038731060606060616,1,0.00637701656333757
61,20,10.0,12,0.01211174242424244,9,0.004068362897858964
61,20,10.0,13,0.01575757575757577,7,0.004089648901019355
61,20,10.0,14,-0.011903409090909072,18,0.0024094472991937023
61,20,10.0,15,-0.005804924242424242,16,0.0028897523144117117
61,20,10.0,16,0.016732954545454547,6,0.004560169029668056
61,20,10.0,17,0.01085227272727273,12,0.004824035404016136
61,20,10.0,18,0.012035984848484848,10,0.0036071042852020194
61,20,10.0,19,0.02255681818181819,4,0.004822305550802275
61,20,10.0,20,-0.03966856060606061,20,0.003666397019848104
61,20,No DP,1,0.015217803030303022,11,0.002639626180018008
61,20,No DP,2,0.02050189393939393,9,0.005796125663632584
61,20,No DP,3,0.037935606060606065,2,0.0048987689750899606
61,20,No DP,4,-0.012982954545454546,18,0.0018866476583520777
61,20,No DP,5,0.015909090909090914,10,0.004000787270436583
61,20,No DP,6,0.02666666666666667,5,0.004623903215447082
61,20,No DP,7,0.029867424242424247,3,0.00471043745190317
61,20,No DP,8,-0.032840909090909094,19,0.003151485558573181
61,20,No DP,9,0.009488636363636359,13,0.0019480886052046457
61,20,No DP,10,-0.011553030303030303,17,0.0014285124979646264
61,20,No DP,11,0.04811553030303032,1,0.006104109592597908
61,20,No DP,12,0.0209185606060606,8,0.003818674412631363
61,20,No DP,13,0.026950757575757583,4,0.004209009625035984
61,20,No DP,14,-0.006373106060606062,16,0.004400421660934296
61,20,No DP,15,0.0007859848484848553,15,0.0028077629158353816
61,20,No DP,16,0.024545454545454537,7,0.0028716356028148046
61,20,No DP,17,0.010445075757575757,12,0.00330907189051138
61,20,No DP,18,0.008617424242424234,14,0.0028659095665216393
61,20,No DP,19,0.02587121212121213,6,0.004329337497325471
61,20,No DP,20,-0.04312500000000001,20,0.003490104834392586
