{
  "baseline_auc": 0.8052287581699347,
  "max_contribution": 0.016339869281045805,
  "mean_contribution": 0.0021568627450980317,
  "size_contribution_correlation": -0.4015743132074959
}