algorithm,mu,partition_type,alpha,final_auc,convergence_std,avg_weight_drift
FedAvg,0.0,imbalanced,,0.7964052287581699,0.0023036318364152773,0.0
FedProx,0.01,imbalanced,,0.7964052287581699,0.002329219566170617,0.04284754489059766
FedProx,0.1,imbalanced,,0.7960784313725491,0.0023017766866588723,0.04259236751392979
FedProx,0.5,imbalanced,,0.7934640522875817,0.0021588424267861154,0.04146483159426994
